timestamp,ch1,ch2,ch3,ch4,ch5,ch6,ch7,ch8
1786312001,-2.26,-2.25,-2.04,-1.16,-4.19,0.92,-6.17,-11.43
1786312001,-2.73,-3.59,-7.48,-0.03,-4.62,0.67,-5.83,-12.64
1786312001,-2.91,-4.85,-12.39,0.81,-4.48,1.1,-3.25,-13.64
1786312001,-2.27,-5.35,-12.63,0.93,-3.72,1.95,-0.33,-13.85
1786312001,-1.52,-4.47,-6.97,0.57,-3.02,2.52,1.03,-12.97
1786312001,-1.66,-2.36,1.09,0.27,-2.96,2.43,0.72,-11.36
1786312001,-2.72,-0.07,6.44,0.18,-3.39,1.86,-0.16,-9.68
1786312001,-3.8,1.27,7.12,0.15,-3.62,1.2,-0.93,-8.42
1786312001,-4.16,1.27,5.27,0.18,-3.26,0.66,-1.58,-7.63
1786312001,-3.88,0.47,3.76,0.49,-2.63,0.15,-2.1,-7.07
1786312001,-3.47,-0.38,2.97,1.12,-2.51,-0.61,-2.59,-6.46
1786312001,-3.21,-1.06,1.21,1.54,-3.26,-1.55,-3.45,-5.54
1786312001,-2.98,-1.88,-2.55,1.1,-4.29,-1.96,-4.38,-4.36
1786312001,-2.52,-2.9,-7.21,-0.13,-4.28,-1.27,-3.97,-3.37
1786312001,-1.81,-3.76,-10.39,-1.23,-2.49,-0.07,-1.59,-2.87
1786312001,-1.09,-4.03,-10.48,-1.32,-0.02,0.41,1.04,-2.82
1786312001,-0.81,-3.59,-7.79,-0.41,0.86,-0.3,1.33,-3.06
1786312001,-1.2,-2.84,-4.08,0.59,-1.03,-1.7,-1.37,-3.7
1786312001,-2.15,-2.41,-1.5,0.89,-4.31,-3.18,-5.01,-4.95
1786312001,-3.3,-2.44,-1.43,0.63,-6.47,-4.32,-6.83,-6.73
1786312001,-4.3,-2.35,-3.46,0.48,-6.18,-4.65,-5.84,-8.51
1786312001,-4.72,-1.63,-5.27,0.76,-4.02,-3.78,-3.35,-9.51
1786312001,-4.12,-0.53,-4.61,1.18,-1.5,-1.93,-1.28,-9.19
1786312001,-2.7,0.22,-1.75,1.39,0.2,0,-0.19,-7.81
1786312001,-1.73,0.26,0.84,1.47,0.74,1.01,0.72,-6.35
1786312001,-2.47,0.04,1.04,1.69,0.21,0.83,1.77,-5.73
1786312001,-4.66,0.26,-0.76,2.05,-1.19,0.07,1.82,-5.9
1786312001,-6.55,1.01,-2.31,2.17,-3.04,-0.34,0.04,-5.87
1786312001,-6.7,1.69,-1.91,1.74,-4.67,0.1,-2.32,-4.8
1786312001,-5.37,1.8,-0.26,0.92,-5.36,0.96,-2.92,-2.79
1786312001,-3.89,1.51,0.44,0.23,-4.63,1.33,-0.92,-0.73
1786312001,-3.19,1.39,-0.87,-0.21,-2.72,0.93,2.23,0.41
1786312001,-3.19,1.64,-2.65,-0.76,-0.85,0.56,4.44,0.03
1786312001,-3.4,1.9,-2.5,-1.68,-0.2,1.04,4.88,-1.61
1786312001,-3.6,1.71,-0.15,-2.48,-0.96,1.98,4.02,-3.44
1786312001,-3.96,1.25,2.12,-2.39,-2.76,1.99,2.54,-4.49
1786312001,-4.65,1.23,2.59,-1.41,-5.23,0.45,0.78,-4.71
1786312001,-5.19,1.83,2.28,-0.56,-7.3,-1.37,-0.97,-4.86
1786312001,-4.78,2.32,3.11,-0.73,-7.23,-1.35,-2.22,-5.54
1786312001,-3.18,1.92,4.87,-1.66,-4.24,1.17,-2.51,-6.5
1786312002,-1.05,0.93,5.38,-2.3,0.13,4.55,-1.96,-6.96
1786312002,0.81,0.35,3.75,-2.09,3.18,6.57,-1.16,-6.48
1786312002,2.32,0.7,1.81,-1.33,3.5,6.56,-0.39,-5.43
1786312002,3.69,1.57,1.41,-0.45,1.99,5.49,0.51,-4.71
1786312002,4.65,2.39,1.87,0.58,0.39,4.36,1.39,-4.96
1786312002,4.54,3.15,1.68,1.98,-0.59,3.21,1.7,-5.91
1786312002,3.23,4.13,1.22,3.59,-1.32,1.93,1.26,-6.67
1786312002,1.61,5.08,2.32,4.79,-2.08,1.13,0.52,-6.41
1786312002,0.82,5.29,5.4,5.05,-2.37,1.73,-0.13,-4.99
1786312002,1.18,4.5,8.39,4.42,-1.4,3.73,-0.54,-3.03
1786312002,1.98,3.32,8.79,3.39,1.03,5.95,-0.3,-1.59
1786312002,2.46,2.66,6.61,2.32,4.22,7.39,1.03,-1.3
1786312002,2.88,2.72,4.43,1.44,6.92,8.14,3.22,-1.78
1786312002,3.94,3.02,4.22,0.99,8.04,8.76,5.6,-1.87
1786312002,5.58,3.22,4.82,1.2,7.26,9.15,7.54,-0.91
1786312002,6.88,3.46,3.73,1.85,5.38,8.78,8.46,0.56
1786312002,7.26,3.81,0.97,2.29,3.74,7.48,8.32,1.5
1786312002,7.14,3.75,-0.61,1.9,3.39,5.77,7.65,1.52
1786312002,7.1,2.82,1.06,0.91,4.27,4.4,6.88,1.05
1786312002,6.96,1.34,4.39,0.26,5.25,3.74,5.89,0.63
1786312002,6.13,0.3,5.87,0.59,5.37,3.5,4.41,0.35
1786312002,4.69,0.33,4.2,1.59,4.67,2.97,2.33,0.06
1786312002,3.43,1.14,1.67,2.35,3.71,1.98,0.05,-0.23
1786312002,2.86,1.92,1.25,2.3,2.74,1.36,-1.34,-0.3
1786312002,2.75,2.11,3.08,1.67,1.62,2.04,-0.78,0.06
1786312002,2.59,1.81,4.68,1.06,0.52,3.72,1.22,0.84
1786312002,2.31,1.56,4.24,0.72,-0.05,4.76,2.21,1.7
1786312002,2.14,1.76,2.75,0.48,0.21,4.01,0.22,2.19
1786312002,2.03,2.26,2.17,0.23,1.13,2.15,-3.24,1.91
1786312002,1.6,2.63,2.54,0.14,2.41,0.78,-4.09,0.78
1786312002,0.74,2.68,2.3,0.36,3.84,0.41,-0.41,-0.65
1786312002,0,2.52,0.98,0.71,4.86,0.18,4.98,-1.42
1786312002,0.02,2.19,0.01,0.86,4.66,-0.53,7.44,-1.03
1786312002,0.61,1.49,0.55,0.64,3.12,-1.25,5.08,0.07
1786312002,0.92,0.41,1.6,0.19,1.18,-1.47,-0.04,0.95
1786312002,0.58,-0.63,1.06,-0.29,0.12,-1.62,-4.22,1.23
1786312002,0.37,-1.2,-1.35,-0.74,0.6,-2.39,-5.05,1.26
1786312002,1.27,-1.32,-3.49,-1.17,2.01,-3.64,-2.8,1.55
1786312002,3.16,-1.28,-3.36,-1.41,3.03,-4.64,0.19,2.26
1786312002,4.98,-1.13,-1.66,-1.09,2.89,-4.81,1.63,3.2
1786312002,5.83,-0.61,-1.19,-0.12,1.87,-4.15,0.95,4.07
1786312002,5.74,0.36,-3.39,1.02,0.9,-3.09,-0.62,4.61
1786312002,5.37,1.49,-6.34,1.67,0.7,-2.16,-1.37,4.68
1786312002,5.21,2.46,-6.78,1.56,1.36,-1.55,-0.39,4.38
1786312002,5.06,3.31,-3.36,1.12,2.4,-0.96,1.75,3.98
1786312002,4.38,4.3,2.43,1.02,3.09,-0.27,3.39,3.69
1786312002,3.06,5.34,7.59,1.46,3.01,0.2,3.34,3.6
1786312002,1.73,5.8,9.8,1.9,2.48,0.24,2.33,3.63
1786312002,1.06,5.06,8.92,1.7,2.24,0.4,2.26,3.64
1786312002,1.25,3.06,6.88,0.92,2.8,1.19,3.8,3.72
1786312002,1.95,0.41,5.59,0.16,3.97,2.11,5.5,4.19
1786312002,2.7,-1.98,5.14,-0.15,4.95,2.15,5.69,5.27
1786312002,3.21,-3.36,4.38,-0.22,5.02,1.09,4.54,6.7
1786312002,3.54,-3.37,2.85,-0.33,4.08,-0.3,3.39,8.09
1786312002,3.64,-2.11,1.17,-0.36,2.56,-1.06,2.95,9.1
1786312002,3.27,-0.24,-0.35,-0.09,1.13,-0.77,3.06,9.49
1786312002,2.27,1.2,-1.89,0.34,0.26,0.19,3.33,9.12
1786312002,0.95,1.5,-2.99,0.55,0.06,0.94,3.47,8.14
1786312002,-0.21,0.91,-2.79,0.36,0.6,1.05,3.64,6.98
1786312002,-0.7,0.45,-1.54,-0.03,1.95,0.77,4.28,6.23
1786312002,-0.24,0.91,-0.48,-0.26,3.8,0.48,5.01,6.25
1786312002,0.95,2.01,0.18,-0.27,5.31,0.14,4.27,6.83
1786312002,2.18,2.66,1.59,-0.28,5.67,-0.26,1.57,7.24
1786312002,2.79,2.19,4.01,-0.39,4.84,-0.34,-0.79,6.99
1786312002,2.54,1.08,5.38,-0.38,3.46,0.1,-0.02,6.32
1786312002,1.61,0.31,3.16,-0.06,2.09,0.48,3.38,5.75
1786312002,0.45,0.28,-2.47,0.36,0.62,0.1,5.79,5.37
1786312002,-0.4,0.68,-7.87,0.44,-1.27,-0.68,4.92,5.05
1786312002,-0.6,0.94,-8.95,0.11,-3.24,-0.83,2.33,4.98
1786312002,-0.21,0.75,-5.13,-0.3,-4.08,-0.19,1.08,5.58
1786312002,0.53,0.24,0.04,-0.5,-2.64,0.18,1.8,6.81
1786312002,1.41,-0.23,2.53,-0.52,0.76,-0.71,2.41,8.05
1786312002,2.23,-0.48,1.34,-0.55,4.01,-2.67,0.83,8.78
1786312002,2.6,-0.63,-1.55,-0.55,4.91,-4.78,-2.68,9.06
1786312002,2.2,-0.6,-3.78,-0.37,3.44,-6.09,-5.69,9.09
1786312002,1.22,0.04,-4.29,-0.03,1.91,-5.66,-5.67,8.78
1786312002,0.37,1.51,-3.17,0.12,2.34,-2.86,-2.32,7.89
1786312002,0.31,3.43,-1.08,-0.1,4.39,1.58,1.99,6.52
1786312002,1.02,5,1.36,-0.22,5.97,5.37,4.47,5.1
1786312002,1.8,5.49,3.59,0.4,5.53,6.37,4.2,3.95
1786312002,1.94,4.78,5.16,1.66,3.2,4.54,2.24,3.27
1786312002,1.55,3.38,5.91,2.57,0.26,1.93,0.19,3.26
1786312002,1.41,2.06,6.02,2.35,-1.68,0.72,-0.96,4.15
1786312002,2.04,1.36,5.67,1.3,-1.03,1.57,-0.84,5.82
1786312002,3.29,1.42,4.79,0.45,2.94,3.69,0.68,7.59
1786312002,4.97,1.97,3.41,0.54,8.64,5.82,3.43,8.54
1786312002,7.08,2.29,1.94,1.28,12.56,7.05,6.64,8.2
1786312002,9.34,1.81,0.83,1.84,12.18,6.95,9.06,7.11
1786312002,10.79,0.81,0.01,1.85,8.13,5.61,9.71,6.27
1786312002,10.27,0.33,-0.84,1.76,3.25,3.5,8.46,6.04
1786312002,7.51,1.08,-1.39,1.96,0.08,1.46,5.99,5.86
1786312002,3.93,2.49,-0.86,2.1,-0.43,0.38,3.59,5.22
1786312002,1.92,3.2,0.65,1.58,1.27,0.72,2.48,4.62
1786312002,2.63,2.51,1.71,0.47,3.75,1.91,2.78,5.02
1786312002,4.7,1.18,1.13,-0.49,5.25,2.77,3.4,6.44
1786312002,5.53,0.56,-0.39,-0.8,4.69,2.53,3.39,7.67
1786312002,3.86,1.03,-0.9,-0.66,2.32,1.4,2.88,7.47
1786312002,0.8,1.68,0.82,-0.6,-0.53,0.29,2.35,5.94
1786312002,-1.46,1.59,3.92,-0.8,-2.28,-0.2,1.64,4.51
1786312002,-1.8,0.77,5.92,-0.95,-2.08,-0.06,0.54,4.21
1786312002,-0.86,-0.11,4.88,-0.81,-0.49,0.4,-0.54,4.55
1786312002,0.2,-0.61,1.23,-0.69,1.16,0.87,-1.24,4.32
1786312002,1.1,-0.89,-2.57,-1.08,2.25,0.92,-1.91,3.19
1786312002,2.27,-1.3,-4.56,-1.96,3.17,0.39,-2.55,2
1786312002,3.65,-1.86,-5.16,-2.58,4.28,-0.28,-1.8,1.67
1786312002,4.48,-2.33,-5.96,-2.11,5.11,-0.38,1.37,2.01
1786312002,4.22,-2.57,-7.09,-0.58,4.95,0.22,5.22,2.11
1786312002,3.41,-2.63,-6.74,1.06,3.84,0.83,6.37,1.64
1786312002,3.01,-2.63,-3.64,1.78,2.56,0.78,3.61,1.5
1786312002,3.33,-2.59,0.73,1.3,1.69,-0.07,-0.71,2.79
1786312002,3.71,-2.57,3.32,0.18,0.98,-1.64,-3.69,5.41
1786312002,3.24,-2.65,2.43,-0.82,-0.09,-3.65,-4.77,7.83
1786312002,1.62,-2.69,-0.75,-1.18,-1.72,-5.43,-5.36,8.41
1786312002,-0.55,-2.37,-3.43,-0.72,-3.63,-6.39,-6.42,6.98
1786312002,-2.2,-1.76,-3.91,0.4,-5.06,-6.5,-7.45,4.82
1786312002,-2.55,-1.24,-2.69,1.62,-5.04,-6.08,-7.4,3.15
1786312002,-1.6,-0.85,-1.43,2.25,-3.19,-5.1,-6.08,2.11
1786312002,0.07,-0.03,-0.7,2.27,-0.06,-3.25,-4.26,1.26
1786312002,1.89,1.81,0.54,2.31,3.22,-0.44,-2.34,0.7
1786312002,3.55,4.53,3.03,2.73,5.4,2.78,0.13,1.1
1786312002,5.01,7.18,5.32,3.4,5.73,5.46,3.09,2.81
1786312002,6.35,8.46,5.34,4.41,4.38,6.99,5.18,5.19
1786312002,7.45,7.62,3.3,6.13,2.47,7.41,5.16,7.05
1786312002,7.96,5.12,1.64,8.33,1.27,7,3.6,7.72
1786312002,7.55,2.41,1.88,10.03,1.4,5.82,2.19,7.57
1786312002,6.31,0.86,2.97,10.33,2.36,3.86,1.82,7.27
1786312002,4.65,0.71,3.33,9.13,3,1.32,1.93,6.98
1786312002,3.13,1.08,2.71,7.12,2.59,-1.28,1.61,6.51
1786312002,2.1,0.87,1.48,5.33,1.47,-3.37,0.78,5.75
1786312002,1.48,-0.21,-0.36,4.27,0.39,-4.68,0.04,4.85
1786312002,0.96,-1.55,-2.55,3.55,-0.39,-5.22,-0.32,4.27
1786312002,0.52,-2.43,-4.02,2.61,-1.05,-5.1,-0.56,4.71
1786312002,0.43,-2.9,-3.97,1.48,-1.74,-4.65,-0.9,6.5
1786312002,0.71,-3.65,-3.14,0.72,-2.24,-4.59,-1.27,9.02
1786312002,1.02,-5.02,-3.18,0.42,-2.1,-5.31,-1.26,11.12
1786312002,1.27,-6.42,-4.65,0.03,-0.95,-6.03,-0.45,11.93
1786312002,2.03,-6.99,-6.41,-1.07,1.12,-5.53,1.08,11.53
1786312002,3.69,-6.53,-7.17,-2.73,3.44,-3.79,2.62,10.53
1786312002,5.66,-5.51,-6.8,-4.05,5.29,-2.1,3.41,9.51
1786312002,6.87,-4.29,-6.07,-4.25,6.58,-1.35,3.76,8.82
1786312002,6.92,-2.83,-5.76,-3.53,7.76,-0.89,5.13,8.48
1786312002,6.34,-1.04,-5.94,-2.94,9.14,1.07,8.65,8.2
1786312002,5.79,1.07,-6.05,-3.16,10.35,5.79,13.8,7.6
1786312002,5.88,3.57,-5.45,-3.5,10.72,12.63,18.57,6.69
1786312002,7.42,6.7,-3.64,-2.45,10.42,19.15,21.15,6.25
1786312002,10.76,10.78,-0.31,0.5,10.98,23.05,21.8,7.53
1786312002,14.77,15.77,4.12,4.12,13.96,23.9,22.79,10.84
1786312002,17.51,20.92,8.41,6.73,19.04,23.12,25.93,14.58
1786312002,18.04,25.13,11.64,8.03,23.92,22.29,30.46,16.29
1786312002,16.99,27.8,14.02,9.14,26.15,21.98,33.51,14.81
1786312002,15.64,29.09,16.5,10.95,24.73,21.69,32.08,11.12
1786312002,14.73,29.34,20.37,12.97,20.11,20.34,25.41,7.18
1786312002,14.07,28.44,26.5,13.91,13.82,17.36,16.35,4.3
1786312002,13.05,25.88,33.21,13,8.48,13.94,10.22,2.66
1786312002,11.45,21.58,35.79,10.72,6.61,12.24,10.7,1.89
1786312002,9.64,16.3,30.87,8.29,8.41,12.82,16.18,1.75
1786312002,8.19,11.21,20.86,6.52,11.31,13.48,21.08,2.17
1786312002,7.36,7.05,12.22,5.28,12.46,11.44,21.08,3.08
1786312002,6.87,3.91,9.17,4.09,11.03,6,16.57,4.15
1786312002,5.89,1.62,10.12,2.81,7.77,-0.95,10.85,4.79
1786312002,3.51,-0.5,10.06,1.39,3.57,-6.54,6.26,4.28
1786312002,-0.26,-3.91,5.38,-0.53,-0.56,-9.34,2.5,2.18
1786312002,-4.21,-9.38,-3.22,-3.21,-3.42,-10.26,-1.65,-1.22
1786312002,-6.93,-15.39,-11.87,-6.11,-4.59,-11.35,-6.46,-4.93
1786312002,-8.08,-19.72,-17.21,-8.2,-5.07,-13.63,-11.16,-7.99
1786312002,-8.57,-22.18,-18.92,-9.05,-6.29,-16.34,-14.92,-10.31
1786312002,-9.89,-24.34,-19.1,-9.27,-9.35,-18.49,-18.37,-12.35
1786312002,-13.59,-27.02,-20.13,-9.66,-15.22,-20.59,-24.28,-14.52
1786312002,-19.94,-29.3,-22.95,-10.31,-23.79,-23.99,-34.39,-17.21
1786312002,-27.06,-30.39,-27.33,-10.97,-32.4,-29.09,-45.62,-20.71
1786312002,-32.11,-31.22,-32.6,-11.7,-37.32,-34.74,-52.03,-24.59
1786312002,-33.66,-33.4,-37.29,-12.82,-37.36,-39.04,-51.06,-27.62
1786312002,-32.73,-37,-39.31,-14.27,-34.96,-40.69,-45.94,-28.75
1786312002,-31.38,-40.2,-37.84,-15.31,-33.87,-39.82,-42.18,-28.08
1786312002,-31.14,-41.04,-34.74,-15.26,-36.35,-37.75,-42.38,-26.72
1786312002,-32.51,-39.03,-32.75,-14.25,-41.7,-36.26,-44.69,-25.87
1786312002,-35.15,-35.44,-32.73,-13.24,-46.84,-36.34,-46.4,-25.86
1786312002,-37.85,-32.31,-33.09,-13.14,-48.8,-37.37,-47.97,-26.01
1786312002,-39.23,-30.8,-32.14,-14.04,-46.98,-37.68,-51.4,-25.42
1786312002,-38.67,-30.6,-29.96,-15.34,-43.15,-36.17,-55.99,-24.03
1786312002,-36.71,-30.97,-28.23,-16.39,-39.57,-33.47,-58.55,-22.71
1786312002,-34.73,-31.62,-28.64,-17.11,-37.18,-31.67,-57.32,-22.32
1786312002,-33.9,-32.3,-30.99,-17.68,-35.66,-32.2,-53.55,-22.82
1786312002,-34.17,-32.36,-33.31,-17.91,-34.76,-34.11,-49.58,-23.45
1786312002,-34.43,-31.11,-34.4,-17.25,-34.7,-34.92,-46.62,-23.54
1786312002,-33.65,-28.67,-34.91,-15.63,-35.35,-33.15,-44.37,-23.05
1786312002,-31.59,-25.99,-35.28,-13.84,-35.85,-29.51,-41.72,-22.45
1786312002,-28.66,-24,-34.35,-12.8,-35.29,-25.87,-38.15,-22.16
1786312002,-25.51,-22.73,-31.12,-12.6,-33.32,-23.5,-34.61,-22.16
1786312002,-22.68,-21.17,-26.6,-12.38,-30.25,-22.39,-32.51,-21.95
1786312002,-20.48,-18.26,-22.4,-11.46,-26.7,-21.8,-31.92,-21.24
1786312002,-18.86,-14.05,-18.54,-10.05,-23.39,-21.02,-31.72,-20.37
1786312002,-17.4,-9.96,-14.22,-8.87,-21.04,-19.8,-31.29,-19.95
1786312002,-15.79,-7.65,-10.41,-8.18,-19.99,-18.27,-30.63,-20.17
1786312002,-14.29,-7.51,-9.64,-7.55,-20.03,-16.58,-29.28,-20.62
1786312002,-13.39,-8.35,-12.61,-6.61,-20.43,-14.72,-26.8,-20.67
1786312002,-12.87,-8.54,-16.29,-5.63,-20.23,-12.6,-23.5,-19.85
1786312002,-11.89,-7.41,-16.61,-5.04,-18.8,-10.25,-20.02,-17.9
1786312002,-10.16,-5.51,-12.44,-4.71,-16.22,-7.86,-17.28,-14.86
1786312002,-8.48,-3.64,-6.5,-4.21,-13,-5.44,-16.69,-11.32
1786312002,-7.76,-2.05,-2.45,-3.52,-9.87,-2.9,-18.7,-8.32
1786312002,-7.62,-0.48,-1.59,-3.06,-7.7,-0.63,-20.76,-6.45
1786312002,-6.79,1.22,-2.21,-2.94,-6.98,0.56,-19.12,-5.35
1786312002,-4.74,2.93,-1.96,-2.71,-7.18,0.25,-12.92,-4.14
1786312002,-2.45,4.42,-0.09,-1.94,-7.23,-1.08,-5.54,-2.35
1786312002,-1.21,5.65,2.66,-0.7,-6.4,-2.26,-1.51,-0.28
1786312002,-1.19,6.76,5.2,0.53,-4.7,-2.24,-2.41,1.26
1786312002,-1.38,7.82,7.07,1.37,-2.94,-0.9,-5.79,1.51
1786312002,-0.7,8.79,8.57,1.86,-1.85,1.11,-7.55,0.53
1786312002,1.09,9.66,10.18,2.3,-1.22,3.17,-5.32,-0.66
1786312002,3.49,10.57,11.45,2.87,-0.44,5.02,-0.08,-0.76
1786312002,5.9,11.41,11.22,3.48,0.53,6.47,5.26,0.51
1786312002,7.87,11.78,9.18,3.93,1.39,7.38,8.87,2.18
1786312002,9.14,11.52,6.93,4.24,2.24,7.83,10.97,2.97
1786312002,9.66,11.12,6.66,4.63,3.51,8.24,12.26,2.7
1786312002,9.86,11.38,8.81,5.18,5.32,9.29,12.78,2.76
1786312002,10.58,12.62,11.77,5.74,7.29,11.29,12.27,4.84
1786312002,12.13,14.26,13.64,6.12,8.91,13.66,11.1,9.2
1786312002,13.88,15.31,13.89,6.26,10.05,15.33,10.32,14.21
1786312002,14.94,15.19,12.87,6.15,11.17,15.65,10.96,17.78
1786312002,15.36,14.21,10.8,5.66,12.89,14.95,13.04,19.08
1786312002,16.05,13.31,8.31,4.65,15.33,14.39,15.71,19.07
1786312002,17.4,13.31,6.97,3.25,17.8,15.15,18.25,19.42
1786312002,18.74,14.38,7.59,2.03,19.48,17.41,20.6,20.77
1786312002,19.41,16.27,9.02,1.65,20.59,20.2,23.04,22.27
1786312002,19.88,18.79,10.03,2.43,22.33,22.5,25.84,22.56
1786312002,21.25,21.87,11.64,4.21,25.41,24.3,29.13,21.13
1786312002,24.08,25.38,16.22,6.52,29.36,26.19,32.77,18.82
1786312002,27.87,29.5,24.2,8.95,33.09,28.52,36.26,17.24
1786312002,31.39,34.66,32.7,11.4,35.88,31.57,39.55,17.27
1786312002,33.51,40.56,38.24,13.8,37.77,36.18,43.47,18.11
1786312002,33.97,45.91,40.3,15.91,39.25,42.77,48.58,18.03
1786312002,33.33,49.49,41.46,17.52,40.32,49.74,53.58,15.96
1786312002,32.16,51.04,43.91,18.83,40.32,54.26,56.33,12.21
1786312002,30.79,51.23,46.85,20.21,39.01,54.91,56.03,8.17
1786312002,29.67,50.77,47.78,21.55,37.35,52.89,53.89,5.39
1786312002,29.35,49.73,45.61,22.35,36.5,50.52,51.87,4.72
1786312002,29.71,47.67,41.92,22.39,36.02,49.09,51.2,5.84
1786312002,29.66,44.45,39.22,22.01,34.03,48.11,51.51,7.68
1786312002,28.05,40.54,38.5,21.49,29.56,46.07,50.78,9.17
1786312002,25.01,36.55,38.77,20.37,24.57,41.74,47.04,9.7
1786312002,22.39,32.71,38.58,18.03,23.09,36.06,41.31,9.36
1786312002,22.28,28.95,37.26,14.94,27.3,32.01,37.42,9.01
1786312002,24.79,25.23,34.74,12.68,34.49,31.28,37.22,9.64
1786312002,27.64,21.72,31.29,12.29,38.56,31.76,37.65,11.51
1786312002,28.11,18.78,27.42,13.01,35.34,29.66,34.04,13.68
1786312002,25.56,16.71,22.74,12.92,26.35,23.49,25.34,14.65
1786312002,21.55,14.43,16.01,10.71,17.19,15.41,15.58,13.47
1786312002,18.08,9.3,7.19,6.74,12.64,9.2,10.45,10.61
1786312002,15.85,0.2,-1.29,2.68,13.3,7.17,11.81,7.56
1786312003,14.14,-9.82,-5.96,0.09,16.31,8.28,15.34,5.5
1786312003,11.84,-15.81,-5.14,-0.74,18.51,9.14,14.56,4.22
1786312003,8.44,-15.56,-0.35,-0.7,18.15,7.15,7.43,2.7
1786312003,4.34,-11.33,4.96,-0.9,14.26,2.54,-1.84,0.4
1786312003,0.07,-7.94,7.26,-1.75,7.13,-2.38,-7.14,-2.2
1786312003,-4.23,-9.44,4.18,-3.03,-0.96,-5.73,-5.54,-4.29
1786312003,-8.44,-16.2,-3.6,-4.38,-7.59,-7.59,0.63,-5.46
1786312003,-11.97,-24.64,-11.43,-5.47,-12.65,-9.55,4.94,-5.85
1786312003,-14.04,-30.43,-13.92,-6,-17.51,-12.98,1.27,-5.92
1786312003,-14.72,-32.04,-9.86,-6.04,-22.47,-17.57,-10.42,-6.28
1786312003,-15.41,-31.06,-3.78,-6.14,-26.09,-21.7,-22.93,-7.36
1786312003,-17.75,-29.99,-2.39,-6.84,-26.87,-23.99,-28.05,-8.99
1786312003,-21.69,-30.01,-8.17,-8.02,-24.83,-24.48,-24.21,-10.47
1786312003,-25.54,-30.64,-16.63,-8.96,-21.44,-24.22,-17.7,-11.11
1786312003,-27.67,-30.72,-20.89,-9.12,-19.09,-24.2,-16.27,-10.83
1786312003,-27.64,-29.4,-18.9,-8.66,-19.88,-24.53,-22.09,-10.14
1786312003,-26,-26.77,-15.08,-8.27,-23.87,-24.5,-30.82,-9.53
1786312003,-23.5,-23.53,-14.55,-8.33,-28.92,-23.33,-36.43,-9.13
1786312003,-20.6,-20.11,-17.42,-8.46,-32.41,-20.71,-36.3,-8.88
1786312003,-17.91,-16.73,-19.85,-7.95,-33.2,-16.84,-31.96,-8.78
1786312003,-16.54,-14.13,-19.15,-6.77,-31.69,-12.82,-26.21,-8.7
1786312003,-17.1,-13.3,-15.85,-5.67,-28.58,-10.84,-21.18,-8.4
1786312003,-18.55,-14.19,-11.7,-5.29,-24.2,-12.4,-18.05,-7.9
1786312003,-18.85,-15.42,-7.49,-5.38,-18.96,-16.16,-16.77,-7.54
1786312003,-16.8,-15.47,-3.32,-5.21,-13.55,-18.91,-16.28,-7.65
1786312003,-13.24,-13.99,-0.28,-4.5,-8.47,-18.52,-15.38,-8.06
1786312003,-10.66,-11.84,-0.5,-3.69,-4.39,-15.72,-13.59,-8.34
1786312003,-10.92,-9.99,-4.09,-3.28,-2.76,-12.93,-11.31,-8.45
1786312003,-13.09,-8.58,-7.59,-3.29,-4.6,-11.63,-9.14,-8.78
1786312003,-14.24,-7.16,-7.34,-3.4,-8.55,-10.96,-6.96,-9.42
1786312003,-12.43,-5.44,-3.64,-3.36,-11.45,-9.12,-4.27,-9.71
1786312003,-8.64,-3.64,0.42,-3.25,-11.03,-5.57,-1.09,-8.76
1786312003,-5.44,-2.21,2.86,-3.17,-7.54,-1.49,1.93,-6.37
1786312003,-4.31,-1.15,4.52,-2.88,-3.1,1.69,4.33,-3.3
1786312003,-4.59,-0.01,7.24,-2.02,0.05,3.64,6.16,-0.83
1786312003,-4.69,1.65,11.3,-0.75,0.94,4.95,7.47,0.05
1786312003,-3.9,3.69,14.49,0.19,0.07,5.9,8,-0.74
1786312003,-2.98,5.66,14.54,0.28,-1.08,6.15,7.85,-2.28
1786312003,-2.79,7,11.97,-0.06,-0.69,5.62,8.15,-3.21
1786312003,-2.97,7.36,9.6,-0.08,2.29,4.81,10.46,-2.6
1786312003,-2.28,6.98,9.36,0.31,7.2,4.52,15.21,-0.44
1786312003,0.1,6.77,10.81,0.55,12.19,5.47,21.22,2.5
1786312003,3.73,7.49,12.67,0.47,15.65,7.63,26.8,5.23
1786312003,7.04,8.88,14.64,0.54,17.08,9.98,30.74,7.15
1786312003,8.74,9.92,17.4,1.02,17.18,11.64,32.52,8.41
1786312003,9.13,10.17,21.05,1.44,17.32,12.92,32.24,9.52
1786312003,9.92,10.11,23.96,1.26,18.75,14.71,30.98,10.58
1786312003,12.3,10.34,24.45,0.66,21.72,17.17,30.68,11.49
1786312003,15.65,11.27,23.11,0.32,25.44,19.79,32.95,12.83
1786312003,18.49,13.12,22.02,0.59,28.92,22.26,37.93,15.48
1786312003,20.33,15.9,22.1,1.33,31.78,24.87,44.18,19.2
1786312003,21.85,19.39,22.87,2.32,34.3,28.12,49.94,22.41
1786312003,23.68,23.18,24.18,3.58,36.72,32.09,54.26,23.33
1786312003,25.48,26.75,26.69,5.35,38.82,36.14,57.19,21.49
1786312003,26.62,29.92,30.74,7.67,40.43,39.42,59.19,18.32
1786312003,27.18,33.4,35.67,10.25,41.99,41.86,60.77,16.17
1786312003,27.79,38.22,40.22,12.69,44.05,44.17,62.26,16.1
1786312003,28.55,44.18,43.8,14.91,46.29,46.79,63.74,16.94
1786312003,28.64,49.4,46.78,17.06,47.49,49.03,64.91,16.69
1786312003,27.23,51.74,48.98,19.07,46.71,49.76,65.38,14.6
1786312003,24.73,50.57,48.94,20.37,44.35,48.81,65.1,11.71
1786312003,22.72,47.14,46.22,20.33,41.92,46.93,63.98,9.71
1786312003,22.43,43.46,42.93,19.03,40.91,44.36,61.27,9.48
1786312003,23.42,40.6,41.56,17.32,41.66,40.72,56.57,10.46
1786312003,24.03,38.12,42.45,15.97,42.82,36.28,51.37,11.34
1786312003,23.12,35.01,43.84,14.83,41.78,32.39,47.6,11.07
1786312003,21.09,30.83,43.85,13.12,37.09,29.73,44.79,9.54
1786312003,19.26,26.26,41.48,10.46,30.67,27.32,41.11,7.51
1786312003,18.48,22.3,36.41,7.37,26.59,23.89,36.79,6.1
1786312003,18.67,18.67,28.81,4.74,27.3,19.48,34.19,6.15
1786312003,19.21,13.64,19.63,3.03,31.52,15.35,34.4,7.54
1786312003,19.5,6.05,10.51,1.98,35.86,13.02,35.93,9.19
1786312003,19.22,-2.81,2.97,0.93,37.65,13.11,36.68,10.01
1786312003,18.51,-9.78,-1.93,-0.61,35.79,14.73,35.19,9.61
1786312003,17.4,-12.61,-3.78,-2.78,29.8,15.33,29.89,8.05
1786312003,15.12,-11.75,-3.08,-5.22,20.27,12.02,20.14,5.67
1786312003,11.05,-9.81,-0.72,-7.27,10.3,4.21,8.73,3.11
1786312003,6.26,-9.91,2.6,-8.35,3.7,-4.77,0.92,0.84
1786312003,2.97,-13.93,6.1,-8.5,1,-10.08,-0.92,-1.32
1786312003,1.74,-20.93,8.36,-8.3,-1.01,-10.66,-0.72,-3.77
1786312003,0.1,-27.4,7.2,-8.45,-4.78,-10.86,-4.02,-6.39
1786312003,-4.66,-29.85,0.8,-9.24,-9.32,-15.16,-10.81,-8.47
1786312003,-11.78,-27.34,-9.77,-10.49,-12.86,-22.42,-16.68,-9.49
1786312003,-17.52,-22.06,-19.88,-11.64,-15.37,-27.27,-19.86,-9.68
1786312003,-18.92,-17.71,-25.43,-12.13,-17.17,-26.23,-22.32,-9.89
1786312003,-16.42,-17.22,-26.94,-11.81,-17.39,-21.49,-25.07,-10.69
1786312003,-13.27,-20.62,-27.46,-11.11,-15.85,-18.87,-26.53,-11.95
1786312003,-12.57,-24.89,-27.91,-10.59,-15.12,-22.34,-26.37,-13.14
1786312003,-14.67,-26.4,-26.84,-10.42,-18.44,-30.4,-27.66,-13.98
1786312003,-17.47,-24.31,-24.18,-10.36,-25.8,-37.98,-33.45,-14.51
1786312003,-19.3,-21.33,-22.63,-10.4,-33.56,-41.21,-42.25,-14.58
1786312003,-20.34,-20.75,-24.4,-10.72,-37.87,-39.88,-49.12,-14.17
1786312003,-21.33,-23.04,-27.87,-11.2,-37.65,-36.13,-50.66,-13.69
1786312003,-21.99,-25.82,-28.97,-11.29,-34.52,-32.02,-47.21,-13.7
1786312003,-21.51,-26.63,-25.58,-10.54,-30.81,-28.31,-41.2,-14.26
1786312003,-20.07,-25.06,-20.21,-9.31,-28.02,-24.73,-34.72,-14.87
1786312003,-18.93,-22.58,-18.19,-8.43,-26.41,-21.42,-28.84,-15.01
1786312003,-18.73,-20.9,-22.5,-8.41,-25.26,-19.84,-24.71,-14.54
1786312003,-18.8,-20.47,-30.6,-8.84,-23.18,-21.27,-23.93,-13.66
1786312003,-18.53,-20.35,-36.61,-8.92,-19.14,-24.56,-26.85,-12.48
1786312003,-18.29,-19.31,-36.32,-8.26,-13.39,-26.66,-30.96,-10.94
1786312003,-18.52,-17.03,-30.06,-7.31,-7.76,-25.4,-32.68,-9.22
1786312003,-18.82,-14.33,-21.56,-6.73,-4.56,-21.5,-31.01,-7.84
1786312003,-18.28,-12.18,-14.57,-6.66,-4.46,-17.64,-27.96,-7.28
1786312003,-16.46,-10.76,-10.98,-6.58,-5.52,-15.59,-25.73,-7.57
1786312003,-13.85,-9.55,-11.15,-5.96,-4.84,-14.85,-24.46,-8.24
1786312003,-11.8,-8.18,-14.17,-4.73,-1.4,-13.62,-22.64,-8.58
1786312003,-11.59,-6.81,-17.38,-3.19,2.59,-10.71,-19.81,-8.13
1786312003,-13.16,-5.77,-17.6,-1.84,3.34,-6.85,-18.14,-7.13
1786312003,-14.94,-4.98,-14.16,-1.27,-0.6,-4.45,-19.61,-6.34
1786312003,-15.17,-3.96,-10.04,-1.74,-6.37,-5.38,-22.46,-6.2
1786312003,-13.32,-2.32,-8.83,-2.87,-9.26,-9.04,-22.73,-6.37
1786312003,-10.36,-0.02,-10.67,-3.83,-7,-12.88,-18.9,-6.26
1786312003,-7.83,2.27,-12.32,-4.01,-1.29,-14.61,-13.56,-5.61
1786312003,-6.53,3.21,-11.38,-3.45,4.25,-13.73,-10.42,-4.52
1786312003,-5.97,1.89,-9.16,-2.78,7.41,-11.24,-10.32,-3.11
1786312003,-4.99,-0.97,-8.51,-2.65,8.19,-8.4,-10.76,-1.6
1786312003,-2.88,-3.24,-9.93,-3.04,7.23,-5.99,-9.37,-0.51
1786312003,0.23,-3.17,-11.14,-3.36,5.09,-4.32,-6.8,-0.26
1786312003,3.27,-0.96,-9.64,-3.14,2.91,-3.47,-5.31,-0.71
1786312003,4.56,1.34,-5.35,-2.56,2.45,-3.33,-5.29,-1.33
1786312003,3.26,1.94,-0.84,-2.16,4.63,-3.5,-5.01,-1.6
1786312003,0.63,0.95,1.25,-2.06,8.11,-3.34,-3.56,-1.11
1786312003,-0.9,0.03,0.95,-1.74,9.53,-2.54,-2.61,0.39
1786312003,-0.01,0.52,0.47,-0.73,6.46,-1.45,-4.01,2.63
1786312003,2.72,2.23,1.05,0.68,0.31,-0.74,-6.79,4.73
1786312003,5.76,3.84,1.49,1.75,-4.69,-0.69,-8.34,5.75
1786312003,7.91,4.34,-0.05,2.25,-5.35,-0.91,-8.09,5.42
1786312003,8.71,3.99,-3.39,2.67,-1.76,-0.7,-7.79,4.17
1786312003,8.6,3.84,-6.32,3.42,3.75,0.36,-8.33,2.6
1786312003,8.81,4.59,-6.98,4.22,8.62,2.13,-8.32,1.21
1786312003,10.69,6.03,-5.41,4.63,11.08,4.18,-6.28,0.7
1786312003,14.57,7.2,-2.89,4.65,10.78,6.06,-3.08,1.69
1786312003,19.23,7.33,-0.5,4.67,9.04,7.4,-1.13,4.2
1786312003,22.9,6.46,0.91,4.8,7.88,8.27,-1.61,7.83
1786312003,24.7,5.37,0.51,4.73,8.46,9.33,-3.18,12.1
1786312003,25.17,4.89,-1.58,4.07,10.59,11.01,-3.3,16.16
1786312003,25.67,5.52,-3.59,2.93,13.55,12.91,-0.35,18.89
1786312003,27.11,7.3,-3.5,1.97,16.81,14.28,5.18,19.71
1786312003,29.21,9.87,-0.77,1.85,20.03,15.25,11.54,18.84
1786312003,30.78,12.59,3.79,2.93,22.74,16.95,17.14,17.05
1786312003,30.94,15.32,9.08,5.08,24.25,20.28,21.15,15.13
1786312003,29.94,19,13.86,7.87,23.93,24.34,23.23,13.08
1786312003,28.59,24.47,16.37,10.78,21.4,26.86,23.51,9.65
1786312003,26.67,30.74,15.74,13.21,16.93,26.48,22.64,3.79
1786312003,22.82,35.68,14.1,14.49,12.02,24.54,21.52,-3.19
1786312003,16.79,37.98,15.54,14.36,8.85,23.84,20.79,-8.07
1786312003,10.72,38.03,21.08,13.63,8.44,25.36,20.51,-8.93
1786312003,7.19,36.95,26.19,13.67,9.69,27.01,20.22,-7.01
1786312003,6.2,35.25,25.04,14.92,10.27,25.89,19.48,-5.43
1786312003,4.87,32.72,17.56,16.26,8.08,21.31,18.45,-6.77
1786312003,0.57,29.33,10.49,16.28,2.66,15.35,16.89,-11.47
1786312003,-6.21,25.97,10.25,14.91,-4.02,10.64,13.4,-17.69
1786312003,-12.54,23.62,15.7,13.28,-8.96,7.92,7.07,-22.69
1786312003,-15.98,22.11,19.4,12.23,-10.38,6.06,-0.21,-24.67
1786312003,-16.04,20.19,15.8,11.4,-9.03,3.75,-4.83,-23.46
1786312003,-13.76,16.85,6.93,10.01,-7.68,0.93,-5.35,-20.05
1786312003,-10.86,12.17,-0.51,7.99,-9.12,-1.5,-4.42,-15.86
1786312003,-8.76,6.81,-2,6.05,-13.58,-2.77,-5.67,-12.39
1786312003,-7.61,1.09,1.5,4.48,-18.42,-3.13,-9.67,-10.68
1786312003,-6.83,-4.68,5.21,2.64,-20.68,-3.92,-14.14,-10.56
1786312003,-6.47,-9.62,4.32,0.04,-19.82,-6.33,-17.12,-10.83
1786312003,-7.14,-12.8,-2.81,-2.66,-17.82,-9.79,-18.54,-10.4
1786312003,-8.57,-14.1,-13.67,-4.35,-16.86,-12.21,-19.4,-9.33
1786312003,-9.96,-14.56,-23.82,-5.02,-17.72,-12.7,-20.54,-8.37
1786312003,-11.48,-16.29,-30.77,-5.88,-20.4,-13.35,-22.65,-7.84
1786312003,-13.72,-21.18,-35.3,-7.98,-24.51,-16.92,-26.25,-7.2
1786312003,-16.1,-28.88,-38.54,-10.86,-28.36,-23.23,-30.73,-5.72
1786312003,-16.94,-36.55,-39.72,-12.99,-29.38,-29.22,-34.2,-3.24
1786312003,-15.33,-41.33,-38.37,-13.42,-26.67,-32.31,-35.34,-0.2
1786312003,-12.24,-42.63,-36.77,-12.8,-22.66,-32.42,-35.24,2.86
1786312003,-10.01,-42.06,-37.75,-12.51,-21.72,-31.16,-36.13,5.61
1786312003,-10.31,-41.45,-40.64,-13.06,-26.33,-29.94,-38.3,7.78
1786312003,-12.67,-41.45,-41.84,-13.74,-34.31,-28.95,-39.53,9.18
1786312003,-15.1,-41.85,-39.17,-13.61,-40.75,-27.43,-37.57,9.8
1786312003,-16.11,-42.51,-34.75,-12.65,-42.41,-25.36,-32.8,9.81
1786312003,-15.81,-43.51,-33.24,-11.8,-40.25,-24.64,-28.83,9.3
1786312003,-15.49,-44.65,-36.82,-11.78,-37.83,-27.05,-30.25,8.34
1786312003,-16.33,-45.04,-42.5,-12.31,-37.81,-31.67,-38.27,7.18
1786312003,-18.28,-43.58,-45.53,-12.56,-39.71,-35.76,-48.75,6.2
1786312003,-20,-39.89,-44.4,-12.24,-41.03,-37.54,-55.63,5.6
1786312003,-19.83,-34.99,-41.31,-11.84,-40.03,-36.95,-56.12,5.42
1786312003,-17.33,-30.82,-38.98,-11.77,-37.19,-34.82,-52.14,5.69
1786312003,-13.77,-28.65,-38.51,-11.86,-34.16,-32.28,-47.48,6.44
1786312003,-10.93,-28.2,-39.59,-11.7,-31.99,-30.16,-44.47,7.42
1786312003,-9.61,-28.18,-40.98,-11.23,-30.56,-28.6,-43.08,8.11
1786312003,-9.14,-27.57,-40.65,-10.66,-29.25,-27.2,-41.9,8.09
1786312003,-8.32,-26.2,-37.02,-9.98,-27.95,-25.62,-39.65,7.47
1786312003,-6.38,-24.39,-30.68,-8.91,-27.09,-23.88,-35.86,6.82
1786312003,-3.64,-22.44,-24.74,-7.4,-26.89,-22.2,-30.86,6.55
1786312003,-1.36,-20.55,-22.95,-5.96,-26.68,-20.54,-25.86,6.71
1786312003,-0.47,-18.75,-26.61,-5.25,-25.24,-18.7,-23.09,7.35
1786312003,-0.68,-16.91,-32.77,-5.27,-21.77,-16.71,-24.38,8.34
1786312003,-0.96,-15.1,-36.51,-5.34,-16.55,-15.02,-28.94,9.2
1786312003,-0.56,-13.63,-35.03,-4.89,-10.88,-14.09,-33.15,9.52
1786312003,0.93,-12.51,-29.23,-4.2,-6.5,-13.51,-33.09,9.65
1786312003,3.6,-11.31,-21.79,-3.9,-4.8,-12,-27.51,10.22
1786312003,6.66,-9.83,-15.04,-4.05,-5.84,-8.7,-18.82,11.19
1786312003,8.6,-8.25,-10.64,-3.97,-7.91,-4.45,-11.34,11.77
1786312003,8.53,-6.68,-9.54,-3.08,-8.91,-1.12,-7.83,11.62
1786312003,7.2,-5.12,-11.12,-1.65,-8.55,0.12,-7.83,11.31
1786312003,6.24,-3.66,-12.93,-0.53,-8.13,-0.19,-9.23,11.45
1786312003,6.59,-2.43,-12.16,-0.23,-8.24,-0.5,-10.29,11.82
1786312003,7.85,-1.27,-7.89,-0.43,-7.84,0.3,-9.78,11.69
1786312003,9.1,0.35,-1.86,-0.44,-5.69,2.07,-7.13,10.8
1786312003,10.02,2.75,3.13,0.18,-1.82,4.05,-3.07,9.8
1786312003,10.79,5.46,5.55,1.3,2.39,6.01,0.72,9.42
1786312003,11.33,7.47,5.83,2.47,5.37,8.3,2.85,9.84
1786312003,11.17,8.21,5.09,3.4,6.56,10.86,3.2,10.66
1786312003,10.11,8.11,4.17,4.1,6.38,12.72,2.8,11.39
1786312003,8.61,8.15,3.94,4.7,5.58,12.86,2.88,11.7
1786312003,7.37,8.99,5.62,5.24,5.02,11.44,4.02,11.47
1786312003,6.63,10.54,9.78,5.83,5.52,9.7,5.9,10.84
1786312003,5.97,12.02,15.09,6.56,7.4,8.76,7.35,10.04
1786312003,4.87,12.58,18.54,7.15,9.74,8.71,7.05,9.26
1786312003,3.42,11.94,17.65,7.02,10.55,8.94,5.16,8.71
1786312003,2.24,10.65,13.18,5.97,8.61,8.79,3.38,8.57
1786312003,1.69,9.68,8.79,4.76,4.98,8.21,3.04,8.71
1786312003,1.5,9.84,7.54,4.53,2.35,7.62,3.87,8.72
1786312003,1.28,11.34,9.22,5.65,2.63,7.44,4.91,8.46
1786312003,1.23,13.52,11.39,7.27,5.2,7.68,5.89,8.13
1786312003,1.62,15.09,12.2,8.23,7.5,8.07,7.4,7.91
1786312003,2.18,15.16,11.67,8.16,7.62,8.33,9.62,7.72
1786312003,2.07,13.96,11.03,7.61,5.77,8.34,11.38,7.38
1786312003,0.77,12.75,11.44,7.24,3.33,8.07,11.16,6.82
1786312003,-1.37,12.79,13.01,7.18,1.33,7.76,9.18,6.05
1786312003,-3.18,14.12,14.97,7.02,0.42,7.76,7.62,5.51
1786312003,-3.28,15.58,16.8,6.39,1.49,8.29,8.52,6.46
1786312003,-1,16.07,18.32,5.42,5.23,9.17,11.88,10.21
1786312003,3.09,15.53,19.29,4.65,11.05,10.03,15.83,16.71
1786312003,7.36,14.74,19.64,4.49,17.21,10.81,18.58,24.61
1786312003,10.16,14.44,19.67,4.91,22.04,11.88,19.84,32.44
1786312003,11.41,14.96,19.58,5.74,25.03,13.62,20.64,39.28
1786312003,13.15,16.39,19.63,6.91,27.06,15.83,21.95,44.4
1786312003,17.35,18.55,20.33,8.23,29.28,17.84,23.9,46.94
1786312003,23.14,20.68,21.76,9.13,31.74,19.05,26.08,46.36
1786312003,27.4,21.65,23.07,9.14,33.43,19.46,28.35,43.03
1786312003,27.82,20.98,23.3,8.5,33.36,19.73,30.84,38.33
1786312003,24.69,19.57,22.76,7.97,31.27,20.44,33,33.67
1786312003,20.12,18.95,22.97,8.07,27.86,21.36,33.28,29.63
1786312003,16.13,19.63,25.13,8.51,24.41,21.7,30.55,25.9
1786312003,13.28,20.45,28.68,8.66,22.01,20.73,25.64,22.1
1786312003,11.07,19.86,31.68,8.4,21.05,18.3,20.92,18.52
1786312003,9.05,17.58,32.65,8.17,20.89,14.96,18.1,15.73
1786312003,7.34,14.8,31.61,8.12,20.07,11.72,17.14,13.67
1786312003,6.23,12.8,29.18,7.65,17.67,9.34,17.21,11.4
1786312003,5.55,11.77,25.23,6.12,14.54,8.04,18,7.94
1786312003,4.73,11.06,19.33,3.88,12.37,7.88,19.44,3.34
1786312003,3.28,10.5,12.22,2.15,11.68,8.78,20.84,-1.26
1786312003,1.12,10.48,5.95,1.8,11.59,10.1,21.23,-4.55
1786312004,-1.29,11.01,2.56,2.61,11.18,10.8,20.42,-6.12
1786312004,-3.27,11.25,2.72,3.59,10.24,10.36,18.63,-6.74
1786312004,-4.36,10.42,5.34,3.93,8.42,9.04,15.45,-7.66
1786312004,-4.73,8.81,8.1,3.42,5.04,7.23,10.94,-9.73
1786312004,-4.91,7.59,8.79,2.36,0.16,5.07,6.93,-13
1786312004,-5.13,7.37,6.85,1.21,-4.5,2.89,5.6,-16.78
1786312004,-5.02,7.56,3.94,0.31,-6.7,1.34,7.09,-20.2
1786312004,-4.09,7.1,2.46,-0.11,-5.84,0.66,9.42,-22.82
1786312004,-2.44,5.63,3.53,0.05,-3.76,0.21,10.42,-24.7
1786312004,-1.05,3.75,6.22,0.7,-3.01,-0.88,9.32,-25.96
1786312004,-1.07,2.38,8.46,1.33,-4.78,-2.84,6.98,-26.69
1786312004,-2.72,1.99,8.49,1.39,-8.56,-5.17,4.93,-27.11
1786312004,-5.17,2.29,5.86,0.94,-13.2,-7.12,4.36,-27.69
1786312004,-7.35,2.56,1.45,0.63,-17.68,-8.17,4.96,-28.87
1786312004,-8.9,2.26,-3.21,0.81,-20.64,-8.58,4.84,-30.6
1786312004,-10.38,1.37,-6.29,0.98,-20.28,-9.12,2.64,-32.17
1786312004,-12.54,0.28,-6.28,0.59,-16.26,-10.16,-0.82,-32.83
1786312004,-15.65,-0.5,-3.22,-0.09,-11.32,-11.33,-3.86,-32.54
1786312004,-19.48,-0.77,0.68,-0.23,-9.33,-12.08,-6.03,-31.87
1786312004,-23.21,-0.79,2.44,0.43,-11.39,-12.22,-7.9,-31.23
1786312004,-25.68,-1.1,0.76,1.14,-14.93,-11.94,-9.85,-30.58
1786312004,-26.32,-1.94,-2.6,1.06,-16.81,-11.56,-11.48,-29.98
1786312004,-26,-2.92,-4.61,0.19,-16.26,-11.19,-11.97,-29.96
1786312004,-26.37,-3.3,-4.26,-0.72,-14.76,-10.99,-10.65,-31.07
1786312004,-28.3,-2.99,-3.01,-1.04,-14.01,-11.42,-7.68,-33.19
1786312004,-31.13,-2.77,-2,-0.79,-14.46,-12.81,-4.54,-35.54
1786312004,-33.22,-3.34,-0.69,-0.37,-15.34,-14.72,-3.1,-37
1786312004,-33.42,-4.48,1.22,-0.03,-15.65,-15.92,-3.92,-36.61
1786312004,-31.82,-5.43,2.06,0.14,-15.07,-15.46,-5.66,-34.05
1786312004,-29.66,-5.96,-0.13,0.01,-14.04,-13.75,-6.5,-30.11
1786312004,-28.32,-6.44,-4.4,-0.63,-13.02,-12.44,-5.62,-26.52
1786312004,-28.32,-7.3,-7.38,-1.85,-12.22,-12.91,-3.77,-24.85
1786312004,-29,-8.57,-7.33,-3.31,-12.03,-15.12,-2.86,-25.38
1786312004,-29.26,-9.83,-6.06,-4.4,-13.05,-17.75,-4.22,-27.14
1786312004,-28.54,-10.47,-6.11,-4.84,-15.32,-19.13,-6.97,-28.75
1786312004,-27.02,-10.22,-7.56,-4.93,-17.76,-18.31,-8.72,-29.25
1786312004,-25.21,-9.44,-8.42,-5.2,-18.65,-15.85,-7.97,-28.66
1786312004,-23.73,-8.82,-7.15,-5.67,-17,-13.6,-5.4,-27.77
1786312004,-23.13,-8.63,-4.15,-5.84,-13.72,-13.09,-2.91,-27.24
1786312004,-23.51,-8.67,-1.23,-5.43,-11.17,-14.18,-1.89,-26.99
1786312004,-24.29,-8.79,0.28,-4.84,-11.16,-15.39,-2.27,-26.45
1786312004,-24.45,-9.14,0.73,-4.64,-13.51,-15.54,-3.17,-25.34
1786312004,-23.53,-9.79,1.25,-4.75,-16.46,-14.76,-4.29,-24.05
1786312004,-22.21,-10.49,2.23,-4.64,-18.4,-14.14,-6.52,-23.22
1786312004,-21.5,-10.76,3.08,-4.11,-18.81,-14.49,-10.44,-23.06
1786312004,-21.35,-10.39,3.63,-3.63,-17.56,-15.31,-14.27,-22.98
1786312004,-20.65,-9.68,4.57,-3.63,-14.56,-14.79,-14.34,-22.22
1786312004,-18.71,-8.97,5.79,-3.88,-10.8,-11.99,-8.89,-20.66
1786312004,-16.37,-8.4,4.87,-3.84,-9.35,-8.98,-1.35,-18.92
1786312004,-15.46,-8.11,-0.78,-3.57,-13.6,-9.53,1.67,-18.1
1786312004,-18.23,-8.55,-9.95,-3.84,-23.9,-15.14,-3.65,-20.39
1786312004,-27.08,-10.4,-17.53,-5.3,-36.64,-23.38,-15.03,-29.21
1786312004,-42.42,-13.95,-19.34,-7.61,-47.1,-30.29,-26.6,-45.86
1786312004,-60.22,-18.32,-15.91,-9.77,-52.82,-33.86,-33.94,-65.88
1786312004,-73.63,-21.93,-11.15,-11.15,-54.39,-34.77,-36.46,-81.15
1786312004,-77.84,-23.96,-8.53,-11.76,-53.61,-34.85,-36.08,-85.97
1786312004,-73.24,-24.64,-9.08,-11.88,-51.7,-35.32,-34.82,-80.88
1786312004,-64.39,-24.45,-11.77,-11.84,-48.96,-35.89,-33.55,-71.05
1786312004,-56.25,-23.49,-15.04,-11.98,-45.43,-35.18,-32.05,-61.95
1786312004,-51.03,-21.87,-18,-12.3,-41.45,-32.2,-29.68,-56.03
1786312004,-48.26,-20.13,-20.4,-12.4,-37.99,-27.66,-26.01,-52.44
1786312004,-46.6,-18.77,-21.99,-11.97,-35.98,-23.31,-21.64,-49.11
1786312004,-44.91,-17.82,-22.46,-11.1,-35.07,-20.26,-18.38,-44.82
1786312004,-42.38,-17.26,-21.81,-10.01,-33.51,-18.61,-17.7,-39.73
1786312004,-38.49,-17.33,-20.62,-8.94,-29.81,-18.37,-19.06,-34.52
1786312004,-33.19,-17.98,-19.62,-8.15,-24.19,-19.24,-20.23,-29.47
1786312004,-27.06,-18.46,-18.53,-7.71,-18.45,-19.81,-19.31,-24.45
1786312004,-21.31,-17.78,-16.05,-7.24,-14.26,-18.49,-16.19,-19.44
1786312004,-17.17,-15.65,-12.13,-6.24,-11.82,-15.3,-12.25,-14.86
1786312004,-14.7,-12.78,-8.82,-4.78,-10.2,-11.75,-9.04,-11
1786312004,-12.45,-10.3,-7.76,-3.54,-8.43,-9.18,-7.09,-7.28
1786312004,-8.84,-9.01,-8.21,-3.01,-5.93,-7.65,-5.76,-2.68
1786312004,-3.94,-8.95,-8.37,-2.91,-2.73,-6.35,-3.92,3.07
1786312004,0.66,-9.42,-7.44,-2.64,0.59,-4.7,-1.01,8.98
1786312004,3.67,-9.42,-5.7,-2.06,3.31,-2.79,2.34,13.7
1786312004,5.42,-8.39,-3.87,-1.53,5.4,-1.11,4.95,16.84
1786312004,7.46,-6.75,-2.88,-1.37,7.64,-0.04,6.28,19.08
1786312004,10.86,-5.42,-3.25,-1.39,10.67,0.53,6.68,21.21
1786312004,15.15,-4.77,-4.28,-1.14,14.11,1.19,6.93,23.26
1786312004,18.91,-4.17,-4.5,-0.48,16.8,2.58,7.81,24.73
1786312004,21.43,-2.71,-2.61,0.23,18.22,4.93,9.54,25.49
1786312004,23.41,-0.3,1.24,0.72,19.27,7.89,11.79,26.09
1786312004,25.96,2.24,4.94,1.3,21.34,10.56,14.09,27.33
1786312004,29.32,4.11,6.08,2.41,24.68,12.06,16.24,29.36
1786312004,32.83,5.2,4.65,3.92,28.25,12.49,18.25,31.65
1786312004,35.87,5.99,3.29,5.11,30.81,13.12,20.07,33.42
1786312004,38.22,6.92,4.59,5.59,31.85,15.03,21.68,34.3
1786312004,39.93,8.09,8.55,5.75,31.7,17.94,23.11,34.74
1786312004,41.04,9.46,12.54,6.27,31.2,20.59,24.4,35.67
1786312004,41.66,10.91,13.82,7.14,31.07,21.96,25.57,37.51
1786312004,41.98,12.09,11.85,7.75,31.4,22.03,26.7,39.66
1786312004,42.16,12.51,8.29,7.71,31.69,21.5,27.91,41.18
1786312004,42.07,12.06,5.26,7.4,31.43,21.15,29.1,41.62
1786312004,41.48,11.13,3.87,7.38,30.75,21.19,29.42,41.17
1786312004,40.79,10.37,4.1,7.72,30.28,21.19,27.61,40.52
1786312004,41.04,10.25,5.66,8.03,30.5,20.8,23.76,40.43
1786312004,42.89,10.81,8.4,8.01,31.4,20.28,20.15,41.25
1786312004,45.72,11.67,11.73,7.85,32.71,20.47,19.49,42.52
1786312004,47.97,12.5,13.99,7.89,34.13,21.91,22.23,43.47
1786312004,48.57,13.08,13.56,8.15,35.2,24.22,26.04,43.6
1786312004,47.67,13.12,10.83,8.26,35.37,26.21,27.98,42.92
1786312004,46.21,12.42,8.43,7.85,34.65,26.9,27.17,41.74
1786312004,45.14,11.27,8.64,7.04,33.6,26.22,25.22,40.61
1786312004,44.99,10.52,10.9,6.5,32.64,24.9,24.27,40.15
1786312004,45.76,10.85,12.79,6.79,31.76,23.77,25.03,40.63
1786312004,46.9,12.11,13.49,7.75,30.83,23.2,26.54,41.69
1786312004,47.43,13.43,14.37,8.7,29.75,23.07,27.25,42.49
1786312004,46.4,14,16.13,9.15,28.43,22.93,25.88,42.24
1786312004,43.83,13.6,16.92,9.1,27.1,22.39,22.53,40.9
1786312004,40.95,12.52,14.77,8.67,26.4,21.57,19.12,39.22
1786312004,39.02,11.22,10.7,7.8,26.78,21.13,18.07,38.16
1786312004,38.27,10.1,7.93,6.59,27.64,21.66,20.05,38.2
1786312004,38.06,9.54,8.08,5.5,27.94,22.98,23.28,39.19
1786312004,37.88,9.72,9.71,5.06,27.35,24.23,25.2,40.67
1786312004,37.71,10.39,10.44,5.15,26.45,24.45,24.78,42.02
1786312004,37.58,10.76,9.53,5.1,25.71,23.48,22.99,42.65
1786312004,37.07,10.03,7.81,4.39,24.98,22.1,20.95,42.23
1786312004,35.55,8.29,6.25,3.21,23.97,21.23,18.49,40.83
1786312004,32.97,6.76,5.22,2.29,22.6,21.11,15.42,38.86
1786312004,30.36,6.64,4.8,2.11,21.12,21.4,12.91,36.76
1786312004,29.01,7.96,5.16,2.47,20.17,21.73,12.24,34.75
1786312004,29.22,9.55,6.4,2.78,20.2,21.92,13.23,32.98
1786312004,29.96,10.25,7.98,2.77,20.88,21.95,14.83,31.73
1786312004,29.84,9.94,8.95,2.65,21.3,21.84,16.22,31
1786312004,28.41,9.48,9.08,2.58,21,21.54,16.85,30.24
1786312004,26.47,9.55,9.23,2.34,20.13,21.04,16.23,28.87
1786312004,25.09,9.91,10.03,1.65,18.93,20.34,14.47,27
1786312004,24.38,9.88,10.93,0.76,17.46,19.51,12.49,25.15
1786312004,23.65,9.31,10.95,0.26,15.86,18.62,11.02,23.8
1786312004,22.52,8.61,9.74,0.44,14.52,17.77,9.63,23.37
1786312004,21.47,8.05,7.89,0.88,13.75,16.96,7.63,24.1
1786312004,20.93,7.33,6.43,0.9,13.57,16.09,5.27,25.43
1786312004,20.49,6.17,5.86,0.26,13.87,15.02,3.58,25.94
1786312004,19.45,4.91,5.53,-0.55,14.48,13.81,3.18,24.68
1786312004,17.84,4.28,4.33,-0.91,15.01,12.94,3.7,22.18
1786312004,16.28,4.45,2.12,-0.77,14.9,12.97,4.32,19.86
1786312004,15.13,4.86,0.1,-0.62,13.92,14.02,4.68,18.51
1786312004,14.19,4.9,-0.5,-0.86,12.65,15.51,5.04,17.87
1786312004,13.28,4.67,0.35,-1.34,12.09,16.57,5.67,17.27
1786312004,12.6,4.7,1.78,-1.54,12.64,16.72,6.28,16.34
1786312004,12.47,5.3,3.38,-1.13,13.55,16.3,6.33,14.98
1786312004,12.85,6.29,5.28,-0.22,13.71,15.99,5.86,13.26
1786312004,13.28,7.28,7.04,0.84,12.75,16.09,5.43,11.48
1786312004,13.23,8.1,7.64,1.72,11.15,16.03,5.37,10.06
1786312004,12.56,8.68,6.87,2.13,9.36,15.1,5.42,9.15
1786312004,11.67,8.64,5.93,1.86,7.68,13.7,5.18,8.52
1786312004,11.18,7.53,6.03,0.96,6.71,13.24,4.75,7.84
1786312004,11.21,5.33,6.99,-0.12,7.2,14.33,4.8,6.85
1786312004,11.32,2.86,7.51,-0.84,9.22,15.64,5.98,5.77
1786312004,11.13,1.27,6.56,-1.04,11.61,15.37,7.85,5.29
1786312004,10.6,1.2,4.44,-1.07,12.54,13.37,9,5.79
1786312004,9.77,2.36,2.63,-1.15,10.99,11.26,8.4,6.57
1786312004,8.47,3.84,2.12,-1.02,7.67,10.4,6.27,6.52
1786312004,6.54,4.69,1.96,-0.43,4.37,10.45,3.53,5.27
1786312004,4.28,4.44,0.7,0.3,2.32,10.1,0.86,3.49
1786312004,2.48,3.13,-1.51,0.47,1.45,8.7,-1.44,1.91
1786312004,1.75,1.12,-3.56,-0.19,1.14,6.68,-3.18,0.57
1786312004,1.66,-1.03,-5.04,-1.21,0.93,4.8,-4.18,-1.05
1786312004,1.12,-2.61,-6.2,-1.92,0.46,3.36,-4.7,-3.28
1786312004,-0.33,-2.99,-6.69,-2.2,-0.44,2.43,-5.5,-5.74
1786312004,-1.86,-2.14,-5.6,-2.44,-1.52,2.09,-7.18,-7.56
1786312004,-2.36,-0.9,-3.34,-2.88,-2.37,2.2,-9.62,-8.07
1786312004,-1.97,-0.27,-2.4,-3.19,-2.98,2.21,-11.93,-7.62
1786312004,-1.98,-0.62,-4.96,-2.95,-3.76,1.51,-12.62,-7.38
1786312004,-3.13,-1.51,-9.84,-2.22,-4.83,0,-10.65,-8.29
1786312004,-4.78,-2.19,-13.03,-1.51,-5.75,-1.93,-6.75,-10.26
1786312004,-5.8,-2.19,-11.48,-1.13,-6.18,-3.73,-3.23,-12.35
1786312004,-6.05,-1.51,-6.03,-0.99,-6.28,-5.24,-2.29,-13.48
1786312004,-6.42,-0.49,-0.46,-0.84,-6.4,-6.47,-4.29,-13.16
1786312004,-7.65,0.32,1.99,-0.87,-6.7,-7.28,-7.45,-11.89
1786312004,-9.42,0.36,1.05,-1.48,-7.33,-7.36,-9.39,-10.95
1786312004,-10.78,-0.66,-1.39,-2.66,-8.19,-6.82,-9.1,-11.33
1786312004,-11.2,-2.31,-3.49,-3.67,-8.84,-6.33,-7.35,-12.83
1786312004,-11.06,-3.42,-4.78,-3.85,-8.97,-6.62,-5.85,-14.38
1786312004,-11.02,-2.96,-5.85,-3.27,-8.84,-7.87,-6.18,-15.12
1786312004,-11.36,-1.21,-7.33,-2.58,-8.97,-9.48,-8.56,-14.97
1786312004,-12.15,0.22,-8.93,-2.26,-9.7,-10.38,-11.68,-14.44
1786312004,-13.53,0.03,-9.67,-2.25,-10.98,-9.97,-13.89,-14.21
1786312004,-15.37,-1.41,-8.99,-2.27,-12.44,-8.96,-14.57,-14.48
1786312004,-16.98,-2.63,-7.24,-2.33,-13.63,-8.8,-14.29,-14.89
1786312004,-17.57,-2.76,-4.97,-2.78,-14.55,-10.36,-13.99,-14.98
1786312004,-17.08,-2.19,-2.34,-3.74,-15.33,-13.1,-14.03,-14.9
1786312004,-16.23,-1.73,0.11,-4.81,-15.54,-15.33,-14.13,-15.14
1786312004,-15.68,-1.72,0.84,-5.42,-14.49,-15.49,-13.96,-15.98
1786312004,-15.47,-2.07,-1.07,-5.42,-12.34,-13.39,-13.53,-17.25
1786312004,-15.18,-2.54,-4.03,-5.11,-10.22,-10.29,-13.21,-18.72
1786312004,-14.59,-2.78,-5.38,-4.78,-9.23,-7.88,-13.2,-20.13
1786312004,-14.02,-2.46,-4.63,-4.34,-9.5,-7.2,-13.17,-21
1786312004,-14.14,-1.81,-3.92,-3.69,-10.5,-8.05,-12.73,-20.95
1786312004,-15.28,-1.53,-4.86,-3.15,-11.76,-9.19,-11.95,-20.19
1786312004,-17.08,-2.17,-6.36,-3.31,-13.04,-9.46,-11.36,-19.36
1786312004,-18.85,-3.53,-6.46,-4.23,-14.23,-8.83,-11.63,-18.96
1786312004,-20.31,-4.87,-5.08,-5.29,-15.42,-8.32,-13.4,-19
1786312004,-21.35,-5.52,-3.82,-5.71,-16.57,-8.96,-16.48,-19.18
1786312004,-21.48,-5.39,-3.38,-5.26,-16.75,-10.51,-19.17,-19.1
1786312004,-20.02,-4.9,-2.73,-4.46,-14.79,-11.53,-19.26,-18.28
1786312004,-17.21,-4.55,-1.14,-3.98,-10.96,-10.79,-16.16,-16.56
1786312004,-14.46,-4.69,-0.25,-3.95,-7.32,-8.67,-11.5,-14.49
1786312004,-13.31,-5.21,-2.56,-3.86,-6.05,-6.88,-7.65,-13
1786312004,-14.18,-5.56,-7.52,-3.31,-7.62,-6.81,-6.18,-12.82
1786312004,-16.26,-5.16,-10.69,-2.61,-10.38,-8.12,-7.09,-14.17
1786312004,-18.31,-3.96,-8.31,-2.27,-11.98,-9.08,-8.79,-16.75
1786312004,-19.58,-2.51,-1.82,-2.34,-11.42,-8.35,-9.43,-19.67
1786312004,-20,-1.43,3.5,-2.36,-9.74,-6.18,-8.64,-21.75
1786312004,-19.58,-1.08,4.15,-2.15,-8.44,-3.85,-7.81,-22.12
1786312004,-18.17,-1.5,1.75,-2.11,-7.79,-2.62,-8.27,-20.94
1786312004,-16.1,-2.46,0.32,-2.6,-7.07,-2.86,-9.72,-19.37
1786312004,-14.54,-3.52,1.22,-3.29,-5.89,-3.97,-10.6,-18.62
1786312004,-14.45,-4.14,2.23,-3.49,-4.53,-4.77,-9.67,-18.68
1786312004,-15.54,-4.08,1.24,-3.03,-3.52,-4.44,-7.17,-18.61
1786312004,-16.74,-3.51,-0.96,-2.43,-3.23,-2.99,-4.53,-17.89
1786312004,-17.39,-2.91,-2.23,-2.19,-3.89,-1.28,-3.26,-16.98
1786312004,-17.87,-2.62,-1.67,-2.15,-5.44,-0.43,-3.76,-16.59
1786312004,-18.91,-2.66,0.08,-1.92,-7.22,-0.93,-5.27,-16.89
1786312004,-20.44,-2.86,2.04,-1.6,-8.06,-2.16,-6.61,-17.35
1786312004,-21.34,-3.09,3.53,-1.56,-7.34,-3.04,-7,-17.28
1786312004,-20.81,-3.41,4.08,-1.81,-5.73,-2.99,-6.58,-16.49
1786312004,-19.4,-3.97,3.51,-1.87,-4.74,-2.36,-6.1,-15.57
1786312004,-18.35,-4.6,2.22,-1.51,-5.06,-1.88,-6.02,-15.28
1786312004,-18.01,-4.77,1.2,-1.2,-5.79,-2.03,-5.9,-15.77
1786312004,-17.53,-4.03,1.54,-1.36,-5.45,-2.43,-4.94,-16.4
1786312004,-16.16,-2.49,3.65,-1.64,-3.8,-2.14,-2.93,-16.51
1786312004,-14.43,-0.84,6.56,-1.16,-2.12,-0.68,-0.7,-16.16
1786312004,-13.56,0.22,8.1,0.34,-1.86,1.11,0.66,-15.88
1786312004,-13.94,0.17,6.6,1.94,-3.17,1.66,0.65,-15.82
1786312004,-14.7,-1.2,2.91,2.37,-4.94,0.29,-0.59,-15.47
1786312004,-14.92,-3.39,-0.38,1.38,-6.12,-2.15,-2.65,-14.33
1786312004,-14.75,-5.05,-1.73,0.05,-6.59,-4.32,-4.81,-12.62
1786312004,-14.84,-4.92,-1.56,-0.36,-6.57,-5.79,-5.99,-11.3
1786312004,-15.25,-3.05,-0.38,0.22,-5.89,-6.91,-5.32,-11.17
1786312004,-15.45,-1.06,2.11,0.79,-4.23,-7.77,-3.04,-12.21
1786312004,-15.09,-0.64,5.44,0.59,-1.85,-7.83,-0.32,-13.55
1786312004,-14.35,-1.88,7.44,-0.02,0.15,-6.51,1.73,-14.08
1786312004,-13.59,-3.13,6.11,-0.12,0.76,-3.89,2.54,-13.24
1786312004,-12.94,-2.83,2.18,0.6,-0.02,-0.63,2.01,-11.63
1786312004,-12.31,-1.19,-1.13,1.59,-1.27,2.43,0.6,-10.47
1786312004,-11.74,0.34,-1.1,2.24,-1.98,4.51,-0.6,-10.71
1786312004,-11.54,0.65,1.92,2.58,-1.63,5.05,-0.58,-12.23
1786312004,-11.59,-0.17,4.82,2.95,-0.28,3.87,0.49,-13.99
1786312004,-11.2,-1.33,4.97,3.3,1.34,1.2,1.25,-14.79
1786312004,-9.89,-2.12,3.09,3.27,2.11,-2.33,0.51,-14.24
1786312004,-8.15,-2.37,2.09,2.81,1.36,-5.64,-1.4,-12.91
1786312004,-6.96,-2.33,3.02,2.47,-0.37,-7.62,-3.01,-11.66
1786312004,-6.86,-2.44,3.84,2.65,-1.92,-7.9,-3.38,-10.92
1786312004,-7.46,-3.07,2.79,3.03,-2.44,-7.09,-3.09,-10.56
1786312004,-7.82,-4.26,1.2,2.93,-1.86,-6.37,-3.37,-10.01
1786312004,-7.27,-5.5,1.32,2.31,-0.63,-6.53,-4.48,-8.68
1786312004,-5.96,-6.05,2.65,1.84,0.39,-7.43,-5.13,-6.51
1786312004,-4.72,-5.42,2.56,2.06,0.3,-8.11,-3.7,-4.23
1786312004,-4.3,-3.86,0.67,2.66,-1.23,-7.73,-0.08,-2.84
1786312005,-4.77,-2.21,0,2.91,-3.55,-6.35,3.82,-2.69
1786312005,-5.68,-1.36,2.37,2.72,-5.59,-5.1,5.36,-3.29
1786312005,-6.63,-1.58,5.09,2.79,-6.56,-5.28,3.34,-4.06
1786312005,-7.44,-2.48,4.07,3.49,-6.34,-7.22,-0.84,-4.97
1786312005,-7.92,-3.33,-0.94,4.23,-5.44,-9.98,-4.47,-6.25
1786312005,-7.77,-3.65,-5.88,4.11,-4.94,-12.28,-6.29,-7.62
1786312005,-6.96,-3.35,-7.09,3.08,-5.89,-13.51,-7.23,-8.29
1786312005,-5.96,-2.75,-5.07,1.95,-8.16,-13.83,-8.37,-7.91
1786312005,-5.38,-2.31,-2.94,1.34,-10.06,-13.52,-8.96,-7.08
1786312005,-5.19,-2.3,-2.23,1.24,-9.8,-12.4,-7.43,-6.73
1786312005,-4.77,-2.5,-1.82,1.26,-7.43,-10.36,-3.92,-7.09
1786312005,-3.81,-2.47,-0.58,1.27,-5.06,-8.21,-0.62,-7.59
1786312005,-2.9,-1.95,0.61,1.37,-4.87,-7.64,0.25,-7.61
1786312005,-2.91,-0.93,0.15,1.54,-7.1,-9.68,-1.56,-7.05
1786312005,-3.81,0.34,-1.73,1.46,-9.78,-13.17,-4.36,-6.16
1786312005,-4.51,1.28,-3.17,0.87,-10.52,-15.5,-5.96,-4.96
1786312005,-4.18,1.28,-3.27,-0.01,-8.69,-15.16,-5.29,-3.36
1786312005,-3.08,0.46,-2.8,-0.6,-5.71,-13.19,-3.06,-1.57
1786312005,-2.08,-0.26,-2.52,-0.42,-3.21,-11.64,-1.09,-0.1
1786312005,-1.58,0.05,-2.06,0.39,-1.74,-11.03,-0.42,0.68
1786312005,-1.24,1.37,-0.8,1.23,-1.2,-10.03,-0.3,0.99
1786312005,-0.57,2.8,1.1,1.65,-1.51,-7.68,0.58,1.4
1786312005,0.54,3.54,2.48,1.75,-2.35,-4.9,2.07,2.42
1786312005,1.96,3.61,2.07,1.75,-3,-3.35,2.73,4.14
1786312005,3.49,3.51,-0.19,1.61,-2.91,-3.41,1.84,6.31
1786312005,4.8,3.63,-2.88,1.16,-2.35,-4,0.61,8.71
1786312005,5.98,3.96,-4.47,0.74,-1.83,-4.14,0.79,11.08
1786312005,7.93,4.29,-4.49,1.02,-1.16,-4.15,2.14,13
1786312005,11.33,4.39,-3.38,2.14,0.25,-5,2.24,13.86
1786312005,15.32,4.13,-1.33,3.11,2.34,-6.58,-0.28,13.2
1786312005,18.07,3.61,1.9,2.7,4.3,-7.29,-3.13,11.28
1786312005,18.52,3.2,5.71,1.02,5.36,-5.73,-2.61,9.22
1786312005,17,3.13,7.81,-0.51,5.44,-2.42,2.1,8.33
1786312005,14.64,3.27,6,-0.79,5.17,0.53,7.81,8.81
1786312005,12.53,3.29,1.35,-0.13,5.13,1.32,10.36,9.66
1786312005,11.14,3.02,-2.14,0.43,5.27,-0.09,8.37,9.79
1786312005,10.31,2.62,-2.12,0.47,5.14,-2.26,4.01,9.13
1786312005,9.73,2.34,-0.67,0.41,4.54,-3.78,0.4,8.58
1786312005,9.54,2.43,-1.05,0.76,3.93,-4.41,-1.29,8.8
1786312005,10.23,3.14,-2.79,1.36,3.82,-4.59,-1.92,9.45
1786312005,11.8,4.55,-2.22,1.73,4.15,-4.39,-2.31,9.53
1786312005,13.43,6.19,2.2,1.85,4.69,-3.31,-1.94,8.37
1786312005,14.06,7.36,7.41,2.18,5.47,-1.19,-0.01,6.28
1786312005,13.23,7.69,9.23,2.95,6.25,1.09,3.18,4.11
1786312005,11.38,7.19,6.88,3.74,6.16,2.17,6.03,2.38
1786312005,9.59,5.88,3.1,3.94,4.52,1.52,6.63,1.02
1786312005,8.97,4.05,0.57,3.47,1.85,-0.32,4.47,0.07
1786312005,9.91,2.61,-0.59,2.78,-0.38,-2.33,1.23,-0.07
1786312005,11.93,2.57,-1.8,2.29,-0.96,-3.6,-0.62,0.86
1786312005,14,3.9,-3.24,1.98,0.41,-3.69,-0.17,2.55
1786312005,15.26,5.1,-3.38,1.57,3.07,-2.98,1.3,4.43
1786312005,15.26,4.53,-1.5,0.95,5.64,-2.48,1.82,5.98
1786312005,13.98,2,0.47,0.32,6.75,-2.97,0.6,6.81
1786312005,11.82,-1.13,-0.46,-0.12,6.11,-4.13,-1.19,6.76
1786312005,9.56,-3.32,-4.55,-0.64,4.69,-4.79,-1.42,6.04
1786312005,8.04,-4.02,-8.2,-1.52,3.62,-4.23,0.73,5.12
1786312005,7.62,-3.48,-7.43,-2.48,3.36,-2.88,3.93,4.5
1786312005,7.99,-1.88,-2.25,-2.69,3.73,-1.71,6.02,4.57
1786312005,8.63,0.57,3.35,-1.81,4.28,-1.12,5.91,5.48
1786312005,9.17,3.02,5.45,-0.54,4.35,-0.93,4.1,7.07
1786312005,9.48,4.02,3.6,0.01,3.56,-0.93,1.92,8.88
1786312005,9.52,2.57,0.17,-0.61,2.39,-1.21,0.6,10.1
1786312005,9.1,-0.6,-2.72,-1.86,1.83,-1.89,0.72,9.92
1786312005,8.2,-3.29,-4.74,-2.84,2.27,-2.68,2.18,8.24
1786312005,7.21,-3.62,-6.19,-3.19,2.99,-2.96,4.01,5.93
1786312005,6.72,-1.69,-6.49,-3.08,3.13,-2.36,4.85,4.12
1786312005,6.75,0.85,-4.64,-2.76,2.57,-1.16,4.06,3.4
1786312005,6.56,2.49,-1.06,-2.28,1.65,-0.09,2.43,3.69
1786312005,5.47,2.9,2.04,-1.74,0.43,0.3,1.39,4.61
1786312005,3.87,2.39,2.29,-1.54,-1.09,0.07,1.67,5.71
1786312005,3.05,1.13,-0.63,-2.07,-2.37,-0.33,2.64,6.67
1786312005,3.55,-0.6,-4.6,-3.17,-2.63,-0.97,2.89,7.34
1786312005,4.35,-2,-6.68,-4.13,-1.85,-2.19,1.42,7.39
1786312005,3.97,-2.2,-5.65,-4.32,-0.88,-3.35,-1.17,6.49
1786312005,2.32,-1.24,-2.7,-3.86,-0.45,-3.06,-3.06,5.01
1786312005,0.77,-0.08,0.06,-3.3,-0.64,-1,-3.03,4.03
1786312005,0.57,0.48,1.43,-2.92,-1.18,1.26,-1.69,4.38
1786312005,1.54,0.5,1.32,-2.52,-1.83,1.84,-0.87,5.85
1786312005,2.48,0.47,0.06,-2.01,-2.58,0.43,-1.69,7.42
1786312005,2.56,0.51,-1.5,-1.65,-3.47,-1.51,-3.49,8.15
1786312005,2.16,0.24,-2.01,-1.73,-4.42,-2.39,-4.68,7.79
1786312005,2.09,-0.62,-1.15,-2.09,-5.06,-1.64,-4.45,6.78
1786312005,2.64,-1.82,-0.61,-2.18,-4.91,0.54,-3.17,5.8
1786312005,3.42,-2.74,-2,-1.66,-3.86,3.4,-1.14,5.26
1786312005,3.93,-2.86,-4.04,-0.96,-2.47,5.77,1.53,5.08
1786312005,4.01,-2.18,-3.38,-0.79,-1.56,6.55,3.9,4.78
1786312005,3.69,-1.21,1.2,-1.26,-1.51,5.59,4.43,4.09
1786312005,3.04,-0.57,6.29,-1.67,-1.92,3.78,2.6,3.37
1786312005,2.28,-0.38,7.1,-1.29,-2.04,2.29,-0.39,3.26
1786312005,1.76,-0.38,2.68,-0.34,-1.7,1.72,-2.75,3.93
1786312005,1.6,-0.49,-3.08,0.26,-1.66,2.05,-3.28,4.96
1786312005,1.47,-0.84,-5.73,-0.1,-2.66,2.96,-1.96,5.79
1786312005,0.77,-1.29,-4.49,-1.08,-4.4,3.96,-0.02,6.1
1786312005,-0.83,-1.51,-1.97,-1.87,-5.72,4.39,0.81,5.74
1786312005,-2.69,-1.51,-0.61,-2.04,-5.85,3.86,-0.27,4.85
1786312005,-3.61,-1.69,-0.44,-1.7,-5.21,2.9,-2.25,3.82
1786312005,-2.92,-1.99,-0.06,-1.25,-4.83,2.91,-3.26,3.04
1786312005,-1.1,-1.68,1.11,-0.95,-4.8,4.77,-2.66,2.72
1786312005,0.69,-0.3,2.13,-0.77,-3.83,7.58,-1.47,2.92
1786312005,1.66,1.37,2.04,-0.63,-1.03,9.43,-0.58,3.63
1786312005,1.85,1.92,1.13,-0.57,2.41,9.55,0.49,4.72
1786312005,1.83,0.92,0.28,-0.45,4.39,8.95,2.68,5.97
1786312005,1.95,-0.68,-0.24,-0.03,4.17,8.87,5.88,6.98
1786312005,2.24,-1.62,-0.99,0.54,2.75,9.33,8.8,7.26
1786312005,2.85,-1.59,-2.36,0.72,1.59,9.67,10.14,6.59
1786312005,3.99,-1.23,-3.83,0.26,1.59,9.54,9.58,5.42
1786312005,5.29,-1.24,-4.48,-0.38,2.64,9.05,7.59,4.53
1786312005,5.7,-1.55,-4.27,-0.59,3.53,8.5,4.85,4.41
1786312005,4.59,-1.54,-3.98,-0.38,3.22,8.28,2.42,4.87
1786312005,2.49,-0.88,-3.69,-0.29,2.09,8.58,1.54,5.17
1786312005,0.51,-0.03,-2.66,-0.61,1.2,8.76,2.48,4.69
1786312005,-0.93,0.18,-0.69,-0.97,0.75,7.69,3.74,3.38
1786312005,-2.21,-0.71,1.1,-0.85,0.1,4.96,3.23,1.82
1786312005,-3.58,-2.29,1.28,-0.29,-0.91,1.66,0.38,0.71
1786312005,-4.52,-3.65,-0.31,0.18,-1.64,-0.37,-3.09,0.42
1786312005,-4.37,-4.1,-2.41,0.18,-1.68,-0.16,-4.86,0.79
1786312005,-3.16,-3.46,-3.72,-0.12,-1.48,1.68,-4.13,1.37
1786312005,-1.68,-2.03,-4.28,-0.27,-1.73,3.77,-2.12,1.84
1786312005,-0.59,-0.46,-5.02,-0.03,-2.43,5.33,-0.71,2.08
1786312005,0.01,0.47,-6.02,0.34,-2.79,6.42,-0.65,1.81
1786312005,0.41,0.33,-6.35,0.49,-2.25,6.95,-0.99,0.76
1786312005,0.78,-0.62,-5.43,0.3,-1.44,6.24,-0.45,-0.77
1786312005,1.05,-1.6,-3.78,0.07,-1.63,3.98,0.89,-1.9
1786312005,1.11,-1.9,-2.49,0.09,-3.09,1.22,1.76,-2.04
1786312005,1.02,-1.47,-2.31,0.25,-4.6,-0.29,1.51,-1.39
1786312005,1.05,-0.82,-2.95,0.34,-4.61,0.1,0.93,-0.46
1786312005,1.35,-0.29,-3.29,0.57,-2.61,1.41,1.02,0.45
1786312005,1.67,0.3,-2.51,1.4,0.47,2.3,1.61,1.25
1786312005,1.57,1.12,-0.74,2.83,2.96,2.46,1.87,1.71
1786312005,0.95,1.96,1.28,4.1,3.7,2.57,1.72,1.66
1786312005,0.32,2.45,2.85,4.37,2.94,3.19,2.32,1.37
1786312005,0.29,2.5,3.41,3.6,1.69,4.29,4.83,1.52
1786312005,0.92,2.43,2.7,2.6,0.64,5.39,8.64,2.46
1786312005,1.65,2.45,0.93,2.2,-0.01,5.98,11.19,3.67
1786312005,2.01,2.14,-1.46,2.46,-0.28,5.82,10.17,4.32
1786312005,1.94,0.87,-3.82,2.69,-0.43,5.06,6.01,4.22
1786312005,1.62,-1.09,-5.35,2.17,-0.95,4.25,2.03,4.1
1786312005,1.23,-2.29,-5.65,0.94,-1.98,4.36,1.79,4.72
1786312005,1.18,-1.6,-5.16,-0.17,-2.83,6.04,5.7,6.03
1786312005,1.85,0.52,-4.4,-0.42,-2.22,8.63,10.56,7.2
1786312005,3.03,2.44,-3.22,0.2,0.47,10.58,12.58,7.37
1786312005,3.86,2.92,-1.76,1.2,4.14,10.83,10.68,6.36
1786312005,3.56,2.02,-1.44,2.09,6.81,9.66,6.93,4.85
1786312005,2.28,0.62,-3.29,2.56,7.34,8.27,4.34,3.88
1786312005,1.03,-0.52,-5.89,2.48,6.25,7.51,4.2,4.01
1786312005,0.51,-1.1,-6.34,1.99,4.75,7.18,5.35,4.86
1786312005,0.37,-0.97,-3.57,1.58,3.5,6.44,5.69,5.46
1786312005,-0.22,0.04,0.19,1.76,2.33,4.9,4.05,5.08
1786312005,-1.42,1.88,2.09,2.49,0.92,3.17,0.96,3.91
1786312005,-2.62,4.04,2.08,3.11,-0.59,2.46,-1.86,2.8
1786312005,-3.36,5.62,2.46,2.97,-1.77,3.12,-2.81,2.23
1786312005,-3.75,5.87,4.19,2.26,-2.3,3.95,-1.54,1.89
1786312005,-3.98,4.76,5.09,1.82,-2.09,3.38,0.85,1.43
1786312005,-3.86,3.04,2.65,2.14,-1.27,1.38,2.82,1.14
1786312005,-3.01,1.52,-2.26,2.78,-0.09,-0.36,3.5,1.69
1786312005,-1.5,0.69,-5.51,2.86,1.21,-0.38,2.93,3.51
1786312005,0.05,0.83,-4.17,2.18,2.45,1.26,1.68,6.23
1786312005,1.16,1.92,0.28,1.39,3.32,3.55,0.37,8.8
1786312005,2.07,3.52,4.16,1.13,3.46,5.5,-0.26,10.2
1786312005,3.49,4.87,5.99,1.26,2.76,6.67,0.5,10.31
1786312005,5.65,5.35,7.06,1.31,1.3,7.27,2.94,10.03
1786312005,7.81,4.71,8.32,1.15,-0.47,7.72,6.43,10.26
1786312005,8.7,3.23,8.47,0.97,-1.46,8.02,9.2,10.88
1786312005,7.65,1.53,5.82,0.85,-0.74,7.8,9.32,10.77
1786312005,5.27,0.14,1.11,0.69,1.16,6.86,6.37,8.98
1786312005,2.72,-0.77,-2.36,0.5,2.51,5.23,1.96,5.81
1786312005,0.69,-1.08,-1.94,0.46,2.08,3.03,-1.62,2.58
1786312005,-0.75,-0.78,1.4,0.55,0.2,0.84,-2.99,0.53
1786312005,-1.52,-0.08,4.03,0.46,-2.03,-0.09,-2.44,-0.12
1786312005,-1.32,0.59,3.44,-0.01,-3.49,1.07,-1.38,-0.01
1786312005,-0.16,0.86,0.41,-0.51,-3.28,3.63,-0.81,0.03
1786312005,1.05,0.71,-2.33,-0.26,-1.34,5.66,-0.27,-0.58
1786312005,1.1,0.58,-2.9,1.04,0.93,5.75,0.92,-2.05
1786312005,-0.29,0.97,-1.35,2.61,1.63,4.17,2.04,-4.07
1786312005,-1.99,1.89,1.01,3.2,0.3,2.4,1.79,-5.75
1786312005,-2.56,2.82,2.5,2.5,-1.73,1.59,0.26,-6.25
1786312005,-1.77,3.18,2.29,1.45,-2.9,1.73,-1.11,-5.5
1786312005,-0.79,2.91,1.47,1.17,-2.89,2.03,-1.31,-4.32
1786312005,-0.81,2.38,2.03,1.73,-2.18,1.79,-0.72,-3.67
1786312005,-1.89,1.94,4.46,2.22,-1.21,1.06,-0.42,-3.86
1786312005,-3.16,1.49,7.21,1.87,-0.49,0.43,-0.94,-4.53
1786312005,-3.83,0.72,8.31,0.83,-0.55,0.36,-1.73,-5
1786312005,-3.79,-0.23,6.93,0.01,-1.54,0.66,-1.58,-4.79
1786312005,-3.42,-0.68,3.71,0.05,-2.82,0.91,-0.06,-3.86
1786312005,-3.27,-0.09,0.72,0.67,-3.32,0.92,1.66,-2.62
1786312005,-3.74,1.12,0.34,1.04,-2.52,0.53,1.67,-1.81
1786312005,-4.95,1.88,3.11,0.74,-1.13,-0.61,-0.76,-2.05
1786312005,-6.69,1.46,6.81,0.04,-0.23,-2.64,-4.32,-3.39
1786312005,-8.31,-0.01,8.68,-0.66,-0.15,-4.84,-6.86,-5.17
1786312005,-8.81,-1.91,8.07,-1.27,-0.41,-5.97,-7.05,-6.47
1786312005,-7.51,-3.53,6.21,-1.84,-0.54,-5.3,-4.84,-6.64
1786312005,-4.54,-4.3,4.08,-2.24,-0.6,-3.32,-0.96,-5.49
1786312005,-0.64,-3.89,1.97,-2.16,-0.97,-1.29,3.64,-3.4
1786312005,3.2,-2.53,0.65,-1.53,-1.17,0.04,7.74,-1.35
1786312005,5.91,-1.27,1.07,-0.7,0.23,0.99,10.07,-0.41
1786312005,6.56,-1.34,2.81,-0.1,3.83,2.11,9.82,-1.02
1786312005,4.94,-2.87,3.95,0.17,7.8,3.19,7.31,-2.65
1786312005,1.75,-4.57,3.18,0.37,9.44,3.36,3.54,-4.3
1786312005,-1.83,-5.08,1.27,0.52,7.92,1.94,-0.58,-5.31
1786312005,-4.64,-4.43,0,0.31,4.78,-0.74,-4.4,-5.67
1786312005,-5.96,-3.83,0.04,-0.38,2.33,-3.5,-7.15,-5.65
1786312005,-5.87,-4.14,0.36,-1.01,1.81,-5.26,-8.07,-5.47
1786312005,-5.05,-5.04,-0.47,-0.94,2.94,-5.87,-7.03,-5.06
1786312005,-4.24,-5.58,-2.54,-0.27,4.5,-5.87,-4.88,-4.14
1786312005,-3.88,-5.29,-4.03,0.22,5.24,-5.56,-3.07,-2.6
1786312005,-4.04,-4.39,-3.07,0.06,4.72,-4.87,-2.73,-0.81
1786312005,-4.67,-3.38,-0.22,-0.33,3.45,-4.09,-3.69,0.59
1786312005,-5.59,-2.6,1.93,-0.22,2.22,-3.9,-4.72,1.13
1786312005,-6.43,-2.31,2.24,0.45,1.49,-4.25,-4.62,0.81
1786312005,-6.51,-2.62,2.17,1.04,1.24,-4.14,-3.22,-0.09
1786312005,-5.37,-3.41,3.01,0.94,1.21,-3,-1.28,-1.13
1786312005,-3.42,-4.12,3.91,0.36,1.06,-1.56,0.33,-1.92
1786312005,-2,-4.02,3.5,0.08,0.8,-0.83,1.33,-2.47
1786312005,-2,-2.77,2.01,0.48,1.08,-0.81,1.94,-3.15
1786312005,-2.74,-0.95,0.96,1.14,2.39,-0.7,2.4,-4.13
1786312005,-2.89,0.33,1.18,1.63,4.12,-0.2,2.51,-5.04
1786312005,-2.35,0.4,1.89,2,4.77,-0.25,1.67,-5.45
1786312005,-2.38,-0.38,1.93,2.49,3.28,-1.94,-0.43,-5.35
1786312005,-3.77,-1.09,1.5,2.92,0.26,-4.87,-3.32,-5.03
1786312005,-5.6,-1.3,1.77,2.71,-2.45,-7.03,-5.77,-4.58
1786312005,-6.25,-1.29,2.99,1.57,-3.37,-6.75,-6.46,-3.79
1786312005,-5.18,-1.51,3.75,-0.09,-2.54,-4.36,-4.84,-2.52
1786312005,-3.54,-1.81,2.43,-1.46,-0.98,-1.82,-1.69,-1.08
1786312005,-2.95,-1.69,-0.56,-2.05,0.51,-0.71,1.44,-0.14
1786312005,-3.72,-1.05,-2.59,-1.97,1.57,-1.07,3.46,0.03
1786312005,-4.72,-0.39,-1.29,-1.62,2.21,-1.9,4.28,-0.04
1786312005,-4.83,-0.3,2.73,-1.18,2.52,-2.42,4.32,0.25
1786312005,-4.05,-0.95,5.96,-0.63,2.5,-2.62,3.83,0.97
1786312005,-3.05,-2.05,5.15,-0.11,2.07,-2.78,2.45,1.79
1786312005,-2.24,-3.13,0.36,-0.06,1.15,-2.8,-0.39,2.41
1786312005,-1.7,-3.82,-5.09,-0.67,-0.21,-2.38,-4.11,2.56
1786312005,-1.64,-3.93,-7.74,-1.41,-1.58,-1.61,-6.58,1.9
1786312005,-2.19,-3.41,-6.93,-1.44,-2.19,-1.11,-6.16,0.35
1786312005,-2.88,-2.37,-4.47,-0.6,-1.59,-1.4,-3.65,-1.52
1786312005,-2.77,-1.02,-2.26,0.29,-0.05,-2.18,-1.24,-2.67
1786312005,-1.45,0.37,-0.84,0.35,1.6,-2.43,-0.03,-2.42
1786312005,0.26,1.33,0.14,-0.39,2.44,-1.62,0.34,-1.03
1786312005,1.09,1.45,0.56,-1.21,2.03,-0.39,0.25,0.67
1786312005,0.62,0.58,-0.35,-1.67,0.82,0.15,-0.47,1.98
1786312005,-0.51,-1.08,-2.27,-2.04,-0.23,-0.26,-1.77,2.47
1786312005,-1.47,-3,-3.44,-2.77,-0.68,-0.91,-2.86,1.98
1786312005,-1.96,-4.44,-2.91,-3.81,-0.72,-1.11,-2.99,0.67
1786312005,-2.21,-4.66,-1.79,-4.68,-0.61,-1.04,-2.22,-0.75
1786312005,-2.37,-3.44,-1.62,-5,-0.43,-1.41,-1.18,-1.44
1786312005,-2.13,-1.41,-2.43,-4.79,-0.24,-2.5,-0.3,-1.01
1786312005,-1.17,0.36,-2.7,-4.29,0.1,-3.67,0.36,0.05
1786312005,0.11,1.17,-1.02,-3.69,0.81,-3.86,0.9,0.8
1786312005,0.87,0.92,1.81,-3.1,1.78,-2.52,1.43,0.66
1786312005,0.94,-0.18,3.32,-2.68,2.54,-0.03,1.77,-0.13
1786312005,1.09,-1.66,2.46,-2.55,2.78,2.52,1.29,-1.01
1786312005,1.96,-2.78,0.82,-2.6,2.6,3.82,-0.32,-1.84
1786312005,3.09,-2.93,0.14,-2.48,2.01,2.86,-2.65,-3
1786312005,3.17,-2.24,0.26,-2.1,0.64,-0.25,-4.95,-4.82
1786312005,1.53,-1.54,0.37,-1.79,-1.87,-3.97,-6.57,-7.15
1786312005,-0.99,-1.71,0.69,-1.92,-5.07,-6.21,-7,-9.17
1786312006,-2.6,-2.64,1.93,-2.18,-7.63,-5.96,-6.13,-9.93
1786312006,-2.24,-3.22,3.7,-1.78,-8.43,-3.9,-4.42,-9.21
1786312006,-0.62,-2.48,4.45,-0.5,-7.41,-1.79,-2.57,-7.77
1786312006,0.61,-0.84,3.32,0.79,-5.4,-1.09,-1.42,-6.67
1786312006,0.55,0.39,1.61,0.94,-3.31,-1.77,-1.72,-6.46
1786312006,-0.23,0.39,1.4,-0.22,-1.62,-2.6,-3.23,-6.86
1786312006,-0.63,-0.44,2.94,-1.56,-0.08,-2.71,-4.45,-7.21
1786312006,-0.16,-1.02,4.21,-1.85,1.66,-2.59,-4.35,-6.86
1786312006,0.97,-0.7,3.41,-0.95,3.24,-3.06,-3.65,-5.65
1786312006,2.25,0.02,1.01,0.11,3.72,-3.84,-3.63,-4.05
1786312006,3.02,0.15,-0.98,0.33,2.72,-3.94,-4.17,-2.87
1786312006,2.72,-0.55,-1.45,-0.26,0.88,-3.02,-3.92,-2.52
1786312006,1.29,-1.26,-1.31,-0.96,-0.6,-1.77,-1.93,-2.73
1786312006,-0.43,-1.1,-2.07,-1.35,-1.02,-1.04,1.26,-3.01
1786312006,-1.26,-0.22,-3.73,-1.59,-0.8,-1.11,4.38,-3.12
1786312006,-0.77,0.54,-4.58,-1.92,-0.7,-1.62,6.35,-2.94
1786312006,0.3,0.76,-3.2,-2.12,-0.63,-2.07,6.6,-2.2
1786312006,0.92,0.73,-0.16,-1.83,0.21,-2.28,4.88,-0.76
1786312006,0.78,0.78,2.63,-1.16,1.94,-2.48,1.42,1.02
1786312006,0.36,0.76,3.8,-0.64,3.71,-2.98,-2.61,2.15
1786312006,0.25,0.42,3.18,-0.7,4.73,-3.62,-5.3,1.94
1786312006,0.67,0.04,1.22,-1.13,5.09,-3.85,-5.19,0.87
1786312006,1.23,0.36,-1.28,-1.29,5.14,-3.32,-2.76,0.3
1786312006,1.29,1.62,-2.87,-0.84,4.65,-2.42,-0.4,0.91
1786312006,0.64,3,-2.18,-0.18,3.07,-1.78,-0.13,2.04
1786312006,-0.23,3.23,0.5,-0.05,0.69,-1.66,-1.47,2.52
1786312006,-0.59,1.99,3.16,-0.69,-1.22,-1.82,-2.13,1.88
1786312006,-0.03,0.38,3.99,-1.69,-1.66,-2.03,-0.74,0.7
1786312006,1.38,-0.16,3.01,-2.49,-0.47,-2.1,1.96,-0.07
1786312006,3.29,0.89,1.6,-2.86,2.31,-1.73,4.27,0.1
1786312006,5.06,2.85,0.75,-2.68,6.17,-0.86,4.94,0.95
1786312006,5.79,4.57,0.24,-1.81,9.45,-0.08,3.82,1.72
1786312006,4.95,5.22,-0.57,-0.37,10.27,-0.23,1.62,1.9
1786312006,3.05,4.46,-1.72,0.9,8.49,-1.58,-0.77,1.61
1786312006,1.33,2.44,-2.58,1.02,5.67,-3.55,-2.84,1.17
1786312006,0.62,-0.22,-2.32,-0.24,3.46,-4.96,-4.18,0.62
1786312006,0.61,-2.38,-0.82,-2.11,2.54,-4.73,-3.95,-0.14
1786312006,0.53,-2.84,1.05,-3.46,2.84,-2.58,-1.48,-0.86
1786312006,0.33,-1.39,2.21,-3.72,3.79,0.52,2.17,-0.91
1786312006,0.75,0.89,2.5,-3.14,4.6,2.91,4.22,0.2
1786312006,2.3,2.57,2.53,-2.33,4.91,3.39,2.59,2.14
1786312006,4.27,3.02,2.56,-1.59,5.08,2.02,-1.62,3.84
1786312006,5.33,2.78,2.17,-0.86,5.51,0.05,-5.03,4.15
1786312006,4.95,2.75,1.37,-0.04,6.17,-1.03,-5.24,2.85
1786312006,3.96,3.37,1.4,0.73,6.87,-0.57,-2.54,0.67
1786312006,3.52,4.42,3.69,1.38,7.36,0.88,1.28,-1.34
1786312006,3.87,5.42,7.91,2.06,7.23,2.31,4.56,-2.49
1786312006,4.37,6.09,11.58,2.84,6.37,3.13,6.17,-2.71
1786312006,4.63,6.39,12.18,3.42,5.37,3.34,5.9,-2.42
1786312006,5.09,6.42,9.72,3.44,4.99,3.32,4.84,-2.09
1786312006,6.14,6.28,6.71,2.98,5.2,3.5,4.39,-1.83
1786312006,7.23,6.14,5.52,2.63,5.44,4.06,4.85,-1.52
1786312006,7.33,5.99,5.63,2.83,5.49,4.98,5.53,-1.18
1786312006,6.28,5.66,4.5,3.36,5.72,6.05,5.86,-0.92
1786312006,5.1,5,1.36,3.61,6.48,6.78,5.75,-0.75
1786312006,4.81,4.19,-1.03,3.37,7.65,6.6,5.3,-0.72
1786312006,5.11,3.79,0.36,3.01,8.51,5.31,4.67,-1.22
1786312006,4.85,4.32,5.08,2.96,8.32,3.43,3.76,-2.51
1786312006,3.58,5.6,9.43,3.16,6.9,1.92,2.09,-4.13
1786312006,2.11,6.57,10.37,3.19,4.79,1.32,-0.5,-5.08
1786312006,1.58,6.26,8.31,2.81,2.95,1.29,-3.04,-4.67
1786312006,2.21,5.03,5.78,2.24,2.19,1.16,-4.17,-3.13
1786312006,3.27,4.22,4.31,1.89,2.65,0.94,-3.71,-1.43
1786312006,4.03,4.58,3.9,1.88,3.8,1.21,-2.62,-0.52
1786312006,4.54,5.52,4.46,1.92,4.99,2.29,-1.47,-0.75
1786312006,5.3,5.91,5.6,1.76,6.06,3.71,0.19,-1.6
1786312006,6.35,5.27,6.04,1.52,7.12,4.65,2.49,-2.06
1786312006,7.14,4.13,4.9,1.52,7.95,4.66,4.34,-1.47
1786312006,7.21,3.3,3.17,1.9,8.09,3.76,4.43,-0.12
1786312006,6.85,3.05,2.69,2.48,7.34,2.29,2.89,1.17
1786312006,6.69,3.01,3.96,2.98,6.05,0.75,1.47,1.87
1786312006,6.72,2.75,5.46,3.28,4.79,-0.5,2,2.08
1786312006,6.28,2.26,5.16,3.45,3.71,-1.3,4.54,2.05
1786312006,4.94,1.87,2.4,3.4,2.5,-1.34,7.16,1.84
1786312006,3.32,1.78,-1.3,2.93,0.9,-0.42,7.7,1.39
1786312006,2.29,1.82,-3.7,2.06,-0.82,0.9,5.88,0.76
1786312006,1.91,1.75,-4.07,1.11,-2.02,1.38,3.48,0.17
1786312006,1.55,1.52,-3.57,0.35,-2.12,0.34,2.45,0.02
1786312006,0.8,1.22,-3.51,-0.29,-1.17,-1.51,3.16,0.64
1786312006,-0.06,0.78,-3.97,-0.94,-0.01,-2.7,4.42,1.9
1786312006,-0.64,0.13,-4.22,-1.44,0.29,-2.45,4.67,3.22
1786312006,-0.96,-0.38,-3.76,-1.36,-0.47,-1.31,3.25,3.83
1786312006,-1.34,-0.13,-2.65,-0.56,-1.36,-0.27,0.88,3.38
1786312006,-1.67,1.12,-1.46,0.5,-1.24,0.28,-0.92,2.2
1786312006,-1.49,2.82,-0.82,1.15,-0.02,0.37,-0.92,1.05
1786312006,-0.68,4.1,-0.85,1.21,1.24,0.2,1.14,0.37
1786312006,0.16,4.53,-1.1,1.13,1.34,0.31,4.18,-0.02
1786312006,0.31,4.2,-1.62,1.37,-0.07,1.07,5.98,-0.43
1786312006,-0.41,3.42,-2.88,1.69,-2.34,1.74,4.88,-0.89
1786312006,-1.4,2.25,-4.18,1.36,-4.37,1.13,1.5,-1.18
1786312006,-1.87,0.6,-3.68,0.11,-5.3,-0.88,-1.62,-1.23
1786312006,-1.67,-1.19,-0.76,-1.36,-4.75,-2.96,-2.24,-1.13
1786312006,-1.31,-2.22,2.82,-1.96,-3.11,-3.63,-0.24,-0.98
1786312006,-1.22,-1.72,4.89,-1.27,-1.46,-2.54,2.55,-0.73
1786312006,-1.26,0.14,5.17,0.24,-0.77,-0.61,4.19,-0.22
1786312006,-1.21,2.32,4.93,1.66,-1.03,0.87,4.25,0.52
1786312006,-1.16,3.7,4.86,2.34,-1.48,1.51,3.79,1.36
1786312006,-1.29,3.77,4.12,2.25,-1.42,1.97,3.96,2.35
1786312006,-1.51,2.69,1.89,1.7,-0.93,2.97,4.65,3.59
1786312006,-1.72,0.9,-0.87,0.99,-0.73,4.28,4.52,4.61
1786312006,-2.19,-1,-2.4,0.33,-1.34,4.69,2.68,4.51
1786312006,-3.08,-2.15,-2.52,-0.1,-2.38,3.23,0.05,3.07
1786312006,-3.91,-1.96,-2.82,-0.31,-2.83,0.43,-1.37,1.29
1786312006,-3.83,-0.64,-4.32,-0.59,-2.29,-1.83,-0.63,0.5
1786312006,-2.59,0.79,-6.05,-1.01,-1.36,-2.13,1.32,0.9
1786312006,-0.9,1.33,-6.49,-1.09,-0.82,-0.75,2.99,1.3
1786312006,0.15,0.82,-5.5,-0.28,-0.83,0.92,3.78,0.52
1786312006,-0.03,0.06,-4.22,1.25,-1.33,1.72,3.64,-0.89
1786312006,-1.02,-0.09,-3.58,2.55,-2.52,1.32,2.24,-0.93
1786312006,-1.84,0.2,-3.4,2.59,-4.32,0.06,-0.4,1.68
1786312006,-1.6,-0.06,-3.23,1.12,-5.89,-1.11,-2.84,5.99
1786312006,-0.23,-1.33,-3.41,-1.01,-6.43,-1.23,-3.02,9.72
1786312006,1.66,-2.84,-4.69,-2.59,-5.68,-0.35,-0.48,10.99
1786312006,3.33,-3.39,-6.78,-3.24,-3.45,0.32,2.84,9.24
1786312006,4.38,-2.72,-8.26,-3.49,0.15,-0.04,4.29,5.78
1786312006,4.87,-1.62,-8.18,-3.54,3.61,-0.47,3.12,3.5
1786312006,5.2,-0.55,-6.93,-2.81,5.17,1.18,1.35,4.41
1786312006,5.84,1.43,-4.97,-1.21,4.95,5.56,2.05,6.95
1786312006,6.77,5.66,-1.83,0.31,4.66,10.51,6.13,6.96
1786312006,7.63,11.62,2.69,0.94,5.27,13.3,11.31,2.87
1786312006,8.67,17.29,7.12,1.07,6.81,14.02,15.2,-0.48
1786312006,11.14,21.96,9.88,1.49,9.71,15.81,18.31,3.77
1786312006,15.78,26.9,11.95,2.93,14.57,21.12,22.7,15.51
1786312006,20.98,32.62,15.51,6.27,20.58,28.17,28.76,26.27
1786312006,23.65,37.5,20.28,11.71,25.62,32.52,34.53,27.95
1786312006,22.46,39.78,23.47,17.47,28.12,31.89,37.46,20.68
1786312006,19.32,39.46,23.61,20.69,28.09,28.62,36.52,11.33
1786312006,17.31,37.66,22.59,20.34,26.49,26.59,33.03,5.88
1786312006,17.6,34.93,23.46,18.44,24.15,26.98,29.42,4.97
1786312006,18.97,31.03,26.85,17.86,21.32,27.92,26.95,5.66
1786312006,19.42,26.17,30.17,19.35,17.94,27.09,25.17,5.46
1786312006,17.73,21.5,30.12,21.25,13.97,23.8,22.82,4.16
1786312006,13.98,17.61,25.52,21.39,9.34,18.87,18.94,2.97
1786312006,9.47,13.37,18.07,18.89,4.39,13.54,13.57,2.72
1786312006,5.85,7.25,10.97,14.52,0.19,8.69,8.03,3.23
1786312006,4.07,-0.73,6.36,9.87,-2.01,4.76,3.9,3.81
1786312006,3.58,-8.76,3.61,6.15,-2.46,1.6,1.27,4.11
1786312006,2.63,-14.72,0.16,3.35,-3.46,-1.66,-1.46,4.11
1786312006,-0.13,-17.98,-5.71,0.54,-7.05,-5.93,-5.72,3.69
1786312006,-4.35,-19.85,-12.74,-2.84,-12.23,-11.12,-10.63,2.41
1786312006,-8.46,-22.03,-17.68,-6.32,-15.81,-15.99,-13.53,0.03
1786312006,-11.45,-24.95,-19.09,-8.92,-16.42,-19.25,-13.21,-3.08
1786312006,-13.59,-27.94,-18.8,-10.19,-16.25,-20.95,-12.17,-6.15
1786312006,-15.81,-30.2,-19.47,-10.67,-18.54,-22.49,-14.72,-8.68
1786312006,-19.04,-31.53,-21.83,-11.41,-24.24,-25.19,-22.55,-10.76
1786312006,-23.79,-32.1,-24.73,-13.05,-31.54,-29.11,-32.78,-12.69
1786312006,-29.4,-32.6,-26.82,-15.38,-37.72,-33.22,-40.63,-14.39
1786312006,-34.1,-34.55,-27.94,-17.77,-41.16,-36.32,-43.52,-15.26
1786312006,-36.37,-39,-29.62,-19.78,-42.2,-37.69,-42.52,-14.66
1786312006,-36.22,-44.69,-34.18,-21.24,-42.34,-37.74,-41.14,-12.9
1786312006,-34.94,-48.6,-42.35,-21.92,-42.93,-37.69,-42.77,-11.37
1786312006,-33.73,-48.7,-51.17,-21.67,-44.33,-38.44,-47.77,-11.51
1786312006,-33.21,-45.64,-55.54,-20.82,-45.95,-39.52,-52.96,-13.56
1786312006,-33.77,-41.82,-52.47,-20.25,-46.9,-39.6,-54.76,-16.42
1786312006,-35.53,-39.2,-43.64,-20.63,-46.74,-37.92,-52.67,-18.53
1786312006,-37.69,-38.04,-34.31,-21.58,-45.61,-35.15,-49.06,-18.87
1786312006,-38.86,-37.37,-29.76,-21.97,-43.8,-32.74,-46.41,-17.56
1786312006,-38.1,-36.34,-31.86,-21.15,-41.57,-31.59,-45.38,-15.77
1786312006,-35.66,-35.05,-37.68,-19.53,-39.25,-31.41,-45.24,-14.97
1786312006,-32.64,-34.08,-41.65,-18.06,-37.08,-31.08,-45.09,-15.74
1786312006,-30.03,-33.46,-40.41,-17.13,-34.92,-29.57,-44.12,-17.46
1786312006,-28.26,-32.46,-35.6,-16.38,-32.62,-26.77,-41.65,-18.95
1786312006,-27.37,-30.53,-31.37,-15.38,-30.61,-23.71,-38.02,-19.51
1786312006,-27.13,-28.02,-29.66,-14.24,-29.73,-21.55,-34.72,-19.37
1786312006,-26.85,-25.74,-29.02,-13.4,-30.21,-20.38,-33.05,-19.13
1786312006,-25.76,-23.93,-27.37,-13.01,-30.98,-19.39,-32.77,-18.95
1786312006,-23.55,-22.05,-24.7,-12.67,-30.35,-18.21,-32.66,-18.58
1786312006,-20.73,-19.71,-22.29,-11.8,-27.69,-17.27,-31.78,-17.94
1786312006,-18.14,-17.14,-20.38,-10.4,-24.18,-16.85,-30.12,-17.37
1786312006,-16.27,-14.95,-17.83,-9.06,-21.74,-16.53,-28.28,-17.11
1786312006,-14.91,-13.55,-14.33,-8.15,-21.09,-15.78,-26.71,-16.71
1786312006,-13.66,-12.85,-11.74,-7.38,-21.37,-14.62,-25.4,-15.6
1786312006,-12.53,-12.42,-12.19,-6.36,-21.28,-13.39,-24.04,-14.09
1786312006,-11.72,-11.72,-14.99,-5.23,-19.93,-11.99,-22.11,-13.19
1786312006,-10.96,-10.4,-16.59,-4.52,-16.89,-9.82,-19.2,-13.36
1786312006,-9.61,-8.5,-14.21,-4.32,-12.55,-6.63,-15.35,-13.86
1786312006,-7.58,-6.37,-9.06,-4.14,-8.38,-3.19,-11.08,-13.42
1786312006,-5.43,-4.33,-4.84,-3.51,-5.99,-0.81,-7.27,-11.41
1786312006,-3.72,-2.51,-3.74,-2.42,-5.66,-0.06,-4.95,-8.43
1786312006,-2.45,-1.01,-4.67,-1.24,-5.97,-0.18,-4.27,-5.69
1786312006,-1.36,0.03,-5.06,-0.35,-4.96,0.26,-3.73,-4.08
1786312006,-0.31,0.69,-3.69,0.16,-1.85,1.98,-1.71,-3.51
1786312006,0.7,1.35,-1.57,0.5,2.31,4.56,1.67,-3.25
1786312006,1.62,2.27,-0.02,0.94,5.51,6.93,4.91,-2.69
1786312006,2.45,3.26,1.46,1.54,6.36,8.29,6.94,-1.83
1786312006,2.97,4.09,4.4,2.18,5.02,8.37,7.71,-1.01
1786312006,3.02,4.98,8.69,2.75,2.98,7.33,7.54,-0.4
1786312006,2.79,6.34,12.26,3.15,1.99,5.84,6.81,0.19
1786312006,2.86,8.01,13.63,3.25,2.87,4.95,6.07,0.85
1786312006,3.6,9.17,13.39,2.99,5.13,5.36,6.18,1.41
1786312006,4.75,9.22,12.7,2.67,7.63,6.76,7.62,1.86
1786312006,5.68,8.63,11.72,2.81,9.53,8.12,10.06,2.65
1786312006,5.97,8.45,10.16,3.61,10.77,8.82,12.59,4.16
1786312006,5.74,9.19,8.46,4.6,11.82,9.21,14.54,6.03
1786312006,5.5,10.21,7.84,5.02,13,9.94,15.63,7.56
1786312006,5.7,10.7,9.1,4.64,14.14,11.11,15.87,8.53
1786312006,6.43,10.84,11.55,3.98,14.91,12.34,15.36,9.24
1786312006,7.54,11.54,13.7,3.64,15.3,13.49,14.09,9.83
1786312006,8.88,13.16,15.07,3.67,15.78,14.72,12.44,10
1786312006,10.16,14.9,16.75,3.71,16.91,16.03,11.7,9.43
1786312006,11.08,15.84,19.28,3.6,18.88,17.09,13.48,8.28
1786312006,11.63,16.04,21.04,3.68,21.24,17.78,18.24,7.33
1786312006,12.22,16.19,19.77,4.21,23.2,18.35,24.33,7.28
1786312006,13.46,16.64,15.78,4.84,24.26,19.04,28.81,8.16
1786312006,15.58,17.26,12.76,5.12,24.5,19.85,29.72,9.37
1786312006,18.08,18.05,14.22,5.3,24.39,20.54,27.67,10.14
1786312006,19.8,19.1,19.5,6.03,24.26,20.53,24.82,9.9
1786312006,19.95,20.08,24.38,7.36,24.28,19.4,22.95,8.53
1786312006,19.09,20.46,25.72,8.48,24.68,17.79,22.69,6.67
1786312006,18.68,20.2,24.54,8.62,25.54,17.29,23.87,5.61
1786312006,19.36,19.8,23.7,8.03,26.4,18.61,25.83,6.38
1786312006,20.37,19.66,23.94,7.64,26.66,20.43,27.52,8.98
1786312006,20.75,19.78,23.71,7.88,26.3,20.76,28.03,12.45
1786312006,20.47,20.01,22.6,8.27,25.86,19.43,27.35,15.52
1786312006,20.26,20.35,22.45,8.24,26.01,18.32,26.49,17.17
1786312006,20.53,20.91,24.34,8.11,26.96,18.97,26.43,17.2
1786312006,21.01,21.62,26.6,8.76,28.26,20.99,27.48,16.16
1786312006,21.33,22.13,27.24,10.42,29.06,22.75,29.95,14.94
1786312006,21.5,22.79,27.45,12.24,28.74,23.13,34.4,14.13
1786312006,21.61,25.5,30.57,13.4,28.14,22.99,40.8,13.79
1786312006,21.94,32.05,37.67,13.83,29.79,24.93,48.02,13.74
1786312006,23.58,41.58,45.67,13.82,35.61,30.72,54.26,14.05
1786312006,27.56,50.76,50.17,13.83,44.06,38.8,57.92,14.97
1786312006,33.17,56.53,49.26,14.77,50.93,45.62,58.39,16.64
1786312006,38.01,58.39,44.44,17.25,53.21,48.97,56.23,18.89
1786312006,40.05,58.01,39.47,20.43,51.5,49.22,52.42,21.34
1786312006,39.09,57.16,38.14,22.79,48.76,47.74,48.41,23.27
1786312006,36.69,56.25,41.6,24.03,47.3,45.57,46.54,23.87
1786312006,34.77,54.66,47.2,25.08,47.13,43.02,48.43,23.07
1786312006,34.29,51.93,51.01,26.53,46.72,39.91,52.74,21.87
1786312006,34.75,48.19,51.1,27.95,44.91,36.3,55.92,21.36
1786312006,34.75,43.86,48.04,28.42,42.18,33.15,55.13,21.54
1786312006,33.08,39.22,43.28,27.36,39.68,31.21,49.72,21.63
1786312006,29.59,34.39,38.31,24.82,37.33,29.69,41.1,21.22
1786312006,25.22,29.57,34.37,21.43,33.97,27.05,32.14,20.54
1786312006,21.25,25.1,31.63,18.1,29.26,22.94,25.62,19.87
1786312006,18.32,21.21,28.88,15.46,24.37,18.38,22.21,19.23
1786312006,16.24,17.81,24.77,13.17,20.66,14.46,20.34,18.53
1786312006,14.52,14.36,19.43,10.31,18.27,11.3,17.98,17.79
1786312006,12.55,9.97,14.14,6.44,15.95,8.23,14.37,16.69
1786312006,9.79,3.79,9.56,2.27,12.48,4.81,9.99,14.37
1786312006,6.25,-3.96,5.22,-1.12,8.29,1.3,5.86,10.32
1786312006,2.62,-11.58,0.38,-3.28,5.06,-1.68,2.82,5.41
1786312006,-0.23,-17.05,-5.14,-4.67,3.52,-3.84,1.07,1.63
1786312006,-1.99,-19.63,-10.84,-6.03,2.33,-5.58,-0.39,0.38
1786312007,-3.26,-20.74,-15.95,-7.59,-0.59,-7.56,-3.45,1.24
1786312007,-5.06,-23.4,-19.88,-9.06,-6.1,-10.03,-9.44,2.42
1786312007,-7.74,-29.41,-22.45,-10.27,-13.23,-13.18,-17.91,2.45
1786312007,-10.83,-36.98,-24.28,-11.51,-19.97,-17.72,-26.88,1.17
1786312007,-13.79,-42.54,-26.71,-13,-24.53,-24.13,-34.13,-0.83
1786312007,-16.56,-44.43,-30.55,-14.42,-26.38,-31.28,-38.57,-3.2
1786312007,-19.48,-43.88,-35.01,-15.29,-26.58,-36.89,-40.46,-5.84
1786312007,-22.68,-43.11,-38.64,-15.73,-26.72,-39.54,-40.75,-8.41
1786312007,-25.64,-43.46,-40.61,-16.23,-27.62,-39.7,-40.39,-10.33
1786312007,-27.64,-44.84,-40.94,-16.91,-29.42,-39.07,-40.04,-11.39
1786312007,-28.48,-46.26,-40.15,-17.34,-32.4,-39.08,-40.27,-11.98
1786312007,-28.53,-46.75,-38.88,-17.33,-36.22,-39.97,-41.49,-12.57
1786312007,-28.07,-46.03,-37.88,-17.44,-38.87,-40.85,-43.08,-13.18
1786312007,-27.03,-44.54,-37.83,-18.24,-38.3,-40.55,-43.36,-13.37
1786312007,-25.44,-42.95,-38.89,-19.11,-34.84,-38.5,-41.31,-12.9
1786312007,-23.65,-41.56,-40.52,-18.73,-30.93,-35.3,-37.82,-12.05
1786312007,-22.14,-40.06,-41.9,-16.79,-28.76,-32.4,-35.01,-11.54
1786312007,-21.02,-37.81,-42.35,-14.51,-28.72,-31.08,-34.67,-12.03
1786312007,-20.02,-34.67,-41.3,-13.37,-29.74,-31.55,-36.95,-13.51
1786312007,-19.18,-31.37,-38.11,-13.53,-30.75,-32.57,-40.29,-15.19
1786312007,-19.04,-28.73,-32.74,-13.84,-31.25,-32.24,-42.38,-16
1786312007,-19.71,-26.63,-26.58,-13.09,-30.87,-29.44,-41.48,-15.43
1786312007,-20.09,-24.29,-21.8,-11.13,-29.15,-24.94,-37.5,-14.08
1786312007,-18.78,-21.39,-19.42,-8.85,-26.2,-20.85,-32.04,-12.93
1786312007,-15.7,-18.45,-18.48,-7.24,-22.98,-18.75,-27.04,-12.4
1786312007,-12.25,-16.29,-17.83,-6.48,-20.48,-18.53,-23.4,-12
1786312007,-9.8,-15.12,-17.81,-6.17,-18.85,-19.1,-20.9,-10.92
1786312007,-8.44,-14.51,-19.3,-5.99,-17.52,-19.57,-19.04,-8.75
1786312007,-7.25,-13.8,-21.4,-6,-15.83,-19.48,-17.49,-5.89
1786312007,-5.42,-12.4,-21.3,-6,-13.45,-18.22,-15.73,-3.38
1786312007,-3.01,-10.13,-17.14,-5.27,-10.32,-15.15,-13.26,-2.07
1786312007,-0.64,-7.38,-10.38,-3.2,-6.59,-10.25,-9.79,-2.1
1786312007,1.26,-4.07,-4.49,-0.06,-2.56,-4.31,-5,-3.1
1786312007,2.86,1.41,-1.72,3.21,1.2,1.51,1.21,-4.63
1786312007,4.83,10.6,-0.65,5.73,4.08,6.16,7.51,-5.98
1786312007,7.6,22.28,2.92,7.3,6.06,9.35,11.53,-6.18
1786312007,11.02,32.79,11.53,8.35,8.46,12.17,12.8,-4.69
1786312007,14.43,39.06,22.81,9.85,12.78,16.22,14.43,-1.95
1786312007,17.25,40.7,31.98,12.57,18.65,21.28,20.13,1.02
1786312007,19.15,39.59,36.97,16.13,23.67,24.87,29.4,3.35
1786312007,19.79,38.02,39.31,19.17,25.5,25.08,36.89,4.65
1786312007,18.87,36.88,40.39,20.55,23.57,22.9,36.46,4.99
1786312007,16.5,34.96,39.52,19.92,19.14,20.95,26.58,4.72
1786312007,13.64,30.41,35.92,17.56,14.46,20.66,13.33,4.12
1786312007,11.73,23.52,30.77,14.15,11.37,21.42,6.57,3.48
1786312007,11.54,17.36,26.24,10.83,10.26,21.39,10.6,3.23
1786312007,12.32,14.58,22.97,8.58,10,19.01,19.58,3.6
1786312007,12.49,14.18,19.75,7.32,9.25,14.46,23.94,4.18
1786312007,11.15,12.66,16.09,6,7.58,9.82,20.13,4.18
1786312007,8.72,7.8,13.23,3.85,5.2,6.97,12.18,3.39
1786312007,5.9,0.42,11.79,1.23,2.14,5.55,5.63,2.39
1786312007,2.8,-6.95,9.75,-0.95,-1.74,3.43,2.22,1.65
1786312007,-0.66,-12.52,4.22,-2.28,-6.2,-0.73,0.03,1.01
1786312007,-4.07,-16.33,-5.11,-3.14,-10.52,-6.06,-3.33,0.07
1786312007,-6.84,-19.56,-15.27,-4.11,-14.1,-10.38,-8.24,-1.31
1786312007,-8.66,-22.93,-22.91,-5.29,-16.7,-12.15,-13.68,-2.92
1786312007,-9.64,-25.99,-27.05,-6.45,-18.2,-11.85,-19.39,-4.46
1786312007,-10.51,-27.58,-28.19,-7.52,-19.21,-12.1,-26.03,-5.7
1786312007,-12.75,-27.07,-26.52,-8.57,-21.47,-15.98,-33.14,-6.54
1786312007,-17.05,-25.13,-22.82,-9.37,-26.18,-23.88,-38.64,-7.27
1786312007,-21.9,-23.31,-19.85,-9.77,-32.17,-32.47,-40.79,-8.43
1786312007,-24.82,-22.9,-20.48,-10.18,-36.86,-37.38,-39.88,-10.29
1786312007,-25.24,-24.08,-24.74,-11.22,-38.36,-36.83,-37.58,-12.45
1786312007,-25.27,-25.94,-29.56,-12.91,-36.7,-32.62,-35.33,-14.11
1786312007,-27.21,-27.15,-31.47,-14.59,-33.6,-28.41,-33.69,-14.7
1786312007,-30.88,-26.75,-29.52,-15.64,-31.1,-26.8,-32.62,-14.18
1786312007,-33.94,-24.62,-25.91,-15.87,-30.12,-27.68,-31.83,-12.97
1786312007,-34.46,-21.53,-23.69,-15.58,-30.09,-29.2,-31.12,-11.9
1786312007,-32.38,-18.85,-23.94,-15.23,-29.88,-29.71,-30.62,-11.8
1786312007,-28.99,-17.6,-25.24,-15.12,-28.81,-28.69,-30.19,-12.72
1786312007,-25.64,-17.59,-25.58,-15,-26.93,-26.38,-28.91,-13.7
1786312007,-23.08,-17.49,-24.1,-14.28,-24.67,-23.46,-26.05,-13.69
1786312007,-21.29,-16.07,-21.26,-12.84,-22.53,-20.69,-22.42,-12.8
1786312007,-19.74,-13.42,-17.82,-11.24,-20.82,-18.59,-19.87,-12.05
1786312007,-17.9,-10.53,-14.17,-10,-19.45,-17.24,-19.28,-12.1
1786312007,-15.66,-8.12,-10.85,-8.9,-17.86,-16.42,-19.66,-12.46
1786312007,-13.46,-6.15,-9.21,-7.36,-15.52,-15.78,-19.29,-12.22
1786312007,-11.77,-4.28,-10.03,-5.27,-12.53,-14.85,-17.48,-11.09
1786312007,-10.48,-2.55,-11.55,-3.35,-9.58,-12.98,-14.8,-9.39
1786312007,-9.03,-1.2,-10.66,-2.46,-7.29,-9.72,-11.84,-7.4
1786312007,-7.16,-0.08,-6.55,-2.68,-5.49,-5.22,-8.53,-5.21
1786312007,-5.13,1.51,-1.89,-3.12,-3.39,-0.39,-4.7,-3
1786312007,-3.2,3.98,0.23,-2.74,-0.42,3.59,-0.58,-0.97
1786312007,-1.28,6.89,-0.37,-1.35,3.04,5.9,3.39,0.7
1786312007,0.93,9.35,-1.19,0.42,6.11,6.79,6.91,1.88
1786312007,3.46,11.1,0.02,1.96,8.33,7.47,10.13,2.54
1786312007,6.01,12.72,3.19,3.23,9.99,9.14,13.43,2.72
1786312007,8.32,14.85,6.5,4.32,11.62,12.01,16.73,2.78
1786312007,10.42,17.32,8.3,5.14,13.41,15.33,19.29,3.48
1786312007,12.66,19.23,8.55,5.73,15.02,18.05,20.39,5.38
1786312007,15.72,19.91,9.02,6.58,16.79,19.54,20.38,8.23
1786312007,19.96,19.68,11.99,8.04,20.44,20.62,21.45,11.1
1786312007,24.42,20.41,17.9,9.75,27.03,23.8,26.7,12.91
1786312007,27.33,24.79,24.29,11.33,34.73,30.71,36.86,13
1786312007,27.96,33.84,28.14,13.06,39.8,39.39,48.2,11.61
1786312007,27.3,45.36,29.67,15.19,39.99,45.76,55.54,9.9
1786312007,26.77,55.27,32.67,17,36.59,48.04,57.32,8.97
1786312007,26.85,60.48,39.87,17.9,33.39,47.96,56.3,8.92
1786312007,27.14,60.39,49.02,18.89,33.38,47.93,55.49,9.09
1786312007,27.07,56.65,55.04,21.52,36.23,48.2,55.01,9.06
1786312007,26.27,51.96,55.12,25.5,39.21,47.08,52.81,8.96
1786312007,24.6,48.4,50.67,28.51,39.68,43.17,47.63,9.03
1786312007,22.3,46.06,45.11,28.27,36.7,37.3,40.67,9.45
1786312007,19.97,43.31,40.72,24.52,31.43,31.98,34.61,10.23
1786312007,18.12,38.74,37.59,19.02,26.87,29.25,31.28,11.03
1786312007,16.83,32.4,34.68,14,25.86,29.09,30.61,11.46
1786312007,15.7,25.37,31.15,10.61,28.24,29.45,31.45,11.51
1786312007,14.14,18.83,27.1,8.54,30.29,27.96,32.15,11.41
1786312007,11.95,13.49,23.73,6.78,27.8,23.81,31.01,11.13
1786312007,9.49,8.95,21.87,4.73,20.19,18.15,27.38,10.42
1786312007,7.42,4.1,20,2.54,11.29,12.89,22.45,9.18
1786312007,6.06,-1.53,15.09,0.51,6.03,9.08,17.87,7.41
1786312007,5.34,-7.36,6.06,-1.46,6.21,6.25,14.29,5.1
1786312007,5.18,-12.59,-4.38,-3.63,9.33,3.46,11.57,2.56
1786312007,5.32,-16.76,-11.78,-5.85,11.15,0.5,9.22,0.43
1786312007,4.79,-19.63,-13.86,-7.45,9.38,-2.44,6.02,-0.84
1786312007,2.46,-21.25,-12.78,-7.98,5.11,-5.53,0.33,-1.4
1786312007,-1.65,-22.12,-12.75,-7.88,0.6,-9.12,-8.13,-1.76
1786312007,-6.14,-23.07,-15.44,-8.11,-3.68,-13.13,-17.31,-2.44
1786312007,-9.43,-24.68,-18.84,-9.19,-8.91,-16.85,-24.01,-3.6
1786312007,-11.09,-26.94,-20.95,-10.66,-15.33,-19.7,-26.28,-4.88
1786312007,-12.25,-29.2,-22.58,-11.67,-21.33,-21.71,-24.74,-5.66
1786312007,-14.23,-30.44,-25.3,-12.03,-24.99,-23.43,-21.83,-5.56
1786312007,-16.77,-29.97,-28.11,-12.4,-25.63,-25.18,-20.32,-4.76
1786312007,-18.43,-28.21,-28.55,-13.35,-24.18,-26.56,-21.64,-3.89
1786312007,-18.52,-26.34,-26.41,-14.54,-22.19,-26.57,-24.91,-3.61
1786312007,-17.79,-25.1,-24.38,-15.01,-20.68,-24.58,-27.71,-4.04
1786312007,-17.09,-24.13,-24.34,-14.23,-19.8,-21.19,-28.4,-4.6
1786312007,-16.43,-22.58,-24.65,-12.63,-19.36,-17.98,-27.38,-4.56
1786312007,-15.53,-20.25,-22.38,-11.02,-19.3,-16.25,-26.27,-3.91
1786312007,-14.59,-17.94,-17.61,-9.75,-19.42,-16.27,-26.28,-3.36
1786312007,-14.14,-16.56,-14.02,-8.73,-19.11,-17.25,-27.14,-3.71
1786312007,-14.2,-16.16,-14.62,-7.91,-17.85,-17.83,-27.41,-5.16
1786312007,-13.94,-15.92,-17.99,-7.51,-15.98,-16.86,-25.88,-7.2
1786312007,-12.59,-15.19,-20.06,-7.48,-14.47,-14.15,-22.75,-8.91
1786312007,-10.29,-14.15,-19.07,-7.3,-13.81,-10.66,-19.25,-9.4
1786312007,-7.9,-13.33,-17.15,-6.48,-13.52,-7.92,-16.46,-8.35
1786312007,-6.25,-12.86,-16.78,-5.15,-12.92,-6.92,-14.71,-6.33
1786312007,-5.53,-12.25,-17.44,-4.08,-11.79,-7.44,-13.73,-4.51
1786312007,-5.42,-11.05,-16.4,-3.87,-10.19,-8.36,-12.92,-3.79
1786312007,-5.4,-9.11,-12,-4.26,-8.11,-8.55,-11.6,-4.1
1786312007,-5.15,-6.33,-5.61,-4.31,-5.84,-7.48,-9.63,-4.48
1786312007,-4.6,-2.98,-0.29,-3.37,-4.29,-5.32,-7.96,-3.91
1786312007,-3.83,-0.03,2.12,-1.73,-4.36,-2.7,-7.58,-2.15
1786312007,-3.02,1.5,2.39,-0.25,-5.68,-0.25,-8.12,0.06
1786312007,-2.25,1.58,2.18,0.5,-6.53,1.54,-7.97,1.56
1786312007,-1.51,1.21,1.7,0.81,-5.32,2.3,-6.18,1.74
1786312007,-0.61,1.27,0.07,1.23,-1.9,2.07,-3.45,0.95
1786312007,0.66,1.71,-2.52,1.82,2.4,1.56,-1.22,0.21
1786312007,2.26,1.97,-4.52,2.16,5.66,1.8,-0.16,0.42
1786312007,3.65,1.92,-4.95,2.11,6.6,3.27,0.29,1.69
1786312007,4.17,2.06,-4.19,2.01,5.44,5.4,1.13,3.19
1786312007,3.63,2.92,-2.39,2.19,3.63,7.12,2.48,3.83
1786312007,2.69,4.38,1.45,2.65,2.64,7.75,3.38,3.21
1786312007,2.26,5.81,7.63,3.24,2.82,7.27,3.17,1.98
1786312007,2.63,6.67,13.53,3.87,3.46,6.13,2.46,1.19
1786312007,3.26,6.91,15.18,4.51,3.76,5.06,2.38,1.45
1786312007,3.52,6.65,11.44,4.97,3.47,4.78,3.03,2.43
1786312007,3.28,5.93,5.57,4.82,2.69,5.48,3.42,3.42
1786312007,2.83,4.87,2.16,3.82,1.9,6.6,2.95,4.06
1786312007,2.59,4.04,3.14,2.29,2.17,7.39,2.28,4.54
1786312007,3.01,4.01,6.79,1,4.55,7.79,2.66,5.3
1786312007,4.52,4.79,9.94,0.53,8.85,8.35,4.35,6.52
1786312007,7.08,5.8,11.02,0.91,13.47,9.63,6.68,7.9
1786312007,9.95,6.55,10.79,1.78,16.75,11.55,9.42,8.9
1786312007,12.01,7.03,10.39,2.82,18.22,13.38,12.7,9.13
1786312007,12.66,7.53,9.82,3.82,18.45,14.32,15.72,8.62
1786312007,12.3,8.33,8.83,4.56,17.95,13.99,16.79,7.75
1786312007,11.83,9.43,8.36,4.89,16.69,12.46,15.21,6.98
1786312007,11.61,10.53,9.6,4.94,14.42,10.27,12.3,6.51
1786312007,11.14,11.14,11.84,5.1,11.18,8.38,9.92,6.13
1786312007,9.92,10.96,12.6,5.51,7.71,7.57,8.63,5.42
1786312007,8.31,10.17,10.55,5.88,5.22,7.71,7.62,4.28
1786312007,7.35,9.14,7.15,5.84,4.56,7.88,6.23,3.18
1786312007,7.47,7.88,4.98,5.48,5.58,7.33,4.97,2.61
1786312007,7.98,6.16,4.97,5.15,7.55,6.03,5.07,2.52
1786312007,7.97,4.37,5.89,4.89,9.64,4.55,6.89,2.38
1786312007,7.57,3.63,6.23,4.4,11.15,3.83,9.47,2.02
1786312007,7.74,4.85,6.27,3.54,11.81,4.76,11.42,1.99
1786312007,8.91,7.57,7.51,2.82,11.92,7.32,11.99,2.89
1786312007,10.29,10.31,10.03,2.92,11.82,10.16,11.26,4.44
1786312007,10.69,11.85,11.73,4,11.29,11.44,9.99,5.55
1786312007,9.92,11.84,11.2,5.22,10.08,10.58,9.12,5.32
1786312007,9.12,10.54,9.76,5.51,8.85,8.88,9.24,3.93
1786312007,9.35,8.54,9.46,4.63,8.7,8.14,10.24,2.39
1786312007,10.38,6.72,10.37,3.51,9.97,8.59,11.58,1.59
1786312007,11.02,6.15,10.78,3.34,11.77,8.9,12.37,1.66
1786312007,10.61,7.12,9.73,4.41,12.74,8.05,11.63,2.17
1786312007,9.59,8.6,8.06,5.88,11.95,6.36,9.21,2.62
1786312007,8.68,9.18,7.04,6.65,9.5,5,6.55,2.74
1786312007,7.93,8.49,6.61,6.45,6.41,4.63,5.57,2.54
1786312007,6.9,7.4,5.58,5.9,3.79,4.82,6.23,2.17
1786312007,5.54,6.67,3.57,5.55,2.24,4.62,6.68,1.86
1786312007,4.43,6,1.9,5.28,1.93,3.72,6,1.89
1786312007,4.32,4.7,1.9,4.73,2.91,2.51,5.64,2.6
1786312007,5.25,2.94,3.12,3.96,4.81,1.47,7.15,4.13
1786312007,6.41,1.93,4.25,3.35,6.73,0.96,9.96,6.06
1786312007,6.78,2.66,5.16,2.96,7.76,1.29,11.95,7.57
1786312007,6.08,4.68,6.68,2.54,7.8,2.48,11.8,7.94
1786312007,4.85,6.32,8.6,2.05,7.32,4.05,10.24,7.13
1786312007,3.77,6.25,8.9,1.78,6.54,5.27,8.89,5.8
1786312007,3.06,4.72,5.79,1.91,5.08,5.62,8.35,4.78
1786312007,2.52,2.95,0.19,2.17,2.56,4.99,7.72,4.37
1786312007,1.97,1.8,-4.18,2,-0.56,3.5,6.2,4.18
1786312007,1.62,1.35,-3.88,1.16,-2.83,1.65,4.44,3.6
1786312007,1.84,1.52,0.81,0.1,-2.85,0.38,3.86,2.48
1786312007,2.61,2.33,5.88,-0.47,-0.7,0.56,5.19,1.18
1786312007,3.39,3.52,7.83,-0.29,1.99,2.24,7.62,0.08
1786312007,3.55,4.46,6.99,0.31,3.65,4.53,9.48,-0.86
1786312007,2.87,4.7,6.04,0.95,4.01,6.16,9.51,-1.8
1786312007,1.61,4.39,6.09,1.51,3.51,6.25,7.79,-2.52
1786312007,0.28,4.03,5.85,1.94,2.52,4.95,5.66,-2.7
1786312007,-0.59,3.86,4.26,1.99,1.24,3.4,4.49,-2.44
1786312007,-0.58,3.33,2.04,1.44,0.07,2.62,4.39,-2.07
1786312007,0.24,1.6,0.28,0.51,-0.54,2.48,4.34,-1.56
1786312007,1.16,-1.22,-1.32,-0.28,-0.6,2.06,3.31,-0.73
1786312007,1.21,-3.77,-3.9,-0.51,-0.61,1.11,1.39,0.2
1786312007,0.08,-4.64,-7.04,-0.36,-1.03,0.3,-0.56,0.71
1786312007,-1.64,-3.73,-8.06,-0.31,-2.03,0,-2.04,0.39
1786312007,-3.22,-2.26,-5,-0.58,-3.47,-0.29,-3.16,-0.86
1786312007,-4.37,-1.44,0.17,-0.87,-4.83,-1.2,-3.83,-2.78
1786312007,-5.05,-1.48,2.98,-0.78,-5.47,-2.63,-3.64,-4.71
1786312007,-5.03,-1.87,1.38,-0.51,-5.08,-3.8,-2.55,-5.78
1786312007,-3.91,-2.33,-2.36,-0.66,-3.9,-3.98,-1.39,-5.33
1786312007,-1.81,-2.98,-4.75,-1.43,-2.37,-3.19,-1.09,-3.56
1786312007,0.31,-3.85,-4.64,-2.36,-0.95,-2.08,-1.67,-1.54
1786312007,1,-4.69,-3.2,-2.78,-0.37,-1.34,-2.62,-0.66
1786312007,-0.39,-5.35,-1.8,-2.48,-1.43,-1.26,-3.88,-1.67
1786312007,-3,-5.76,-0.89,-1.86,-3.94,-1.66,-5.54,-4.08
1786312007,-5.09,-5.72,-0.93,-1.44,-6.08,-2.3,-6.62,-6.44
1786312007,-5.68,-5.04,-2.62,-1.24,-5.93,-3.16,-5.56,-7.39
1786312007,-5.18,-3.9,-5.69,-0.91,-3.45,-4.18,-2.35,-6.65
1786312007,-4.51,-2.96,-8.02,-0.46,-0.53,-4.85,0.8,-4.83
1786312007,-3.95,-3.01,-7.53,-0.41,0.83,-4.63,1.51,-2.75
1786312007,-3.19,-4.41,-4.96,-1.11,0.19,-3.84,-0.34,-1.02
1786312007,-2.42,-6.45,-3.58,-2.12,-1.39,-3.57,-2.86,-0.23
1786312007,-2.57,-7.55,-5.27,-2.64,-2.74,-4.56,-4.56,-0.9
1786312007,-4.19,-6.53,-7.63,-2.37,-3.58,-6.23,-5.72,-2.88
1786312007,-6.49,-3.92,-6.72,-1.78,-4.45,-7.39,-7.39,-5.03
1786312007,-7.89,-1.77,-2.25,-1.48,-5.79,-7.5,-9.42,-6.03
1786312007,-7.5,-1.91,1.14,-1.6,-7.11,-7.04,-10.27,-5.53
1786312007,-5.66,-4.34,-1.5,-1.84,-7.36,-6.74,-8.99,-4.17
1786312007,-3.31,-7.45,-9.63,-2.01,-6.08,-6.88,-6.66,-2.82
1786312007,-1.29,-9.64,-16.85,-2.26,-4.02,-7.34,-5.29,-1.93
1786312007,-0.24,-10.4,-17.31,-2.72,-2.51,-8.01,-5.7,-1.64
1786312008,-0.61,-10.21,-11.86,-3.21,-2.61,-8.84,-6.93,-2.06
1786312008,-2.31,-9.61,-6.45,-3.45,-4.46,-9.45,-7.62,-3.26
1786312008,-4.48,-8.85,-4.94,-3.45,-7.13,-9.01,-7.44,-5.05
1786312008,-5.99,-8.01,-5.82,-3.44,-9.21,-7.34,-7.33,-6.79
1786312008,-6.38,-7.16,-5.72,-3.41,-9.94,-5.79,-8.26,-7.63
1786312008,-6.05,-6.37,-4.04,-3.11,-9.8,-6.15,-10.02,-7.06
1786312008,-5.64,-5.78,-2.81,-2.56,-9.64,-8.66,-11.26,-5.4
1786312008,-5.21,-5.75,-3.4,-2.22,-9.63,-11.52,-10.85,-3.49
1786312008,-4.39,-6.53,-4.84,-2.37,-9.2,-12.52,-8.75,-2.18
1786312008,-3.14,-7.97,-5.58,-2.69,-7.92,-11.19,-5.87,-1.77
1786312008,-2.12,-9.47,-5.91,-2.56,-6.26,-9.18,-3.52,-2.06
1786312008,-2.18,-10.2,-7.5,-1.88,-5.57,-8.62,-2.86,-2.65
1786312008,-3.53,-9.59,-10.44,-1.12,-6.96,-10.08,-4.37,-3.28
1786312008,-5.48,-7.84,-11.91,-0.83,-10.01,-12.04,-7.54,-4.01
1786312008,-6.94,-5.89,-9.28,-0.95,-12.74,-12.41,-11.2,-4.84
1786312008,-7.24,-4.72,-4.07,-1.01,-13.26,-10.61,-14.13,-5.35
1786312008,-6.53,-4.68,-0.73,-0.74,-11.45,-8.09,-15.48,-4.89
1786312008,-5.51,-5.34,-1.5,-0.53,-9.07,-6.88,-14.95,-3.32
1786312008,-4.74,-5.99,-3.93,-0.95,-7.78,-7.73,-13.05,-1.4
1786312008,-4.22,-6.33,-4.37,-1.95,-7.48,-9.67,-10.66,0.04
1786312008,-3.71,-6.54,-2.9,-2.69,-6.92,-11.04,-8.28,0.86
1786312008,-3.35,-6.84,-3.11,-2.4,-5.69,-10.86,-6.22,1.36
1786312008,-3.6,-7.06,-6.35,-1.34,-4.83,-9.49,-5.18,1.69
1786312008,-4.75,-6.82,-8.79,-0.58,-5.64,-8.27,-5.89,1.77
1786312008,-6.58,-5.99,-6.16,-0.8,-8.34,-8.42,-8.29,1.48
1786312008,-8.55,-4.89,0.11,-1.68,-11.97,-10.01,-11.43,0.83
1786312008,-9.97,-4.24,4.19,-2.39,-15.12,-12.1,-14.05,-0.02
1786312008,-10.44,-4.62,2.85,-2.63,-16.52,-13.63,-15.09,-0.86
1786312008,-10.08,-5.97,-1.1,-2.85,-15.55,-14.01,-13.98,-1.6
1786312008,-9.28,-7.66,-3.01,-3.51,-12.44,-13.13,-10.91,-2.23
1786312008,-8.5,-9.09,-2.35,-4.44,-8.47,-11.45,-6.93,-2.71
1786312008,-8.06,-10.06,-2.61,-5.1,-5.31,-9.78,-3.63,-2.9
1786312008,-7.87,-10.52,-5.77,-5.37,-4.03,-8.62,-2.34,-2.77
1786312008,-7.54,-10.19,-9.36,-5.52,-4.59,-7.95,-3.23,-2.57
1786312008,-7.01,-8.81,-9.76,-5.63,-6.15,-7.89,-5.29,-2.81
1786312008,-6.73,-6.59,-6.9,-5.35,-7.93,-8.89,-7.15,-3.82
1786312008,-7.06,-4.34,-4.23,-4.51,-9.5,-10.78,-8.29,-5.19
1786312008,-7.63,-3.18,-4.58,-3.56,-10.66,-12.32,-9.51,-5.78
1786312008,-7.68,-3.95,-7.13,-3.21,-11.24,-12.08,-11.67,-4.79
1786312008,-6.86,-6.31,-8.75,-3.64,-10.85,-9.75,-14.22,-2.72
1786312008,-5.53,-8.55,-7.49,-4.27,-9.22,-6.33,-15.56,-0.88
1786312008,-4.22,-8.83,-4.31,-4.46,-6.69,-3.16,-14.31,-0.1
1786312008,-3.2,-6.75,-1.67,-4.06,-3.95,-1.05,-10.11,-0.09
1786312008,-2.49,-3.75,-1.1,-3.37,-1.63,-0.27,-4.25,-0.08
1786312008,-2.24,-1.79,-2.41,-2.78,-0.53,-1,0.59,0.21
1786312008,-2.84,-1.7,-4.53,-2.42,-1.43,-3.19,1.96,0.23
1786312008,-4.31,-2.63,-6.45,-2.27,-4.05,-5.86,-0.43,-0.72
1786312008,-5.96,-3.09,-7.5,-2.3,-6.82,-7.14,-4.26,-2.56
1786312008,-6.67,-2.36,-7.44,-2.47,-7.93,-5.69,-6.2,-4.29
1786312008,-5.81,-1.04,-6.88,-2.5,-6.52,-2.33,-4.72,-4.91
1786312008,-3.84,-0.43,-7.17,-2.09,-3.39,0.37,-1.43,-4.44
1786312008,-1.95,-1.25,-9.29,-1.37,-0.56,0.39,0.35,-3.92
1786312008,-1.09,-2.98,-12.15,-0.75,0.2,-1.91,-1.53,-4.36
1786312008,-1.39,-4.39,-13.26,-0.38,-1.31,-4.46,-6.6,-5.72
1786312008,-2.49,-4.73,-11.54,-0.12,-3.89,-5.85,-12.44,-7.06
1786312008,-3.92,-4.13,-8.71,0.08,-6.2,-6.43,-16.51,-7.63
1786312008,-5.06,-3.11,-7.2,0,-7.39,-7.07,-17.66,-7.38
1786312008,-5.14,-2.06,-7.54,-0.51,-7.02,-7.54,-16.29,-6.52
1786312008,-3.96,-1.28,-8.23,-1.32,-5.21,-6.78,-13.68,-5.02
1786312008,-2.27,-1.08,-7.56,-1.98,-2.84,-4.2,-11.05,-2.98
1786312008,-1.44,-1.52,-5.23,-2,-1.15,-0.59,-8.68,-0.97
1786312008,-2.2,-2.29,-2.53,-1.29,-0.97,2.36,-5.88,0.24
1786312008,-3.93,-2.89,-0.87,-0.42,-2.12,3.11,-2.51,0.28
1786312008,-5.26,-3.04,-0.1,-0.16,-3.69,1.35,-0.31,-0.6
1786312008,-5.38,-2.84,0.93,-0.7,-4.79,-1.7,-1.41,-1.74
1786312008,-4.59,-2.56,2.22,-1.49,-5.04,-4.23,-5.56,-2.52
1786312008,-3.68,-2.35,2.37,-1.96,-4.45,-5.12,-9.61,-2.78
1786312008,-3.11,-2.01,1.09,-2.2,-3.18,-4.32,-10.15,-2.85
1786312008,-2.83,-1.36,0.22,-2.62,-1.44,-2.32,-6.61,-3.1
1786312008,-2.7,-0.6,1.62,-3.09,0.37,0.18,-1.41,-3.6
1786312008,-2.9,0.01,4.63,-2.94,1.34,2.22,2.65,-4.19
1786312008,-3.69,0.49,6.67,-1.84,0.56,3.02,4.55,-4.67
1786312008,-4.75,1.04,6.45,-0.49,-1.61,2.46,4.49,-4.89
1786312008,-4.95,1.77,5.48,0.09,-3.15,1.21,3.16,-4.47
1786312008,-3.16,2.53,5.67,-0.42,-1.91,0.49,1.9,-2.93
1786312008,0.59,3.19,6.78,-1.37,2.25,1.49,2.61,-0.3
1786312008,5.08,3.64,7.26,-1.97,7.41,4.43,6.23,2.93
1786312008,8.89,3.78,6.82,-1.9,11.27,8.18,11.31,6.67
1786312008,11.12,3.43,6.49,-1.34,12.68,10.81,14.59,11.08
1786312008,11.46,2.81,6.44,-0.44,11.84,10.64,13.49,15.32
1786312008,10.04,2.62,5.14,0.7,9.7,7.59,8.54,17.62
1786312008,7.48,3.15,1.64,1.62,7.25,3.75,3.39,16.93
1786312008,4.78,3.77,-2.05,1.65,5.1,1.63,1.57,13.99
1786312008,2.97,3.61,-2.47,0.73,3.35,1.83,3.25,10.56
1786312008,2.54,2.81,1.25,-0.18,2.06,3.06,5.67,8.12
1786312008,3.21,2.45,5.82,-0.05,1.73,4.1,6.64,7.02
1786312008,4.4,3.32,7.05,1.05,3.02,4.96,6.74,6.84
1786312008,5.87,4.95,4.36,2.05,5.79,6.18,7.77,7.1
1786312008,7.5,6.04,0.98,2.17,8.65,7.81,10.06,7.4
1786312008,8.73,5.78,-0.11,1.69,9.75,9.06,11.78,7.15
1786312008,8.75,4.55,0.48,1.51,8.21,8.92,10.87,5.87
1786312008,7.3,3.22,-0.13,2.06,4.94,7.09,7.07,3.79
1786312008,5.07,2.26,-2.81,2.75,1.84,4.37,1.93,1.81
1786312008,3.03,1.71,-4.71,2.69,0.1,1.91,-2.38,0.65
1786312008,1.62,1.65,-2.73,1.74,-0.42,0.42,-4.09,0.23
1786312008,0.77,2.42,2.37,0.73,-0.26,0.1,-2.41,-0.06
1786312008,0.54,4.1,6.81,0.56,0.6,0.93,1.94,-0.51
1786312008,1.19,6.04,7.97,1.34,2.39,2.72,6.93,-0.78
1786312008,2.58,7.06,6.61,2.39,4.62,4.85,10.31,-0.38
1786312008,3.87,6.43,5.06,3.14,6.09,6.21,10.87,0.73
1786312008,3.96,4.6,4.43,3.49,5.63,5.71,8.96,1.87
1786312008,2.46,2.79,3.86,3.4,3.07,3.42,5.9,2.3
1786312008,0.15,1.74,2.67,2.6,-0.48,0.7,3.02,1.82
1786312008,-1.66,1.21,2.11,1.08,-3.2,-0.92,1.16,0.87
1786312008,-2.25,0.96,3.7,-0.3,-3.68,-1.12,0.41,0.08
1786312008,-1.97,1.2,6.37,-0.47,-1.99,-0.68,0.36,-0.26
1786312008,-1.76,2.07,7.38,0.66,0.46,-0.26,0.97,-0.45
1786312008,-2.1,3.06,6.05,1.92,2.16,0.19,2.6,-0.97
1786312008,-2.52,3.54,4.29,2.26,2.59,0.87,4.65,-1.96
1786312008,-2.24,3.5,3.68,1.87,2.02,1.64,5.29,-3.05
1786312008,-1.24,3.47,3.79,1.73,0.9,2.15,3.42,-3.84
1786312008,-0.37,3.69,3.49,2.33,-0.48,2.24,0.1,-4.31
1786312008,-0.43,3.77,2.63,3.18,-2.06,2.13,-2.58,-4.68
1786312008,-1.23,3.33,1.98,3.47,-3.63,2.15,-3.49,-5.05
1786312008,-1.99,2.52,2.13,2.86,-4.54,2.06,-3.09,-5.2
1786312008,-2.39,2.05,2.98,1.73,-4.07,1.27,-2.34,-4.83
1786312008,-2.64,2.45,3.95,0.57,-2.01,-0.12,-1.42,-3.81
1786312008,-2.65,3.56,4.55,-0.38,1.11,-0.78,0.29,-2.29
1786312008,-1.92,4.64,4.83,-1.01,4.35,0.71,3.17,-0.59
1786312008,-0.46,5.06,5.54,-1.03,6.68,4.18,6.56,0.95
1786312008,0.88,4.77,7.23,-0.24,7.33,7.62,8.92,2.06
1786312008,0.99,4.1,9.27,0.92,6.09,8.7,8.63,2.53
1786312008,-0.4,3.19,10.09,1.45,3.4,6.81,5.43,2.15
1786312008,-2.6,2,8.46,0.69,0.21,3.37,1.16,0.85
1786312008,-4.41,0.83,4.59,-0.79,-2.43,0.39,-1.69,-1.11
1786312008,-5.08,0.65,-0.1,-1.69,-3.81,-1.06,-2.3,-3.04
1786312008,-4.62,2.06,-4.03,-1.35,-3.61,-0.89,-1.84,-4.31
1786312008,-3.36,4.23,-5.96,-0.38,-1.86,0.43,-1.43,-4.9
1786312008,-1.63,5.4,-5.23,0.1,0.89,2.06,-1,-5.23
1786312008,0.15,4.68,-2.85,-0.27,3.43,3,-0.12,-5.5
1786312008,1.33,2.87,-1.81,-0.84,4.5,2.87,1.02,-5.52
1786312008,1.45,1.4,-4.29,-0.81,3.83,2.35,1.88,-5.19
1786312008,0.77,0.99,-8.49,-0.19,2.27,2.5,1.92,-4.82
1786312008,-0.03,1.43,-9.89,0.46,0.83,3.62,0.87,-4.8
1786312008,-0.53,2.3,-6.04,0.77,-0.07,4.86,-0.57,-5.32
1786312008,-0.8,3.52,0.69,0.86,-0.38,5.06,-0.81,-6.14
1786312008,-0.77,4.99,5.52,1.04,-0.01,3.96,0.92,-6.75
1786312008,-0.02,6.04,5.74,1.35,1.03,2.39,3.3,-6.64
1786312008,1.62,5.86,2.58,1.69,2.28,1.5,4.31,-5.72
1786312008,3.45,4.33,-0.94,2.01,3.02,1.64,3.41,-4.43
1786312008,4.26,2.33,-2.93,2.39,2.95,2.31,1.82,-3.48
1786312008,3.55,1.05,-3.44,2.78,2.35,2.8,0.77,-3.15
1786312008,2.15,1.11,-3.21,2.89,1.75,2.93,0.54,-3.13
1786312008,1.48,2.25,-2.48,2.48,1.49,3.17,0.97,-2.82
1786312008,2.17,3.67,-1.16,1.77,1.83,4.13,2.23,-1.98
1786312008,3.64,4.7,0.52,1.18,3.05,5.58,4.42,-0.83
1786312008,4.8,4.97,1.91,0.87,4.98,6.46,6.81,0.12
1786312008,5.24,4.24,2.61,0.67,6.69,6.12,8.15,0.67
1786312008,5.4,2.45,3.12,0.54,7.24,5.21,7.73,1.03
1786312008,5.77,0.36,4.09,0.81,6.7,4.81,5.93,1.45
1786312008,6.24,-0.63,5.22,1.76,6.03,5.12,3.88,1.89
1786312008,6.3,0.17,5.9,3.11,5.93,5.5,2.59,2.22
1786312008,6.02,1.83,6.51,4.05,6.14,5.52,2.38,2.7
1786312008,6.25,2.77,7.94,3.92,6.12,5.2,2.84,3.93
1786312008,7.76,2.58,9.78,2.82,5.9,4.67,3.4,5.93
1786312008,10.21,2.38,10.21,1.53,6.11,4.17,4,8.03
1786312008,12.46,3.24,8.08,0.75,7.25,4.1,5.02,9.83
1786312008,13.59,4.73,4.51,0.53,9.16,4.79,6.81,11.6
1786312008,13.39,5.48,1.97,0.42,11.07,6.16,9.27,13.31
1786312008,12.13,4.92,1.99,0.26,12.18,7.89,11.75,14.16
1786312008,10.21,3.88,4.09,0.44,12.18,9.51,13.27,13.52
1786312008,8.13,3.32,6.56,1.21,11.21,10.41,12.89,11.66
1786312008,6.38,3.27,8.15,2.17,9.44,10.18,10.42,9.55
1786312008,5.27,3.13,8.99,2.51,6.96,8.9,6.95,8.05
1786312008,4.67,2.7,9.43,2.03,4.23,7.04,4.24,7.53
1786312008,4.25,2.48,8.6,1.48,2.3,5.37,3.43,7.91
1786312008,3.94,2.98,5.73,1.61,2.18,4.69,4.42,8.78
1786312008,4.1,3.98,2.37,2.28,3.99,5.28,6.13,9.47
1786312008,4.92,4.56,1.02,2.66,6.6,6.56,7.34,9.4
1786312008,5.79,4.05,1.55,2.4,8.21,7.38,7.47,8.31
1786312008,5.59,2.73,0.93,2.06,7.57,6.83,6.34,6.32
1786312008,3.97,1.67,-2.08,2.22,5.05,5.08,4.07,3.9
1786312008,2,1.77,-4,2.69,2.16,3.43,1.51,1.84
1786312008,1.16,3.04,-0.41,2.89,0.17,3.21,0.02,0.89
1786312008,1.74,4.58,7.68,2.71,-0.68,4.36,0.32,1.34
1786312008,2.62,5.29,13.85,2.49,-0.56,5.47,1.64,2.69
1786312008,2.58,4.47,13,2.2,0.55,5.34,2.45,4
1786312008,1.56,2.26,6.53,1.42,2.53,4.11,2.21,4.54
1786312008,0.42,-0.42,0.15,0.12,4.66,2.84,2.02,4.33
1786312008,-0.31,-2.35,-1.98,-0.85,5.77,2.28,2.99,3.84
1786312008,-1.11,-2.87,-0.32,-0.66,4.93,2.25,4.57,3.32
1786312008,-2.47,-2.32,1.82,0.46,2.17,2.14,4.95,2.56
1786312008,-3.94,-1.58,1.87,1.41,-1.2,1.77,3.15,1.3
1786312008,-4.43,-1.23,-0.31,1.36,-3.55,1.32,-0.01,-0.21
1786312008,-3.52,-1.25,-3.35,0.45,-4.14,0.61,-2.61,-1.3
1786312008,-1.81,-1.35,-6.17,-0.69,-3.19,-0.53,-3.11,-1.54
1786312008,-0.25,-1.34,-8.04,-1.6,-1.1,-1.37,-1.14,-1.27
1786312008,0.74,-1.29,-7.93,-2.21,1.6,-0.76,2.53,-1.31
1786312008,1.22,-1.36,-5.33,-2.5,4.05,1.38,6.28,-2.19
1786312008,1.33,-1.51,-1.8,-2.31,5.45,3.71,8.53,-3.71
1786312008,1.19,-1.5,-0.15,-1.47,5.76,4.82,8.78,-5.19
1786312008,1.15,-1.09,-1.44,-0.21,5.64,4.64,7.51,-5.83
1786312008,1.57,-0.21,-3.77,0.86,5.57,4.1,5.52,-5.17
1786312008,2.19,1.03,-4.2,1.18,5.34,3.89,3.66,-3.48
1786312008,2.15,2.29,-2.02,0.82,4.43,3.87,2.67,-1.89
1786312008,0.97,3.08,0.24,0.33,2.78,3.43,2.66,-1.58
1786312008,-0.74,2.99,-0.23,0.11,1.17,2.22,3.09,-2.75
1786312008,-1.88,2.01,-3.11,0.06,0.49,0.46,3.23,-4.7
1786312008,-2.04,0.58,-5.65,-0.07,0.78,-1.23,2.64,-6.53
1786312008,-1.78,-0.62,-6.59,-0.14,1.18,-2.21,1.46,-7.71
1786312008,-1.95,-1.14,-7.55,0.16,0.89,-2.23,0.17,-8.03
1786312008,-2.7,-1.03,-10.26,0.71,-0.21,-1.66,-0.85,-7.42
1786312008,-3.45,-0.65,-13.53,0.96,-1.79,-1.34,-1.51,-6.14
1786312008,-3.48,-0.45,-14.13,0.5,-3.52,-1.92,-2,-5.07
1786312008,-2.7,-0.6,-10.43,-0.4,-5.1,-3.16,-2.72,-5.04
1786312008,-1.79,-0.74,-4.36,-1.03,-6.14,-4,-3.67,-5.89
1786312008,-1.35,-0.52,0.38,-1.04,-6.33,-3.5,-4.06,-6.32
1786312008,-1.18,-0.16,1.83,-0.71,-5.57,-1.9,-3.15,-5.21
1786312008,-0.73,-0.13,1.04,-0.45,-4.07,-0.57,-1.34,-2.8
1786312008,-0.08,-0.49,0.07,-0.22,-2.47,-0.57,0.13,-0.64
1786312008,0.03,-0.87,-0.33,0.24,-1.61,-1.52,0.19,-0.28
1786312008,-0.74,-0.97,-0.81,0.83,-1.82,-2.2,-1.14,-1.99
1786312008,-1.83,-0.9,-1.8,1.18,-2.73,-2.03,-2.95,-4.79
1786312008,-2.56,-0.94,-2.68,1.15,-3.83,-1.73,-4.31,-7.42
1786312008,-2.85,-1.19,-2.51,0.91,-4.91,-2.44,-5.02,-9.28
1786312008,-2.95,-1.37,-1.43,0.61,-5.67,-4.17,-5.15,-10.27
1786312008,-2.7,-1.18,-0.39,0.23,-5.63,-5.52,-4.7,-10.11
1786312008,-1.69,-0.76,0.44,-0.28,-4.6,-5.13,-3.86,-8.33
1786312008,-0.1,-0.66,1.75,-0.73,-3.07,-3.11,-3.12,-5.17
1786312008,0.99,-1.25,3.21,-0.69,-1.95,-1,-2.93,-1.93
1786312008,0.62,-2.38,3.24,-0.02,-1.95,-0.6,-3.61,-0.08
1786312008,-1.13,-3.69,1.49,0.64,-3.12,-2.59,-5.17,-0.05
1786312008,-3.28,-4.89,0.24,0.26,-4.84,-5.96,-6.86,-1
1786312008,-4.86,-5.76,2.21,-1.45,-5.89,-8.69,-7.35,-1.59
1786312008,-5.31,-5.98,6.79,-3.45,-4.94,-9.19,-5.87,-1.05
1786312008,-4.57,-5.24,9.9,-4.26,-1.93,-7.24,-3.19,0.46
1786312008,-3.19,-3.68,8.17,-3.48,1.1,-3.95,-0.97,2.38
1786312008,-2.02,-2.02,2.73,-2.12,1.81,-1.04,-0.36,4.17
1786312008,-1.57,-1.21,-2.08,-1.39,0.03,0.27,-1.3,5.34
1786312008,-1.82,-1.64,-3.28,-1.36,-2.3,-0.11,-2.92,5.24
1786312008,-2.4,-2.84,-1.63,-1.35,-3.26,-1.4,-4.22,3.72
1786312008,-2.73,-3.74,0.04,-1.15,-2.44,-2.71,-4.34,1.7
1786312008,-2.29,-3.56,0.12,-1.32,-0.54,-3.27,-2.83,0.53
1786312008,-1.08,-2.31,-0.48,-2.18,1.48,-2.55,-0.2,0.65
1786312008,0.15,-0.54,-0.17,-2.98,2.8,-0.93,2.17,1.27
1786312008,0.48,1.15,0.73,-2.59,2.8,0.17,2.86,1.45
1786312008,-0.18,2.31,0.44,-0.88,1.42,-0.47,1.47,1.07
1786312008,-1.09,2.54,-1.68,0.92,-0.53,-2.24,-0.89,0.64
1786312008,-1.52,1.73,-4.13,1.56,-1.85,-3.04,-2.32,0.67
1786312008,-1.3,0.35,-4.98,0.98,-1.76,-1.56,-1.96,1.35
1786312008,-0.57,-0.54,-3.78,0.07,-0.26,0.95,-0.76,2.49
1786312008,0.41,-0.11,-1.41,-0.55,1.94,1.94,-0.06,3.53
1786312008,1.25,1.28,0.87,-0.94,3.86,0.54,0.36,3.93
1786312008,1.54,2.32,1.79,-1.17,4.61,-1.5,1.7,3.56
1786312008,1.09,2.05,0.45,-1.01,3.79,-2.19,3.98,2.79
1786312008,0.18,0.95,-2.67,-0.35,1.77,-1.64,5.6,2.18
1786312008,-0.51,0.28,-5.31,0.39,-0.42,-1.49,5.14,1.92
1786312008,-0.5,0.58,-4.96,0.61,-1.75,-2.56,2.86,1.59
1786312008,-0.02,1.21,-1.34,0.23,-1.91,-3.94,0.28,0.57
1786312008,0.21,1.36,2.75,-0.24,-1.38,-4.31,-1.28,-1.12
1786312008,-0.45,1.04,3.85,-0.22,-1.16,-3.79,-1.69,-2.87
1786312008,-1.97,0.76,1.63,0.26,-2.01,-3.72,-1.75,-4.1
1786312008,-3.42,0.63,-0.74,0.58,-3.71,-4.81,-2.31,-4.53
1786312008,-3.59,0.24,-0.81,0.36,-4.98,-6.02,-3.43,-3.95
1786312008,-2.1,-0.64,-0.01,-0.09,-4.53,-6.02,-4.19,-2.29
1786312008,0.19,-1.54,-1.35,-0.29,-2.21,-4.79,-3.57,0.02
1786312008,2.05,-1.7,-4.95,-0.26,0.88,-3.37,-1.64,2.26
1786312008,3.01,-0.86,-7.78,-0.42,3.17,-2.35,0.54,3.77
1786312008,3.14,0.54,-7.37,-0.9,3.8,-1.4,2.03,4.19
1786312008,2.45,1.67,-3.98,-1.23,2.97,-0.17,2.65,3.6
1786312009,0.99,2,0.42,-0.84,1.58,0.97,2.39,2.58
1786312009,-0.57,1.63,3.9,0.23,0.48,1.27,1.06,1.91
1786312009,-1.13,0.96,5.22,1.24,0.07,0.49,-1.14,2.06
1786312009,-0.26,0.23,4.36,1.51,0.11,-1.02,-3.37,2.89
1786312009,1.05,-0.46,2.49,1.15,-0.16,-2.73,-4.94,3.84
1786312009,1.33,-0.86,0.83,0.73,-1.2,-4.03,-5.76,4.33
1786312009,0.28,-0.47,0.14,0.52,-2.39,-4.09,-5.66,4.11
1786312009,-0.77,0.91,1.13,0.28,-2.3,-2.56,-4.12,3.43
1786312009,-0.38,2.77,4.12,-0.05,-0.16,-0.2,-1.19,2.7
1786312009,1.2,4.19,8.06,0.13,2.93,1.33,1.61,2.12
1786312009,2.28,4.65,10.71,1.41,4.73,0.97,2.29,1.57
1786312009,1.73,4.3,10.67,3.34,3.89,-0.73,0.33,1.02
1786312009,0.16,3.49,8.79,4.47,1.22,-2.02,-2.46,0.66
1786312009,-0.94,2.41,6.8,3.84,-1.07,-1.63,-3.64,0.7
1786312009,-0.89,1.23,5.15,2.11,-1.37,-0.12,-2.63,1.12
1786312009,-0.35,0.3,3.46,0.88,-0.19,0.7,-1.09,1.57
1786312009,-0.37,-0.02,2.42,0.97,0.44,-0.14,-0.91,1.41
1786312009,-1.22,0.29,3.43,1.68,-0.91,-1.88,-2.29,0.21
1786312009,-2.26,0.68,6.36,1.9,-3.57,-3.23,-3.94,-1.69
1786312009,-2.87,0.53,8.56,1.28,-5.66,-3.81,-4.63,-3.19
1786312009,-2.96,-0.39,7.18,0.34,-5.77,-4.08,-4.22,-3.27
1786312009,-2.41,-1.6,2.38,-0.42,-3.89,-4.34,-3.45,-1.64
1786312009,-0.81,-2.36,-2.13,-0.96,-1.01,-4.31,-3.07,1.25
1786312009,1.87,-2.22,-2.52,-1.36,1.55,-3.57,-3.07,4.61
1786312009,4.69,-1.26,1.22,-1.57,2.93,-2.09,-2.68,7.64
1786312009,6.41,0.09,5.25,-1.49,3.3,-0.06,-1.06,9.71
1786312009,6.74,1.11,6.01,-1.25,3.55,2.06,1.65,10.44
1786312009,6.44,1.07,3.88,-1.14,4.16,3.46,4.25,9.85
1786312009,6.12,-0.14,2,-1.28,4.49,3.34,5.36,8.34
1786312009,5.37,-1.77,1.96,-1.35,3.58,1.72,4.6,6.39
1786312009,3.56,-2.89,1.82,-1,1.54,-0.48,2.57,4.38
1786312009,1.12,-3.33,-0.85,-0.44,-0.41,-2.12,0.16,2.73
1786312009,-0.62,-3.55,-5.02,-0.25,-1.29,-2.7,-1.93,1.82
1786312009,-1.08,-3.87,-6.95,-0.56,-1.59,-2.61,-3.24,1.57
1786312009,-1.16,-4.09,-5.05,-0.74,-2.78,-2.79,-3.67,1.5
1786312009,-2.14,-3.89,-1.86,-0.29,-5.48,-4.01,-3.76,1.24
1786312009,-4.07,-3.34,-0.58,0.37,-8.44,-6.12,-4.44,0.79
1786312009,-5.86,-2.92,-1.43,0.36,-9.7,-7.92,-5.96,0.42
1786312009,-6.58,-3.04,-2.42,-0.52,-8.64,-8.09,-7.21,0.24
1786312009,-6.48,-3.47,-2.29,-1.55,-6.62,-6.31,-6.73,-0.01
1786312009,-6.29,-3.53,-1.44,-1.98,-5.24,-3.38,-4.37,-0.57
1786312009,-5.74,-2.79,-0.76,-1.76,-4.48,-0.39,-1.5,-0.81
1786312009,-3.55,-1.68,-0.52,-1.43,-3,1.86,0.37,0.46
1786312009,0.79,-1.02,-0.56,-1.38,-0.19,3.29,1.06,3.6
1786312009,5.83,-1.02,-0.84,-1.47,3.17,4.3,1.59,8.11
1786312009,9.31,-0.95,-1.29,-1.24,6.01,5.13,2.72,13.3
1786312009,10.01,0.08,-1.1,-0.39,8.1,5.79,3.89,18.47
1786312009,8.71,1.97,0.69,0.93,9.88,6.47,4.08,22.68
1786312009,7.89,3.71,3.54,2.28,11.69,7.48,3.52,24.95
1786312009,9.91,4.57,5.39,3.4,13.35,8.66,3.68,24.7
1786312009,14.85,4.9,4.94,4.22,14.25,9.45,5.8,22.07
1786312009,20.15,5.5,3.44,4.7,14.05,9.72,9.68,18.28
1786312009,23.01,6.54,3.34,4.83,13.23,9.87,13.7,15.16
1786312009,22.58,7.29,5.47,4.92,12.7,9.89,15.79,13.88
1786312009,19.76,6.98,8.21,5.41,12.62,9.26,14.77,13.86
1786312009,15.87,5.7,9.45,6.34,11.87,7.76,11.12,13.5
1786312009,11.95,4.21,8.96,6.93,9.31,5.82,6.6,11.83
1786312009,8.8,3.1,8.47,6.29,5.56,3.81,2.91,9.38
1786312009,6.83,2.12,9.39,4.32,2.69,1.75,0.74,7.5
1786312009,5.72,0.82,10.65,1.91,2.1,-0.14,0.22,6.96
1786312009,4.65,-0.71,9.85,0.15,3.13,-1.26,1.39,7.43
1786312009,3.09,-1.84,6.27,-0.58,3.82,-1.33,3.32,7.87
1786312009,1.21,-2.28,1.83,-0.74,2.76,-0.73,3.82,7.49
1786312009,-0.46,-2.34,-1.1,-1.06,-0.09,-0.22,1.52,6.19
1786312009,-1.79,-2.52,-2.25,-1.86,-3.48,-0.28,-2.16,4.39
1786312009,-3.06,-2.86,-2.74,-2.86,-5.79,-0.93,-4.4,2.39
1786312009,-4.27,-2.99,-2.72,-3.64,-5.95,-1.69,-4.07,0.3
1786312009,-4.95,-2.74,-1.28,-3.96,-4.35,-1.96,-2.49,-1.75
1786312009,-4.9,-2.51,1.78,-3.75,-2.82,-1.65,-1.65,-3.61
1786312009,-4.91,-2.71,5.11,-3.04,-3.33,-1.42,-2.32,-5.36
1786312009,-6.01,-3.28,6.69,-2.08,-6.24,-1.89,-3.95,-7.18
1786312009,-8.22,-3.9,5.38,-1.5,-9.62,-2.83,-5.39,-9.14
1786312009,-10.25,-4.51,2.11,-1.89,-10.69,-3.35,-5.61,-11.15
1786312009,-10.68,-5.28,-0.7,-3.17,-8.39,-3.02,-4.3,-12.83
1786312009,-9.34,-6.03,-1.82,-4.45,-4.37,-2.42,-2.37,-13.46
1786312009,-7.3,-6.32,-2.63,-4.8,-1.44,-2.58,-1.65,-12.52
1786312009,-5.76,-6.04,-4.99,-4.23,-1.24,-3.72,-3.28,-10.34
1786312009,-5.13,-5.74,-8.19,-3.66,-3.3,-4.98,-6.32,-8.09
1786312009,-5.32,-6.05,-9.7,-3.73,-5.92,-5.26,-8.49,-7.07
1786312009,-6.09,-6.8,-8.45,-4.22,-7.44,-4.28,-8.35,-7.68
1786312009,-6.92,-7.07,-5.83,-4.59,-6.99,-2.67,-6.21,-9
1786312009,-7.11,-6.17,-3.72,-4.77,-4.86,-1.22,-3.5,-9.59
1786312009,-6.36,-4.55,-2.74,-5,-2.42,-0.47,-1.68,-8.85
1786312009,-5.26,-3.39,-2.45,-5.13,-1.22,-0.71,-1.66,-7.57
1786312009,-4.71,-3.39,-2.62,-4.63,-1.77,-1.92,-3.47,-7.11
1786312009,-5.03,-4.2,-3.58,-3.41,-3.27,-3.59,-6.18,-8.08
1786312009,-5.73,-5.03,-5.46,-2.24,-4.53,-4.78,-8.24,-10.04
1786312009,-6.11,-5.58,-7.47,-2.18,-5.06,-4.6,-8.28,-12.1
1786312009,-5.99,-5.98,-8.84,-3.3,-5.17,-2.97,-5.91,-13.62
1786312009,-5.83,-6.09,-9.71,-4.45,-5.37,-1.02,-2.32,-14.56
1786312009,-6.23,-5.38,-10.35,-4.43,-5.94,-0.2,-0.09,-15.21
1786312009,-7.26,-3.73,-10.01,-3.15,-6.94,-1.06,-1.18,-15.86
1786312009,-8.21,-1.92,-7.8,-1.53,-8.2,-2.76,-4.69,-16.57
1786312009,-8.32,-0.99,-4.52,-0.48,-9.12,-3.92,-7.47,-17.07
1786312009,-7.68,-1.19,-2.51,-0.16,-9.09,-3.79,-7.44,-16.99
1786312009,-7.15,-1.9,-3.6,-0.14,-8.05,-2.78,-5.56,-16.17
1786312009,-7.2,-2.38,-7.29,-0.04,-6.75,-1.89,-4.38,-14.9
1786312009,-7.52,-2.44,-11.02,0.11,-6.09,-1.89,-5.32,-13.83
1786312009,-7.69,-2.38,-12.19,0.11,-6.4,-2.84,-7.45,-13.56
1786312009,-7.93,-2.53,-10.3,-0.27,-7.31,-4.11,-8.54,-14.24
1786312009,-8.49,-3.01,-7.22,-1.12,-7.96,-4.79,-7.2,-15.32
1786312009,-9.02,-3.8,-5.48,-2.27,-7.75,-4.3,-4.11,-15.98
1786312009,-9.24,-4.68,-6.17,-3.1,-7.17,-3.05,-1.86,-16.02
1786312009,-9.78,-5.23,-8.21,-2.99,-7.6,-2.43,-2.93,-15.99
1786312009,-11.8,-5.08,-9.75,-2.01,-10.04,-3.54,-7.52,-16.33
1786312009,-16.12,-4.34,-10.11,-1.08,-14.54,-6.24,-13.72,-17.58
1786312009,-22.32,-3.78,-10.22,-1.29,-20.26,-9.63,-19.3,-21.05
1786312009,-28.14,-4.12,-11.28,-2.81,-25.35,-13.01,-22.75,-27.26
1786312009,-30.72,-5.28,-13.5,-4.56,-27.82,-15.97,-23.48,-33.75
1786312009,-29.09,-6.61,-16.1,-5.45,-27.09,-18.16,-22.49,-36.61
1786312009,-25.1,-7.68,-18.09,-5.6,-24.44,-19.04,-21.77,-34.37
1786312009,-21.47,-8.47,-18.64,-5.92,-21.52,-17.97,-21.95,-29.12
1786312009,-19.46,-9.02,-17.19,-6.87,-19.06,-14.79,-21.25,-23.99
1786312009,-18.43,-9.14,-14.06,-7.92,-16.98,-10.29,-17.7,-20.35
1786312009,-17.32,-8.53,-11.07,-8.09,-15.06,-5.92,-11.57,-17.65
1786312009,-15.66,-7.18,-10.16,-7,-13.03,-3.07,-5.23,-15
1786312009,-13.46,-5.45,-11.28,-5.32,-10.48,-2.09,-1.13,-12.47
1786312009,-10.76,-3.91,-12.36,-4.06,-7.19,-2.24,-0.27,-10.64
1786312009,-7.85,-2.95,-11.5,-3.64,-3.6,-2.53,-1.83,-9.77
1786312009,-5.57,-2.55,-8.82,-3.51,-0.92,-2.62,-4.04,-9.71
1786312009,-4.66,-2.44,-6.11,-2.9,-0.25,-2.54,-5.48,-10.15
1786312009,-4.6,-2.38,-4.84,-1.68,-1.47,-2,-5.54,-10.56
1786312009,-3.91,-2.23,-4.45,-0.32,-3.15,-0.67,-4.2,-10.31
1786312009,-1.89,-1.65,-3.43,0.81,-3.96,1.06,-1.88,-9.17
1786312009,0.43,-0.26,-1.88,1.88,-3.63,2.1,0.39,-7.64
1786312009,1.54,1.72,-1.76,3.18,-2.71,1.78,1.48,-6.44
1786312009,1.34,3.23,-4.26,4.53,-1.58,0.51,1.31,-5.8
1786312009,1.04,3.23,-7.79,5.46,-0.38,-0.55,1.01,-5.31
1786312009,1.38,1.74,-9.4,5.68,0.56,-0.68,1.34,-4.58
1786312009,1.56,-0.11,-7.62,5.32,0.52,-0.32,1.59,-3.72
1786312009,0.6,-1.07,-3.56,4.53,-0.67,-0.36,0.85,-3.05
1786312009,-0.93,-0.71,0.43,3.36,-1.96,-0.73,-0.34,-2.51
1786312009,-1.4,0.52,2.95,1.99,-1.87,-0.3,-0.29,-1.54
1786312009,-0.07,1.89,4.12,0.97,0.11,1.64,1.97,0.34
1786312009,2.09,2.94,4.54,0.91,3.09,4.46,5.57,3.06
1786312009,3.68,3.64,4.18,1.75,5.74,6.79,8.46,6
1786312009,4.43,4.08,2.79,2.64,7.34,7.84,9.49,8.54
1786312009,5.15,4.26,0.93,2.83,8.02,8.04,9.44,10.31
1786312009,6.41,4.16,-0.03,2.55,8.24,8.46,9.88,11.21
1786312009,7.93,4.1,0.83,2.63,8.39,9.34,11.18,11.34
1786312009,9.11,4.52,2.74,3.38,8.76,9.69,12.24,11.14
1786312009,9.87,5.41,3.93,4.14,9.49,8.61,12.28,11.24
1786312009,10.61,6.32,3.73,4.15,10.54,6.84,12.09,12
1786312009,11.54,6.77,3.15,3.43,11.7,6.06,13.08,13.22
1786312009,12.29,6.74,3.09,2.72,12.67,6.85,15.06,14.29
1786312009,12.3,6.45,3.14,2.56,12.96,8.02,15.71,14.72
1786312009,11.56,6.1,2.82,2.81,12.16,8.33,13.17,14.44
1786312009,10.88,5.75,2.56,2.99,10.76,8.11,8.59,13.84
1786312009,11.19,5.5,2.58,2.94,10.19,8.51,5.48,13.55
1786312009,12.69,5.52,2.22,2.99,11.52,9.8,6.24,14.14
1786312009,14.64,5.95,1.24,3.52,14.03,11.02,9.82,15.62
1786312009,15.99,6.72,0.48,4.36,15.6,11.11,13.05,17.14
1786312009,16.16,7.41,0.95,4.87,14.78,10,13.87,17.61
1786312009,15.25,7.66,2.7,4.68,12.16,8.56,12.88,16.78
1786312009,13.94,7.61,4.66,4.25,9.78,7.78,12.08,15.4
1786312009,13.2,7.69,5.23,4.21,9.5,8.02,12.64,14.51
1786312009,13.83,8.02,3.81,4.7,11.64,9.04,14.12,14.56
1786312009,15.96,8.27,1.47,5.34,14.77,10.29,15.45,15.24
1786312009,18.53,8.16,-0.07,5.85,16.84,11.37,15.98,15.75
1786312009,19.78,7.84,-0.12,6.2,16.61,12.3,15.53,15.33
1786312009,18.74,7.63,0.73,6.3,14.53,13.2,14.21,13.84
1786312009,16.35,7.64,1.78,5.99,12.34,13.8,12.66,12.02
1786312009,14.72,7.76,2.97,5.46,11.55,13.5,11.99,10.71
1786312009,15.05,8,4.81,5.26,12.15,12.06,12.76,10.09
1786312009,16.51,8.33,7.79,5.61,12.82,10.14,14.21,9.91
1786312009,17.24,8.38,11.34,6.08,12.27,9.02,15.02,10.02
1786312009,16.25,7.71,13.9,6.17,10.49,9.43,14.52,10.38
1786312009,14.29,6.54,14.61,5.92,8.6,10.42,13.19,10.98
1786312009,12.66,5.63,14.18,5.74,7.52,10.01,11.88,11.66
1786312009,11.59,5.45,13.25,5.82,7.1,7.23,10.69,12.14
1786312009,10.32,5.66,11.41,5.82,6.62,3.42,9,12.14
1786312009,8.52,5.47,8.72,5.27,5.94,1,6.74,11.71
1786312009,6.93,4.47,6.8,4.03,5.77,1.12,4.87,11.21
1786312009,6.42,3.17,7.61,2.51,6.77,2.68,4.41,11.17
1786312009,6.96,2.63,10.94,1.4,8.61,3.86,5.55,12
1786312009,7.71,3.28,13.97,1.13,10.03,3.9,7.53,13.53
1786312009,7.96,4.31,13.87,1.47,9.96,3.26,8.92,15
1786312009,7.82,4.52,10.79,1.75,8.55,2.42,8.54,15.78
1786312009,7.9,3.77,7.69,1.59,7.08,1.6,6.65,15.89
1786312009,8.56,3.07,6.96,1.28,6.74,1.14,4.47,15.7
1786312009,9.46,3.2,8.07,1.38,7.41,1.46,2.93,15.3
1786312009,9.82,3.69,9.32,1.93,7.9,2.34,2.21,14.43
1786312009,9.01,3.57,10.33,2.43,7.16,2.91,2.39,12.84
1786312009,7.18,2.82,11.32,2.46,5.48,2.6,3.62,10.72
1786312009,5.25,2.41,11.46,2.12,4.24,1.81,5.56,8.82
1786312009,4.26,3.01,9.84,1.71,4.66,1.36,7.21,8.04
1786312009,4.68,4.05,7.17,1.27,6.75,1.71,7.58,8.83
1786312009,6.09,4.23,5.16,0.77,9.36,2.78,6.78,10.83
1786312009,7.39,3.1,4.63,0.4,11.04,4.12,6.11,13.02
1786312009,7.49,1.59,4.96,0.35,11.11,4.83,6.44,14.32
1786312009,6.16,0.91,4.99,0.47,9.74,3.85,6.83,14.21
1786312009,4.16,1.15,4.22,0.28,7.42,1.15,5.38,12.94
1786312009,2.56,1.4,3.18,-0.45,4.67,-1.78,1.67,11.28
1786312009,1.77,0.88,2.53,-1.45,2.27,-3.24,-2.37,9.83
1786312009,1.44,-0.44,2.06,-2.16,1.1,-3.07,-4.23,8.6
1786312009,1.04,-2.02,1.21,-2.36,1.47,-2.56,-3.17,7.24
1786312009,0.59,-3.16,0.38,-2.26,2.82,-2.41,-0.57,5.73
1786312009,0.56,-3.33,0.59,-2.15,4.22,-1.99,1.75,4.64
1786312009,1.46,-2.5,1.83,-1.92,5.31,-0.55,3.11,4.51
1786312009,3.34,-1.06,2.91,-1.24,6.51,1.54,3.94,5.07
1786312009,5.7,0.53,3.18,-0.17,7.98,3.12,4.65,5.32
1786312009,7.73,1.96,3.21,0.65,9.05,3.58,5.12,4.65
1786312009,8.7,3.13,3.67,0.72,8.87,3.35,5.29,3.48
1786312009,8.27,4.02,4.56,0.36,7.35,3.19,5.51,2.61
1786312009,6.49,4.49,5.71,0.35,5.09,3.11,5.74,2.34
1786312009,3.85,4.17,6.86,0.84,2.66,2.43,5.13,2.36
1786312009,1.2,2.75,7.46,1.09,0.16,0.78,3.02,2.28
1786312009,-0.85,0.31,7.16,0.38,-2.46,-1.44,-0.23,1.85
1786312009,-2.44,-2.54,6.08,-1.05,-5.11,-3.62,-3.91,0.98
1786312009,-3.96,-4.87,4.48,-2.3,-7.35,-5.32,-7.58,-0.03
1786312009,-5.29,-5.91,2.74,-2.79,-8.41,-6.39,-10.46,-0.65
1786312009,-5.84,-5.57,1.65,-2.86,-7.82,-6.84,-11.28,-0.84
1786312009,-5.41,-4.54,2.1,-3.11,-5.94,-6.54,-9.36,-1.01
1786312009,-4.35,-3.61,3.76,-3.58,-3.69,-5.47,-5.42,-1.26
1786312009,-3.01,-2.99,4.96,-3.71,-1.73,-4.04,-1.14,-0.72
1786312009,-1.55,-2.37,4.52,-3.19,-0.33,-2.77,1.96,1.5
1786312009,-0.06,-1.68,3.02,-2.32,0.41,-1.76,3.21,5.16
1786312009,1.56,-1.22,1.84,-1.64,0.71,-0.7,2.72,8.74
1786312009,3.32,-1.23,1.93,-1.32,1.08,0.43,0.9,10.64
1786312009,4.63,-1.55,3.14,-1.12,1.6,0.84,-1.61,10.32
1786312009,4.43,-1.95,4.17,-0.93,1.59,-0.19,-3.99,8.38
1786312009,2.44,-2.29,3.94,-1.05,0.35,-2.22,-5.51,5.94
1786312009,-0.11,-2.5,2.52,-1.82,-1.63,-3.89,-5.87,4.19
1786312009,-1.52,-2.75,0.3,-2.99,-2.74,-4.38,-5.07,3.68
1786312009,-1.41,-3.26,-2.77,-3.96,-1.98,-4.19,-3.35,3.84
1786312009,-1.06,-3.81,-5.65,-4.43,-0.06,-4.21,-1.16,3.44
1786312009,-1.66,-3.86,-5.78,-4.63,1.52,-4.43,0.93,2
1786312009,-3.03,-3.25,-1.66,-4.74,1.93,-4.13,2.3,0.33
1786312009,-4.06,-2.43,4.25,-4.41,1.05,-3.25,2.37,-0.54
1786312009,-4.14,-1.99,6.93,-3.34,-0.93,-2.55,0.89,-0.39
1786312009,-3.42,-2.04,3.78,-1.98,-3.34,-2.26,-1.53,0.23
1786312009,-2.4,-2.26,-2.36,-1.35,-5.12,-1.67,-3.64,0.57
1786312009,-1.49,-2.44,-6.18,-1.97,-5.52,-0.47,-4.79,0.15
1786312009,-1.04,-2.63,-5.65,-3.21,-4.62,0.52,-5.47,-1.28
1786312009,-1.23,-2.78,-3.26,-3.87,-3.21,0.42,-6.41,-3.56
1786312009,-1.91,-2.43,-1.86,-3.23,-2.3,-0.7,-7.46,-6.11
1786312009,-2.55,-1.17,-1.1,-1.69,-2.43,-1.95,-7.63,-8.29
1786312009,-2.64,0.72,1.12,-0.3,-3.13,-2.7,-6.29,-9.73
1786312009,-2.28,2.27,4.66,0.22,-3.41,-2.99,-4,-10.49
1786312009,-2.3,2.58,6.53,-0.13,-3.12,-3.08,-2.39,-10.99
1786312009,-3.39,1.46,4.64,-0.94,-3.25,-3.02,-2.81,-11.69
1786312009,-5.19,-0.42,0.6,-1.77,-4.45,-2.61,-4.91,-12.67
1786312009,-6.44,-2.13,-2.17,-2.17,-6.01,-1.6,-6.74,-13.43
1786312009,-6.42,-2.99,-2.25,-1.67,-6.61,-0.14,-6.81,-13.42
1786312009,-5.68,-2.84,-1.15,-0.32,-5.91,1.13,-5.62,-12.4
1786312010,-5.36,-2.01,-0.85,1.01,-4.72,1.53,-4.94,-10.59
1786312010,-5.9,-0.92,-1.19,1.31,-4.19,0.69,-5.95,-8.59
1786312010,-6.93,0.12,-0.38,0.44,-4.97,-1.38,-7.81,-7.23
1786312010,-7.98,0.8,1.88,-0.72,-6.74,-3.96,-8.25,-7.07
1786312010,-8.76,0.82,3.06,-1.25,-8.17,-5.73,-5.9,-7.96
1786312010,-8.92,0.26,0.41,-1.05,-7.91,-5.65,-1.9,-9.12
1786312010,-8.04,-0.54,-5.32,-0.68,-5.84,-3.84,1.14,-9.8
1786312010,-6.29,-1.45,-9.64,-0.52,-3.46,-1.85,1.5,-9.97
1786312010,-4.81,-2.53,-8.5,-0.44,-2.77,-1.63,-0.62,-10.18
1786312010,-4.95,-3.49,-2.64,-0.15,-4.65,-3.74,-3.83,-10.73
1786312010,-6.9,-3.77,2.8,0.27,-8.03,-6.69,-6.71,-11.32
1786312010,-9.35,-3.33,3.32,0.31,-10.65,-8.36,-8.63,-11.38
1786312010,-10.77,-2.86,-0.92,-0.34,-11.06,-8.15,-9.74,-10.65
1786312010,-10.97,-3.06,-6.11,-1.26,-9.95,-7.21,-10.34,-9.56
1786312010,-10.97,-3.79,-8.94,-1.62,-9.15,-6.87,-10.53,-8.79
1786312010,-11.56,-4.33,-9.01,-1.26,-9.42,-7.44,-10.34,-8.71
1786312010,-12.38,-4,-7.47,-0.85,-9.85,-8.42,-9.76,-9.2
1786312010,-12.62,-2.68,-5.1,-1.1,-9.39,-9.07,-8.77,-9.74
1786312010,-12.15,-0.95,-2.57,-1.87,-8.25,-8.92,-7.6,-9.63
1786312010,-11.59,0.17,-1.29,-2.47,-7.56,-8.2,-6.93,-8.42
1786312010,-11.43,-0.18,-2.64,-2.62,-7.82,-7.54,-7.22,-6.46
1786312010,-11.26,-2.04,-6.3,-2.76,-8.02,-7.02,-7.76,-4.77
1786312010,-10.47,-4.44,-10.35,-3.22,-6.89,-6.12,-7.16,-4.25
1786312010,-9.35,-6.1,-12.97,-3.58,-4.92,-4.92,-5.21,-5.1
1786312010,-9.13,-6.36,-13.76,-3.27,-4.27,-4.56,-4.02,-6.63
1786312010,-10.6,-5.65,-13.53,-2.58,-6.42,-5.86,-6.18,-7.99
1786312010,-13.09,-4.85,-12.94,-2.45,-10.44,-7.97,-11.66,-9.08
1786312010,-15,-4.35,-11.96,-3.19,-13.93,-9.2,-17.11,-10.43
1786312010,-15.24,-3.88,-10.71,-3.94,-15.18,-9.07,-18.73,-12.24
1786312010,-14.04,-3.23,-10.26,-3.83,-13.99,-8.42,-15.7,-13.74
1786312010,-12.37,-2.65,-11.28,-3.06,-11.18,-7.9,-10.31,-13.91
1786312010,-10.86,-2.47,-12.33,-2.44,-7.93,-7.15,-5.69,-12.41
1786312010,-9.82,-2.69,-10.87,-2.27,-5.66,-5.74,-3.93,-10.06
1786312010,-9.67,-3.01,-6.53,-2.05,-5.56,-4.18,-5.49,-8.23
1786312010,-10.61,-2.92,-1.91,-1.33,-7.59,-3.5,-8.92,-7.63
1786312010,-12.1,-1.95,0.29,-0.27,-9.97,-4.11,-11.55,-7.94
1786312010,-13.26,-0.35,-0.33,0.31,-10.55,-5.28,-11.77,-8.55
1786312010,-13.6,0.71,-2.34,-0.26,-8.87,-5.78,-10.17,-9.18
1786312010,-13.23,0.24,-4.27,-1.79,-6.55,-5.02,-8.34,-9.74
1786312010,-12.49,-1.6,-5.45,-3.29,-5.31,-3.75,-6.97,-10.1
1786312010,-11.45,-3.59,-5.8,-3.88,-5.19,-3.19,-5.83,-10.14
1786312010,-10.03,-4.45,-5.14,-3.51,-5.24,-3.54,-4.7,-9.9
1786312010,-8.32,-3.59,-3.1,-2.76,-5.22,-3.57,-3.86,-9.51
1786312010,-6.79,-1.44,0.04,-2.06,-5.66,-2.15,-3.55,-9.15
1786312010,-5.83,0.74,2.62,-1.34,-6.47,0.28,-3.65,-8.93
1786312010,-5.36,1.68,2.72,-0.5,-6.61,1.96,-4.06,-8.94
1786312010,-4.82,1.06,-0.05,0.22,-5.29,1.88,-4.61,-9.23
1786312010,-3.85,-0.34,-4,0.57,-3.12,1.02,-4.69,-9.94
1786312010,-2.77,-1.3,-6.71,0.84,-1.54,0.97,-3.76,-11.1
1786312010,-1.99,-1.1,-6.76,1.37,-1.15,1.66,-2.61,-12.16
1786312010,-1.33,-0.02,-4.72,1.9,-1.23,1.46,-2.96,-12.07
1786312010,-0.3,0.84,-2.44,1.71,-0.91,-0.23,-5.11,-10.3
1786312010,1.13,0.66,-1.39,0.66,-0.24,-1.72,-6.63,-7.56
1786312010,2.39,-0.24,-1.53,-0.46,0.12,-1.02,-4.61,-5.1
1786312010,2.95,-0.67,-1.73,-0.58,-0.09,1.63,0.97,-3.55
1786312010,2.89,0.06,-1.16,0.54,-0.63,3.97,6.75,-2.58
1786312010,2.7,1.34,-0.33,2.19,-1.17,4.36,9.12,-1.67
1786312010,2.77,1.96,-0.55,3.5,-1.61,3.28,7.04,-0.8
1786312010,2.88,1.44,-2.19,4.16,-2.07,2.3,2.15,-0.47
1786312010,2.32,0.28,-3.81,4.23,-2.67,2.04,-3.09,-1.03
1786312010,0.72,-0.73,-3.66,3.65,-3.17,2,-6.49,-2.14
1786312010,-1.06,-1.18,-1.43,2.34,-2.98,1.53,-6.68,-2.88
1786312010,-1.4,-1.01,1.58,0.75,-1.75,0.47,-3.93,-2.46
1786312010,0.16,-0.51,3.21,-0.21,0.03,-1.06,-0.15,-1.04
1786312010,2.16,-0.42,1.56,0.05,1.46,-2.44,2.6,0.25
1786312010,2.91,-1.4,-3.49,1.05,1.85,-2.58,3.38,0.46
1786312010,2.41,-3.1,-9.31,1.62,0.99,-0.98,2.35,0.06
1786312010,1.89,-4.28,-11.78,1.06,-0.91,1.37,0.17,0.47
1786312010,2.13,-3.91,-8.65,-0.11,-2.99,2.9,-2.1,2.38
1786312010,2.85,-1.9,-1.7,-0.73,-3.67,3.23,-3.24,4.9
1786312010,3.62,0.83,4.81,-0.35,-1.65,3.45,-2.55,6.71
1786312010,4.46,2.86,7.74,0.43,2.57,4.6,-0.23,7.29
1786312010,5.33,3.26,6.73,0.9,6.69,6.32,2.94,6.97
1786312010,5.52,2.34,3.18,1.03,8.25,7.06,5.83,6.07
1786312010,4.25,1.3,-0.87,1.08,6.44,5.83,7.41,4.73
1786312010,1.79,1.08,-3.41,1.01,2.66,3.47,7.42,3.26
1786312010,-0.34,1.7,-3.26,0.64,-0.63,1.73,6.32,2.17
1786312010,-0.83,2.61,-0.83,0.25,-1.88,1.37,4.55,1.79
1786312010,0.23,3.33,2.38,0.39,-1.42,1.89,2.59,2.07
1786312010,1.64,3.74,4.84,1.25,-0.32,2.75,1.47,2.82
1786312010,2.45,3.8,5.78,2.2,0.93,3.99,2.25,3.73
1786312010,2.72,3.33,5.5,2.26,2.34,5.61,4.74,4.27
1786312010,2.9,2.11,4.92,1.14,3.51,6.99,7.25,3.89
1786312010,2.92,0.39,4.59,-0.43,3.67,7.22,7.84,2.47
1786312010,2.24,-0.9,4.17,-1.34,2.53,5.77,5.82,0.59
1786312010,0.76,-0.89,3.23,-1.24,0.8,3.07,2.42,-0.8
1786312010,-0.82,0.32,2.05,-0.77,-0.36,0.44,-0.14,-1.1
1786312010,-1.68,1.59,1.49,-0.62,-0.2,-0.84,-0.43,-0.43
1786312010,-1.85,1.95,1.91,-0.72,0.97,-0.82,0.86,0.52
1786312010,-2.19,1.35,2.35,-0.61,2.05,-0.62,1.6,0.93
1786312010,-3.12,0.33,1.53,-0.3,2.06,-1.04,0.51,0.53
1786312010,-3.8,-0.77,-0.22,-0.31,1.04,-1.97,-1.51,-0.1
1786312010,-3.04,-1.99,-1.12,-0.82,-0.03,-2.7,-2.22,-0.06
1786312010,-0.86,-3.22,-0.61,-1.23,-0.33,-2.67,-0.38,0.94
1786312010,1.15,-3.82,-0.24,-0.9,-0.12,-2,2.53,2.26
1786312010,1.43,-3.13,-1.15,-0.04,-0.39,-1.51,3.52,2.86
1786312010,-0.01,-1.22,-2.08,0.58,-1.53,-1.81,1.24,2.21
1786312010,-1.68,1.2,-0.91,0.65,-2.82,-2.63,-2.59,0.73
1786312010,-2.13,3.31,2.42,0.73,-3.18,-3.17,-5.09,-0.52
1786312010,-1.09,4.43,5.44,1.39,-2.3,-3,-4.9,-0.67
1786312010,0.69,4.12,5.61,2.42,-0.81,-2.37,-2.75,0.31
1786312010,2.32,2.33,3.02,3.05,0.48,-1.69,-0.14,1.66
1786312010,3.39,-0.16,0.08,2.77,1.52,-0.97,2,2.64
1786312010,3.99,-1.94,-1.04,1.86,2.92,0.06,3.51,3.14
1786312010,4.33,-1.82,-0.22,1.09,4.88,1.41,4.57,3.52
1786312010,4.59,0.06,0.98,0.9,6.69,2.71,5.27,4
1786312010,4.83,2.38,0.93,1.1,7.31,3.55,5.55,4.49
1786312010,4.94,3.76,-0.78,1.22,6.26,3.78,5.56,4.77
1786312010,4.84,4.05,-2.64,1.17,4.27,3.54,5.8,4.7
1786312010,4.7,4.13,-2.02,1.21,2.79,3.32,6.61,4.41
1786312010,4.81,4.58,2.3,1.43,2.78,3.66,7.87,4.09
1786312010,5.23,4.94,8.55,1.46,3.99,4.73,9.1,3.82
1786312010,5.73,4.67,13.5,1.02,5.54,6.3,9.8,3.55
1786312010,5.98,3.9,14.81,0.47,6.82,7.91,9.62,3.29
1786312010,5.85,3.15,11.8,0.43,7.72,8.99,8.79,2.95
1786312010,5.53,2.49,5.57,0.85,8.29,9.04,7.89,2.3
1786312010,5.53,1.58,-0.88,1.05,8.33,7.93,7.11,1.22
1786312010,6.31,0.53,-4.09,0.67,7.7,5.82,6.23,0.19
1786312010,7.68,0.11,-3,0.35,6.82,3.35,5.36,0
1786312010,8.81,0.89,0.14,0.85,6.39,1.67,5.25,0.83
1786312010,9,2.46,2.64,1.98,6.52,1.94,6.43,1.95
1786312010,8.45,3.79,4.19,2.77,6.68,4.25,8.5,2.33
1786312010,8.04,4.17,5.93,2.75,6.64,7.23,10.29,1.75
1786312010,8.38,3.75,7.36,2.57,6.78,8.93,10.58,0.97
1786312010,9.23,3.13,6.12,3.01,7.28,8.36,8.64,0.9
1786312010,9.98,2.58,1.65,3.8,7.76,6.21,5.05,1.73
1786312010,10.47,1.83,-2.68,3.94,7.89,4.14,1.8,2.9
1786312010,10.86,0.77,-2.58,3.12,7.77,3.18,0.84,3.69
1786312010,10.8,-0.12,2.16,2.18,7.33,2.92,2.35,3.64
1786312010,9.58,-0.27,6.93,2.08,6.07,2.29,4.5,2.54
1786312010,7.15,0.21,7.09,2.84,3.59,0.84,5.03,0.58
1786312010,4.41,0.54,2.94,3.56,0.31,-0.93,3.17,-1.58
1786312010,2.53,0.21,-0.87,3.41,-2.63,-2.12,0.18,-3.01
1786312010,2.12,-0.34,-0.72,2.46,-3.94,-2.25,-1.96,-3.09
1786312010,3.1,-0.22,2.48,1.43,-2.96,-1.68,-2.39,-1.92
1786312010,4.75,0.6,5.42,0.87,-0.29,-1.2,-1.78,-0.29
1786312010,6.22,1.08,6.26,0.77,2.58,-1.38,-1.23,0.82
1786312010,7.09,0.41,5.44,0.89,4.57,-2.18,-1.06,1.11
1786312010,7.49,-0.72,4.1,1.21,5.75,-2.79,-0.69,1.16
1786312010,7.62,-0.75,2.86,1.83,6.62,-2.17,0.52,1.75
1786312010,7.55,0.84,1.93,2.58,7.15,-0.22,2.61,3.09
1786312010,7.16,2.7,1.43,3.03,6.74,1.97,4.95,4.64
1786312010,6.19,3.02,1.22,3.07,5.17,3.08,6.6,5.62
1786312010,4.48,1.37,0.67,2.99,3.27,2.63,7.05,5.71
1786312010,2.42,-0.9,-0.82,3.1,2.33,1.12,6.6,5.6
1786312010,0.85,-2.04,-2.58,3.21,2.77,-0.43,5.71,6.36
1786312010,0.22,-1.57,-2.76,2.8,3.58,-1.48,4.46,8.2
1786312010,0.24,-0.39,-0.5,1.61,3.45,-2.23,2.73,10.07
1786312010,0.32,0.51,2.28,0.05,2.24,-2.97,0.61,10.81
1786312010,0.17,0.9,2.42,-1.21,0.9,-3.4,-1.27,10.3
1786312010,-0.03,0.99,-0.77,-1.84,0.27,-2.96,-2.1,9.42
1786312010,-0.19,0.79,-4.26,-2.05,0.01,-1.71,-1.75,8.89
1786312010,-0.43,0.22,-4.41,-2.17,-0.76,-0.59,-0.89,8.67
1786312010,-0.72,-0.31,-0.91,-2.34,-1.92,-0.35,-0.04,8.42
1786312010,-0.65,-0.07,3.11,-2.34,-1.99,-0.55,1.02,8.11
1786312010,0.31,0.99,4.66,-1.96,0.14,-0.33,2.46,7.87
1786312010,2.14,1.92,3.64,-1.27,3.5,0.41,3.67,7.5
1786312010,4.04,1.76,1.9,-0.52,5.8,0.94,3.71,6.59
1786312010,4.95,0.77,0.61,0.11,5.66,0.79,2.47,5.02
1786312010,4.43,0.08,-0.51,0.53,3.84,0.48,0.88,3.24
1786312010,3.17,0.3,-1.57,0.62,2.18,0.96,0.12,1.96
1786312010,2.33,0.81,-1.67,0.3,1.68,2.47,0.69,1.67
1786312010,2.39,0.6,-0.23,-0.22,1.82,4.01,2.03,2.25
1786312010,2.56,-0.39,1.63,-0.53,1.57,4.13,2.77,3.1
1786312010,1.86,-1.16,2.15,-0.5,0.71,2.29,1.77,3.54
1786312010,0.48,-0.87,1.08,-0.51,0.02,-0.55,-0.81,3.35
1786312010,-0.3,0.25,-0.11,-1,0.46,-2.55,-2.99,2.82
1786312010,0.46,1.22,-0.15,-1.78,2.19,-2.33,-2.27,2.35
1786312010,2.03,1.31,0.76,-2.14,4.2,-0.02,1.7,2.13
1786312010,2.71,0.69,1.53,-1.72,5.09,2.89,6.1,2.12
1786312010,1.88,0.12,1.71,-1.02,4.35,4.76,7.38,2.18
1786312010,0.72,0.2,1.89,-0.93,2.6,4.91,4.8,2.23
1786312010,0.58,0.85,2.38,-1.61,0.79,3.61,1.05,2.27
1786312010,1.33,1.51,2.11,-2.33,-0.43,1.73,-0.71,2.23
1786312010,1.7,1.66,-0.07,-2.23,-0.73,0.16,0.23,1.88
1786312010,0.97,1.23,-2.96,-1.24,-0.31,-0.67,1.93,1.02
1786312010,-0.37,0.46,-3.57,0.03,0.01,-0.86,2.24,-0.22
1786312010,-1.38,-0.23,-0.93,0.99,-0.52,-0.52,0.89,-1.46
1786312010,-1.7,-0.5,2.13,1.47,-1.68,0.27,-0.68,-2.41
1786312010,-1.71,-0.29,2.01,1.45,-2.34,1.2,-0.99,-2.97
1786312010,-1.68,0.08,-1.31,0.79,-1.55,1.84,0.28,-2.88
1786312010,-1.21,0.21,-4.2,-0.58,0.46,2.14,2.25,-1.65
1786312010,0.04,-0.06,-3.58,-2.12,2.42,2.04,3.52,0.87
1786312010,1.31,-0.74,-0.53,-2.88,2.96,0.96,3,3.7
1786312010,1.17,-1.71,1.18,-2.34,1.5,-1.37,0.66,5.17
1786312010,-0.78,-2.67,-0.13,-1.06,-1.18,-3.91,-2.09,4.47
1786312010,-3.15,-3.04,-2.3,-0.2,-3.28,-4.95,-3.17,2.56
1786312010,-4.03,-2.37,-2.5,-0.46,-3.22,-3.8,-1.74,1.41
1786312010,-2.73,-0.65,-0.62,-1.43,-0.95,-1.43,0.74,2.28
1786312010,-0.14,1.44,1.17,-2.15,1.95,0.59,1.91,4.77
1786312010,2.2,2.84,1.08,-2.12,3.51,1.33,0.8,7.17
1786312010,3.15,2.78,-0.8,-1.57,2.75,0.86,-1.52,7.74
1786312010,2.52,1.27,-2.88,-1.06,0.48,-0.16,-3.23,6.02
1786312010,1.03,-0.79,-3.37,-0.91,-1.32,-1.04,-3.24,3.02
1786312010,-0.15,-2.03,-1.64,-0.94,-1.16,-1.33,-1.68,0.01
1786312010,-0.12,-1.67,1.51,-0.64,0.69,-0.83,0.53,-2.3
1786312010,1.1,-0.17,4.59,0.26,2.67,0.17,2.12,-3.43
1786312010,2.61,1.24,6.07,1.51,3.37,1.07,2.03,-2.84
1786312010,3.26,1.73,4.69,2.52,2.54,1.31,-0.01,-0.58
1786312010,2.46,1.34,0.34,2.68,0.95,0.91,-2.91,2.18
1786312010,0.79,0.61,-4.64,1.76,-0.27,0.48,-4.57,3.95
1786312010,-0.3,0.05,-6.45,0.03,-0.28,0.68,-3.35,4.24
1786312010,0.23,-0.18,-3.35,-1.69,1.09,1.47,0.45,3.75
1786312010,1.87,-0.23,2.09,-2.45,3.02,2.06,4.59,3.42
1786312010,2.99,-0.49,5.24,-1.89,4.07,1.75,6.46,3.45
1786312010,2.42,-1.45,3.83,-0.71,3.24,0.69,5.01,3.33
1786312010,0.46,-3.24,-0.26,-0.11,0.93,-0.62,1.43,2.53
1786312010,-1.52,-5.14,-3.47,-0.72,-1.16,-1.98,-1.84,1.23
1786312010,-2.2,-5.83,-4.19,-1.9,-1.52,-3.21,-2.93,0.32
1786312010,-1.26,-4.57,-3.5,-2.47,-0.15,-3.58,-1.88,0.62
1786312010,0.53,-2.1,-2.99,-1.95,1.42,-2.4,-0.25,1.96
1786312010,1.82,-0.14,-2.8,-0.92,1.49,-0.21,0.43,3.25
1786312010,1.52,0.16,-2.39,-0.21,-0.46,1.29,-0.21,3.34
1786312010,-0.3,-0.91,-2.16,-0.05,-3.23,0.73,-1.54,1.97
1786312010,-2.31,-2.12,-2.74,-0.14,-4.59,-1.38,-2.55,-0.06
1786312010,-3.04,-2.39,-3.15,-0.28,-3.11,-2.9,-2.35,-1.55
1786312010,-2.24,-1.73,-1.67,-0.65,0.33,-2.36,-0.52,-1.91
1786312010,-0.96,-1.23,1.34,-1.43,3.21,-0.51,2.27,-1.36
1786312010,-0.34,-1.98,3.13,-2.32,3.62,0.75,4.38,-0.32
1786312010,-0.59,-3.94,1.45,-2.77,1.82,0.38,4.53,1
1786312010,-1.14,-5.79,-2.87,-2.61,-0.62,-1.17,2.91,2.19
1786312010,-1.49,-6.04,-6.17,-2.35,-2.58,-2.92,0.64,2.32
1786312010,-1.7,-4.39,-5.18,-2.35,-3.89,-4.14,-1.59,0.84
1786312010,-2.18,-1.85,-0.8,-2.35,-4.62,-4.6,-3.62,-1.32
1786312010,-3.1,0.17,2.4,-1.93,-4.76,-4.48,-5.14,-2.46
1786312010,-4.06,0.66,1.1,-1.38,-4.53,-4.49,-5.87,-1.89
1786312010,-4.07,-0.55,-3.4,-1.49,-4.33,-5.09,-5.84,-0.69
1786312010,-2.52,-2.62,-7.06,-2.59,-4.4,-5.77,-5.1,-0.16
1786312010,-0.17,-4.24,-7.55,-3.92,-4.61,-5.74,-3.82,-0.18
1786312010,1.01,-4.78,-5.83,-4.5,-4.84,-5.65,-3.19,0.4
1786312010,-0.05,-4.66,-4.28,-4.4,-4.92,-7.21,-4.53,1.89
1786312010,-1.93,-4.44,-4,-4.5,-4.09,-10.09,-6.86,3.27
1786312010,-1.9,-3.95,-4.34,-5,-1.23,-10.87,-6.78,3.47
1786312010,0.91,-2.76,-4.71,-4.92,3.49,-6.96,-2.33,2.67
1786312010,4.3,-0.96,-5.65,-3.5,7.66,-0.41,3.89,1.89
1786312010,5.16,0.85,-7.18,-1.3,8.53,3.99,7.3,1.73
1786312010,2.7,2.1,-7.48,0.22,5.91,4,6.26,1.97
1786312010,-1.07,2.49,-4.3,0.13,2.3,1.87,3.19,2.06
1786312010,-3.57,2.53,2.54,-1.16,0.33,1.14,1.47,1.55
1786312010,-3.83,4.44,10.57,-2.23,0.74,2.86,3.29,0.47
1786312010,-2.57,11.22,16.83,-1.63,3.19,6.22,9.56,-0.26
1786312010,-0.59,23.03,20.79,1.29,7.67,11.29,19.29,0.41
1786312010,2.35,34.95,24.5,5.65,13.88,18.63,29.18,2.27
1786312010,6.74,40.68,29.79,9.69,19.74,26.95,35.72,3.94
1786312010,12.07,38.41,36.25,12.93,22.42,33.24,37.88,4.4
1786312010,17.11,32.45,41.84,17.12,20.95,35.4,37.09,3.93
1786312010,20.6,29.42,44.51,23.95,17.33,34.12,35.37,3.64
1786312010,21.51,32.51,43.25,32.07,14.97,31.99,33.78,4.06
1786312010,19.66,39.07,38.22,37.98,15.88,30.75,32,4.38
1786312010,16.13,43.34,30.87,39.29,18.85,29.95,28.76,3.24
1786312010,12.49,41.56,23.47,36.41,20.6,28.08,22.99,0.2
1786312010,9.51,34.63,17.78,31.73,18.62,24.28,15.11,-3.78
1786312010,6.87,26.58,14.29,27.53,13.26,18.75,7.52,-7.24
1786312010,4.27,20.94,12.72,24.62,7.68,12.61,3.71,-9.62
1786312010,2.48,18.27,12.79,22.35,5.82,7.53,5.72,-11.12
1786312011,2.54,16.51,13.74,19.71,8.89,4.88,11.63,-11.51
1786312011,4.25,13.45,14.07,16.41,13.4,4.48,16.11,-10.21
1786312011,5.8,8.78,12.4,13.01,13.65,4.46,14.56,-7.37
1786312011,5.44,3.41,7.97,9.97,7.47,2.7,7.06,-3.75
1786312011,3.14,-2.72,0.46,7.01,-0.9,-1.35,-2.19,-0.17
1786312011,0.55,-10.15,-9.08,3.59,-4.8,-6.07,-8.55,2.39
1786312011,-0.77,-17.87,-17.81,-0.21,-1.91,-9.03,-9.91,3.1
1786312011,-0.88,-23.48,-23.16,-3.53,3.57,-9.46,-7.49,2.07
1786312011,-1.4,-25.77,-24.94,-5.64,5.51,-9.11,-5.01,0.33
1786312011,-3.65,-26.21,-25.16,-6.85,1.44,-10.36,-6.33,-1.09
1786312011,-7.29,-27.37,-26.2,-8.21,-6.17,-13.79,-12.81,-1.9
1786312011,-10.88,-30.18,-29.29,-10.45,-13.15,-18.05,-22.4,-2.41
1786312011,-13.43,-33.18,-34.32,-13.11,-17.02,-21.43,-31.56,-3.05
1786312011,-15.07,-34.84,-40.9,-15.13,-18.02,-23.49,-37.77,-4.02
1786312011,-16.68,-35.74,-48.55,-16.13,-18.68,-25.62,-40.68,-5.35
1786312011,-19.48,-37.57,-55.44,-16.65,-22.43,-29.44,-42.16,-7.01
1786312011,-24.08,-40.64,-58.72,-17.25,-30.53,-34.56,-44.73,-8.78
1786312011,-29.43,-43.83,-57.3,-18.17,-40.03,-38.6,-49.12,-10.09
1786312011,-33.53,-46.25,-53.35,-19.99,-46.17,-39.45,-53.55,-10.4
1786312011,-35.23,-47.95,-50.8,-23.35,-46.44,-37.4,-55.69,-9.93
1786312011,-34.86,-49.24,-52.66,-27.75,-42.19,-35.12,-54.92,-9.6
1786312011,-33.5,-50.02,-58.48,-31.37,-37.04,-35.09,-52.43,-10.14
1786312011,-32.09,-49.53,-64.05,-32.44,-34.22,-37.07,-49.79,-11.22
1786312011,-31.17,-47.03,-64.84,-30.8,-34.65,-38.79,-47.62,-11.8
1786312011,-30.78,-42.92,-60.08,-27.97,-36.98,-38.71,-45.62,-11.17
1786312011,-30.5,-38.91,-53.16,-26.01,-38.99,-37.14,-43.41,-9.7
1786312011,-29.83,-36.53,-48.57,-26.04,-39.21,-35.14,-41.27,-8.35
1786312011,-28.55,-35.82,-48.54,-27.44,-37.47,-33.02,-39.96,-7.61
1786312011,-26.98,-35.35,-52.15,-28.42,-34.8,-30.32,-39.9,-7.32
1786312011,-25.62,-33.72,-56.52,-27.64,-32.68,-26.9,-40.72,-7.27
1786312011,-24.49,-30.68,-58.29,-25.33,-31.92,-23.3,-41.63,-7.5
1786312011,-23.02,-27.15,-54.93,-22.94,-31.83,-20.27,-41.73,-8.07
1786312011,-20.78,-24.12,-46.34,-21.53,-30.75,-18.26,-40.06,-9.04
1786312011,-18.07,-21.78,-36,-20.82,-27.43,-17.21,-36.18,-10.58
1786312011,-15.63,-19.54,-28.87,-19.85,-22.32,-16.37,-30.69,-12.73
1786312011,-13.93,-16.9,-26.88,-18.18,-17.49,-14.93,-25.31,-15.2
1786312011,-12.75,-13.95,-26.74,-16.29,-15.02,-12.76,-21.97,-17.3
1786312011,-11.52,-11.15,-23.57,-14.78,-15.35,-10.24,-21.32,-18.33
1786312011,-9.98,-8.92,-16.54,-13.63,-17.05,-7.63,-21.88,-18.08
1786312011,-8.5,-7.41,-9.23,-12.27,-18.2,-5.02,-21.23,-17.16
1786312011,-7.51,-6.42,-4.66,-10.38,-17.69,-2.64,-18.16,-16.44
1786312011,-6.81,-5.56,-2.06,-8.39,-15.69,-0.83,-13.64,-16.22
1786312011,-5.73,-4.49,1.18,-7.02,-13.04,0.21,-9.65,-15.91
1786312011,-4.03,-3,6,-6.51,-10.44,0.71,-7.39,-14.73
1786312011,-2.18,-1.11,11.03,-6.49,-8.25,1.16,-6.5,-12.51
1786312011,-0.9,0.75,14.7,-6.38,-6.69,1.82,-5.98,-9.91
1786312011,-0.59,1.94,16.98,-5.87,-6.05,2.5,-5.17,-8.06
1786312011,-1.13,2.31,18.74,-4.93,-6.17,2.81,-4.04,-7.86
1786312011,-1.96,2.52,20.42,-3.7,-6.1,2.67,-2.71,-9
1786312011,-2.19,3.43,21.97,-2.29,-4.65,2.71,-1.05,-9.87
1786312011,-1.04,5.24,23.66,-0.81,-1.64,4.14,1.18,-8.92
1786312011,1.58,7.33,26.18,0.57,1.8,7.61,3.76,-6.16
1786312011,4.7,8.97,29.55,1.77,4.12,11.95,6.13,-3.15
1786312011,6.84,9.95,32.31,2.85,4.64,14.58,8.13,-1.4
1786312011,7.26,10.42,32.99,3.83,4.05,13.73,9.9,-1.23
1786312011,6.9,10.62,32.75,4.48,3.72,10.29,11.24,-1.67
1786312011,7.4,10.96,34.59,4.63,4.53,7.18,11.95,-1.5
1786312011,9.2,11.97,39.08,4.41,6.29,6.7,12.48,-0.3
1786312011,11.05,13.66,42.85,4.14,8.18,8.77,13.8,1.31
1786312011,11.49,15.34,42.5,4.1,9.57,11.55,16.31,2.41
1786312011,10.41,16.22,38.74,4.47,10.29,13.33,19.11,2.84
1786312011,8.96,15.99,35.01,4.99,10.46,13.75,20.64,3.11
1786312011,8.1,15.02,33.32,4.99,10.26,13.44,20.24,3.28
1786312011,8.04,14.46,33.17,4.17,10.13,13.19,18.97,2.84
1786312011,8.75,15.51,33.91,3.37,10.87,13.37,18.62,2.16
1786312011,10.44,17.98,35.88,3.71,12.72,13.84,19.84,3.17
1786312011,13,19.99,38.85,5.16,14.92,14.08,21.65,7.51
1786312011,15.7,19.88,41.2,6.64,16.54,13.59,22.87,13.93
1786312011,17.36,17.91,41.29,7.32,17.47,12.41,23.34,18.33
1786312011,17.24,15.84,39.5,7.39,18.09,11.41,23.54,17.11
1786312011,15.92,15.25,37.77,7.61,18.56,11.69,23.79,11.13
1786312011,14.94,16.54,37.51,8.8,18.93,13.44,24.25,5.76
1786312011,15.45,19.62,38.71,11.29,19.82,16.02,25.88,5.83
1786312011,17.5,24.66,41.31,14.58,22.39,19.48,30.39,10.48
1786312011,20.79,31.23,46.29,17.73,27.05,24.55,38.09,14.26
1786312011,25.24,37.54,55.1,20.25,32.28,30.85,46.08,13.34
1786312011,30.5,42.53,67.33,22.35,36.22,36.96,51.04,9.42
1786312011,35.02,47.95,79.1,24.45,39.1,42.45,53.49,7
1786312011,36.81,56.11,84.81,26.63,42.38,47.9,56.56,8.05
1786312011,35.32,65.79,82.07,28.43,46.07,52.91,61.36,10.53
1786312011,32.18,72.67,74.21,29.41,48.26,55.76,66.05,11.4
1786312011,29.65,73.56,67.1,29.64,47.39,55.28,68.78,9.73
1786312011,28.9,69.18,63.95,29.67,44.39,51.96,69.08,6.95
1786312011,29.5,63.08,63.42,30.02,42.14,47.25,67.05,5
1786312011,30.08,58.32,62.23,30.44,42.38,42.6,62.62,4.58
1786312011,29.6,55.42,59.28,30.11,43.61,39.07,56.15,5.02
1786312011,27.93,52.94,56.08,28.56,42.85,37.16,49.37,5.33
1786312011,25.6,49.29,53.44,26.25,38.93,36.33,44.68,5.14
1786312011,23.21,44.07,49.83,23.87,33.45,35.03,42.84,4.84
1786312011,21.02,38.24,43.91,21.48,29.02,31.88,42.08,5.03
1786312011,19.01,32.92,37.11,18.6,26.94,26.86,39.93,5.75
1786312011,17.04,28.09,32.26,15.12,26.55,21.16,35.87,6.47
1786312011,14.99,22.78,29.91,11.75,26.34,16.01,31.61,6.73
1786312011,12.6,16.54,27.46,9.35,25.23,11.8,28.54,6.75
1786312011,9.59,10.16,22.2,7.94,22.52,8.2,25.64,7.2
1786312011,6.12,4.97,14.15,6.5,17.57,4.79,20.4,8.4
1786312011,2.86,1.59,5.31,4.02,10.82,1.46,12.03,9.94
1786312011,0.33,-1.18,-3.13,0.5,4.35,-1.47,3.2,11.04
1786312011,-1.74,-6.11,-11.45,-3.28,0.46,-3.66,-2.27,11.34
1786312011,-4.04,-14.87,-19.55,-6.64,-0.51,-5.26,-3.34,11.14
1786312011,-6.75,-25.48,-25.87,-9.33,-0.33,-7.17,-3.07,10.99
1786312011,-9.31,-33.9,-29.09,-11.36,-1.1,-10.55,-5.37,11.1
1786312011,-11.21,-37.79,-29.79,-12.74,-3.42,-15.76,-10.93,11.11
1786312011,-12.6,-37.99,-29.98,-13.54,-6.59,-21.58,-17.04,10.41
1786312011,-13.98,-36.91,-31.41,-14.02,-9.83,-25.99,-21.04,8.84
1786312011,-15.52,-36.49,-34.12,-14.61,-13.07,-27.89,-22.75,7.01
1786312011,-16.99,-37.27,-36.44,-15.53,-16.72,-27.92,-23.89,5.67
1786312011,-18.05,-38.59,-36.8,-16.37,-21,-27.45,-26.42,4.93
1786312011,-18.42,-39.49,-35.59,-16.57,-25.38,-27.22,-31.35,4.12
1786312011,-18.24,-39.62,-35.03,-16.22,-28.64,-27.3,-37.73,2.72
1786312011,-18.59,-39.33,-37.41,-16.02,-29.72,-28.31,-43.14,0.99
1786312011,-20.57,-39.2,-43.01,-16.36,-28.84,-31.04,-45.59,-0.47
1786312011,-23.72,-39.59,-49.45,-16.88,-27.36,-35.11,-45.1,-1.79
1786312011,-26.04,-40.33,-53.42,-17.05,-26.29,-38.76,-43.3,-3.67
1786312011,-26.16,-40.57,-53.16,-16.9,-25.76,-40.13,-41.97,-6.38
1786312011,-24.89,-39.3,-48.85,-16.9,-25.77,-38.63,-41.71,-9.3
1786312011,-24.02,-36.29,-41.88,-17.19,-26.36,-35.05,-41.61,-11.41
1786312011,-24.16,-32.36,-34.83,-17.26,-26.93,-30.75,-40.28,-11.91
1786312011,-24.37,-28.82,-30.89,-16.52,-26.54,-26.95,-37.26,-10.8
1786312011,-23.5,-26.51,-31.3,-15.06,-24.92,-24.37,-33.56,-8.95
1786312011,-21.29,-25.38,-33.83,-13.59,-22.7,-23.1,-30.48,-7.63
1786312011,-18.39,-24.79,-34.91,-12.67,-20.78,-22.58,-28.37,-7.46
1786312011,-15.91,-23.92,-33.35,-12.06,-19.64,-21.95,-26.55,-8.22
1786312011,-14.7,-22.24,-31.09,-11.11,-19.4,-20.73,-24.59,-9.35
1786312011,-14.76,-19.89,-30.1,-9.63,-19.86,-19.18,-23.03,-10.56
1786312011,-15.1,-17.65,-29.63,-8.14,-20.41,-17.82,-22.56,-11.66
1786312011,-14.45,-16.13,-27.48,-7.23,-20.03,-16.68,-22.74,-12.32
1786312011,-12.25,-15.15,-23.65,-6.72,-17.94,-15.36,-22.02,-12.17
1786312011,-9.16,-14.04,-21.01,-5.92,-14.55,-13.55,-19.44,-11.18
1786312011,-6.53,-12.5,-21.45,-4.53,-11.51,-11.5,-15.77,-9.75
1786312011,-5.23,-10.85,-22.92,-2.96,-10.32,-9.75,-12.81,-8.49
1786312011,-5.08,-9.18,-21.42,-1.77,-11.03,-8.5,-11.75,-8.01
1786312011,-5.35,-6.96,-15.66,-1.02,-12.22,-7.52,-12.34,-8.68
1786312011,-5.32,-3.85,-8.9,-0.32,-12.19,-6.72,-13.11,-10.09
1786312011,-4.59,-0.63,-5.67,0.57,-10.47,-6.28,-12.43,-11
1786312011,-3.11,1.28,-6.88,1.39,-8.13,-6.14,-9.96,-10.22
1786312011,-1.33,1.02,-9.5,1.68,-6.64,-5.72,-6.89,-7.81
1786312011,-0.03,-0.89,-10.75,1.47,-6.39,-4.6,-4.68,-5.04
1786312011,0.22,-2.87,-10.67,1.35,-6.58,-3.11,-3.95,-3.22
1786312011,-0.46,-3.49,-10.18,1.84,-6.43,-2.04,-4.35,-2.66
1786312011,-1.26,-2.31,-8.69,2.81,-5.81,-1.83,-5.06,-2.66
1786312011,-1.32,-0.04,-5.26,3.84,-4.83,-2.31,-5.25,-2.3
1786312011,-0.48,2.09,-1.15,4.67,-3.53,-2.93,-4.68,-1.21
1786312011,0.56,3.2,0.52,5.29,-2.06,-3.02,-3.77,0.25
1786312011,1.14,3.36,-1.69,5.66,-0.61,-2.05,-2.82,1.62
1786312011,1.58,3.54,-5.36,5.7,0.94,0.08,-1.7,2.83
1786312011,2.73,4.72,-6.56,5.54,2.95,2.9,0.07,4.06
1786312011,4.59,7.02,-3.97,5.61,5.28,5.31,2.61,5.29
1786312011,5.98,9.41,-0.18,6.3,6.91,5.81,4.87,6.11
1786312011,5.88,10.57,1.38,7.27,6.7,3.8,5.25,6.03
1786312011,4.68,10,0.13,7.6,4.87,0.73,3.88,4.99
1786312011,3.85,8.56,-1.51,6.9,3.23,-0.78,3.23,3.57
1786312011,4.42,7.76,-1.42,5.98,3.66,0.71,5.54,2.58
1786312011,6.07,8.72,0.21,6.05,6.18,4.19,10.14,2.43
1786312011,7.7,11.41,1.87,7.43,9.03,7.54,13.99,2.91
1786312011,8.61,14.35,2.57,9.09,10.47,9.42,14.77,3.55
1786312011,8.98,15.54,2.36,9.76,10.28,9.9,12.92,4.25
1786312011,9.32,14.26,1.78,9.24,9.63,9.76,10.98,5.31
1786312011,9.83,11.85,1.41,8.3,9.69,9.51,11.36,6.73
1786312011,10.23,10.49,1.78,7.65,10.62,9.28,14.42,7.79
1786312011,10.2,11.18,3.08,7.34,11.65,9.29,18.23,7.77
1786312011,9.85,13.13,4.85,7.23,12.15,9.83,20.24,6.87
1786312011,9.6,14.9,6.01,7.44,12.46,10.94,19.54,6.19
1786312011,9.78,15.68,5.41,8.11,13.31,12.22,17.43,6.76
1786312011,10.33,15.45,2.55,8.89,14.66,12.96,15.71,8.7
1786312011,11.03,14.43,-1.42,9.05,15.42,12.54,14.59,11.16
1786312011,11.49,12.9,-3.76,8.31,14.49,10.69,12.88,12.9
1786312011,11.18,11.56,-2.28,7.27,11.9,7.67,9.48,13.14
1786312011,9.74,11.26,2.35,6.83,8.78,4.35,4.67,12.07
1786312011,7.61,12.13,7.02,7.04,6.35,2.1,0.7,10.43
1786312011,6.18,13.08,9.07,7.01,5.81,2.37,1.12,8.81
1786312011,6.76,12.85,8.4,6.1,8.33,5.52,7.93,7.55
1786312011,9.44,11.43,6.43,4.96,13.73,10.22,18.9,7.21
1786312011,12.99,10.11,4.1,4.89,19.44,14.34,28.45,8.45
1786312011,15.84,9.99,1.66,6.26,22.22,16.33,31.89,11.08
1786312011,16.91,10.81,-0.34,8.03,20.71,15.86,28.85,13.66
1786312011,16.01,11.42,-1.32,8.98,16.33,13.63,22.99,14.3
1786312011,13.61,11.24,-1.54,8.92,11.79,10.88,18.15,12.18
1786312011,10.56,10.64,-1.68,8.46,8.86,8.75,14.88,8.12
1786312011,7.82,10.26,-1.6,8,7.45,7.44,11.14,3.93
1786312011,6.19,10.12,-0.45,7.48,6.52,6.32,6.04,1.33
1786312011,5.85,9.77,1.64,6.87,5.47,5.05,1.75,1.04
1786312011,6.16,8.95,3.08,6.35,4.45,4.13,1.19,2.46
1786312011,6.26,7.99,2.74,5.92,4.04,4.07,4.69,4.22
1786312011,6.02,7.42,1.4,5.32,4.8,4.89,9.79,5.29
1786312011,5.97,7.31,0.74,4.48,6.69,6.23,13.56,5.6
1786312011,6.43,7.25,1.46,3.74,8.94,7.7,14.7,5.65
1786312011,7,6.94,2.47,3.58,10.55,8.68,13.61,5.83
1786312011,6.86,6.4,1.83,4.07,10.78,8.56,11.32,6.11
1786312011,5.58,5.67,-1.07,4.63,9.23,7.35,8.56,6.21
1786312011,3.67,4.67,-4.1,4.6,6.18,5.87,5.81,5.95
1786312011,2.35,3.48,-4.34,3.9,2.92,5.06,3.6,5.3
1786312011,2.39,2.6,-1.78,3.27,1.12,4.91,2.53,4.27
1786312011,3.41,2.74,0.48,3.41,1.53,4.57,2.97,3
1786312011,4.5,4.22,0.31,4.18,3.51,3.7,4.66,1.74
1786312011,5.27,6.51,-0.78,4.61,5.76,3.21,6.8,0.74
1786312011,6.02,8.39,0.01,4.05,7.33,4.36,8.62,0.27
1786312011,7.13,8.82,3.11,2.9,7.99,7.16,9.97,0.59
1786312011,8.31,7.73,6.23,2.21,7.72,10.2,10.75,1.89
1786312011,8.79,5.82,7,2.51,6.37,11.65,10.35,3.77
1786312011,8.08,3.87,5.02,3.41,4.06,10.63,8.06,5.26
1786312011,6.42,2.34,1.57,4.03,1.65,7.7,4.06,5.47
1786312011,4.52,1.46,-1.74,3.85,0.19,4.52,-0.2,4.27
1786312011,2.9,1.46,-3.84,2.98,0.03,2.6,-2.57,2.34
1786312011,1.98,2.31,-4.31,1.77,0.85,2.51,-1.76,0.7
1786312011,2.21,3.38,-3.25,0.43,2.23,3.88,1.58,0.47
1786312011,3.59,3.75,-1.32,-0.86,3.69,5.71,5.62,2.38
1786312011,5.15,3.07,0.43,-1.77,4.57,6.92,8.76,5.99
1786312011,5.57,1.89,0.74,-2.06,4.39,7.11,10.24,9.56
1786312011,4.43,1.04,-1.28,-1.85,3.43,6.72,9.88,11.13
1786312011,2.49,0.87,-5.13,-1.48,2.36,6.31,7.95,10.05
1786312011,0.76,1.19,-8.64,-1.23,1.39,5.72,5.29,7.29
1786312011,-0.56,1.64,-9.49,-1.05,0.13,4.41,2.99,4.36
1786312011,-1.71,1.82,-7.17,-0.82,-1.49,2.42,1.51,2.04
1786312011,-2.55,1.32,-3.18,-0.69,-2.74,0.53,0.31,0.28
1786312011,-2.43,0.11,0.58,-1.02,-2.82,-0.37,-1.08,-1.1
1786312011,-1.1,-1.21,2.99,-1.69,-1.85,-0.01,-2.29,-2.06
1786312011,0.63,-1.77,3.28,-1.88,-0.9,1.04,-2.95,-2.65
1786312011,1.66,-1.18,0.75,-0.87,-0.88,1.63,-3.37,-2.92
1786312011,1.79,0.1,-3.92,0.91,-1.67,0.98,-3.75,-2.61
1786312011,1.81,1.11,-7.64,2.23,-2.55,-0.68,-4.06,-1.51
1786312011,2.23,1.14,-6.88,2.29,-3.23,-2.34,-4.59,-0.26
1786312011,2.46,0.33,-1.59,1.47,-4,-2.84,-5.93,-0.14
1786312011,1.66,-0.66,4.12,0.66,-4.93,-1.85,-7.96,-1.75
1786312011,0,-1.39,5.96,0.22,-5.43,-0.22,-9.47,-4.27
1786312011,-1.2,-2.03,3.67,-0.28,-4.76,0.91,-8.97,-6.09
1786312011,-0.7,-2.94,0.21,-1.08,-3,1.39,-6,-6.02
1786312011,1.35,-3.99,-2.27,-1.61,-1.1,1.97,-1.35,-4.01
1786312011,3.42,-4.63,-4.11,-1.19,0.09,3.04,3.22,-1.14
1786312011,3.91,-4.63,-5.75,-0.14,0.52,3.85,5.47,1.09
1786312011,2.61,-4.19,-5.51,0.36,0.55,3.33,3.97,1.69
1786312011,0.62,-3.51,-1.28,-0.27,0.33,1.39,-0.44,0.7
1786312011,-0.94,-2.53,5.69,-1.34,-0.06,-1,-5.01,-1.02
1786312011,-1.71,-1.38,10.59,-1.81,-0.41,-2.9,-7.25,-2.53
1786312011,-1.88,-0.66,9.67,-1.64,-0.62,-4.15,-6.92,-3.52
1786312011,-1.63,-1.12,4.22,-1.74,-0.8,-4.87,-5.53,-4.27
1786312011,-1.15,-2.9,-0.9,-2.77,-1.02,-4.97,-4.17,-4.91
1786312011,-0.94,-5.11,-2.32,-4.17,-1.27,-4.36,-2.85,-5.1
1786312011,-1.79,-6.45,-1,-4.86,-1.89,-3.61,-2.05,-4.63
1786312011,-3.93,-6.49,-0.04,-4.67,-3.41,-3.54,-3.18,-3.88
1786312011,-6.41,-6.04,-0.86,-4.52,-5.78,-4.34,-6.77,-3.38
1786312011,-7.96,-6.1,-2.18,-5.01,-7.93,-5.5,-10.98,-3.25
1786312011,-8.29,-6.59,-2.64,-5.64,-8.62,-6.47,-13.09,-3.35
1786312011,-8.2,-6.8,-2.95,-5.68,-7.48,-7.02,-12.03,-3.6
1786312011,-8.4,-6.64,-4.55,-5.2,-5.31,-7.25,-9.18,-4.02
1786312011,-8.91,-6.86,-6.87,-5.04,-3.42,-7.34,-6.81,-4.47
1786312011,-9.45,-7.89,-7.64,-5.7,-2.71,-7.19,-6.27,-4.56
1786312011,-9.98,-8.93,-6.06,-6.77,-3.32,-6.66,-7.39,-4.18
1786312011,-10.74,-8.95,-3.75,-7.53,-4.99,-6.16,-9.14,-3.84
1786312011,-11.71,-8.13,-2.47,-7.81,-7.38,-6.63,-10.64,-4.14
1786312012,-12.26,-7.87,-2.22,-8,-9.86,-8.29,-11.72,-5.19
1786312012,-11.74,-9.24,-2.29,-8.42,-11.27,-10.21,-12.68,-6.61
1786312012,-10.3,-11.57,-2.9,-8.98,-10.66,-11.45,-13.67,-7.85
1786312012,-8.87,-13.12,-5.05,-9.41,-8.32,-11.85,-14.31,-8.42
1786312012,-8.22,-12.91,-8.54,-9.63,-5.91,-11.52,-14.11,-8.08
1786312012,-8.36,-11.64,-10.84,-9.72,-5.13,-10.28,-13.02,-7.18
1786312012,-8.76,-10.58,-9.27,-9.69,-6.16,-8.01,-11.15,-6.4
1786312012,-8.98,-10.35,-4.75,-9.39,-7.56,-5.36,-8.89,-6.24
1786312012,-8.98,-10.8,-2,-8.65,-7.94,-3.64,-7.26,-6.57
1786312012,-8.91,-11.58,-4.86,-7.67,-7.16,-3.69,-7.33,-6.7
1786312012,-8.65,-12.4,-11.7,-6.94,-5.94,-4.96,-8.9,-6.14
1786312012,-7.98,-12.83,-16.6,-6.76,-5.01,-6.06,-10.47,-5.13
1786312012,-7.19,-12.36,-15.37,-6.88,-4.86,-6.32,-10.74,-4.39
1786312012,-7.02,-10.82,-9.62,-6.78,-5.76,-6.32,-9.77,-4.43
1786312012,-7.84,-8.72,-4.25,-6.2,-7.43,-6.75,-8.61,-5.22
1786312012,-9.16,-6.9,-2.33,-5.33,-9.12,-7.33,-8.19,-6.33
1786312012,-10.04,-6.02,-3.01,-4.44,-10.01,-7.38,-8.7,-7.23
1786312012,-9.93,-6.28,-3.79,-3.66,-9.55,-6.91,-9.71,-7.53
1786312012,-8.81,-7.38,-3.42,-3.16,-7.74,-6.51,-10.38,-7.33
1786312012,-6.88,-8.59,-2.39,-3.11,-5.13,-6.26,-10.03,-7.02
1786312012,-4.45,-9.15,-1.29,-3.54,-2.62,-5.6,-8.76,-6.88
1786312012,-2.21,-8.88,-0.11,-4.16,-0.97,-4.31,-7.23,-6.89
1786312012,-1.36,-8.12,1.14,-4.53,-0.63,-3.24,-6.13,-7.1
1786312012,-2.75,-7.3,1.91,-4.47,-1.82,-3.57,-5.99,-7.71
1786312012,-5.67,-6.74,1.76,-4.3,-4.19,-5.33,-7.35,-8.55
1786312012,-7.89,-6.73,1.31,-4.53,-6.58,-7.1,-10.17,-8.82
1786312012,-7.64,-7.3,1.74,-5.23,-7.57,-7.29,-13.02,-7.83
1786312012,-5.44,-7.92,3.07,-5.94,-6.51,-5.69,-13.34,-6.01
1786312012,-3.39,-7.83,3.77,-6.17,-4.14,-3.5,-10.02,-4.55
1786312012,-2.85,-6.85,2.69,-5.88,-2.15,-2.16,-5.02,-4.08
1786312012,-3.51,-5.55,0.91,-5.45,-1.96,-2.09,-1.8,-4.32
1786312012,-4.3,-4.74,0.42,-5.23,-3.6,-2.67,-2.07,-4.77
1786312012,-4.8,-4.92,1.42,-5.19,-5.69,-3.25,-4.68,-5.39
1786312012,-5.46,-6.04,2.37,-5.1,-6.89,-3.8,-7.37,-6.33
1786312012,-6.59,-7.39,2.53,-4.91,-7.03,-4.46,-8.82,-7.3
1786312012,-7.56,-8.12,3.11,-4.76,-6.63,-4.86,-9.02,-7.56
1786312012,-7.27,-7.82,4.92,-4.63,-6.15,-4.49,-8.6,-6.62
1786312012,-5.43,-6.75,6.4,-4.18,-5.87,-3.65,-8.29,-4.83
1786312012,-3.16,-5.23,5.39,-3.27,-6.02,-3.42,-8.65,-3.33
1786312012,-2.03,-3.47,2.73,-2.22,-6.56,-4.35,-9.48,-3.31
1786312012,-2.54,-1.8,1.89,-1.65,-7.13,-5.71,-9.8,-5.01
1786312012,-3.89,-0.84,4.45,-1.74,-7.27,-6.31,-8.87,-7.51
1786312012,-4.96,-1.19,7.41,-2.09,-6.8,-5.84,-6.95,-9.47
1786312012,-5.23,-2.82,6.5,-2.18,-6.04,-5.07,-5.01,-9.95
1786312012,-4.73,-4.94,1.44,-2.05,-5.51,-4.79,-4.05,-8.82
1786312012,-3.72,-6.48,-3.18,-2.14,-5.42,-4.89,-4.4,-6.68
1786312012,-2.58,-6.67,-2.41,-2.61,-5.31,-4.47,-5.18,-4.5
1786312012,-1.83,-5.28,3.87,-3.15,-4.5,-2.83,-4.94,-2.95
1786312012,-1.76,-2.71,10.8,-3.32,-2.78,-0.32,-3.28,-2.09
1786312012,-2.23,-0.2,13.36,-3.02,-0.87,1.98,-1.23,-1.72
1786312012,-2.76,0.73,10.75,-2.49,0.13,3.23,-0.17,-1.63
1786312012,-2.93,-0.44,5.83,-2.03,-0.36,3.27,-0.57,-1.7
1786312012,-2.77,-2.76,1.82,-1.7,-2.02,2.46,-1.84,-1.88
1786312012,-2.68,-4.46,0.4,-1.51,-3.68,1.14,-3.02,-2.12
1786312012,-2.78,-4.17,1.92,-1.54,-4.04,-0.56,-3.63,-2.19
1786312012,-2.59,-1.8,5.75,-1.66,-2.63,-2.27,-3.56,-1.75
1786312012,-1.66,1.53,10.39,-1.42,-0.3,-3.2,-2.64,-0.88
1786312012,-0.6,4.19,13.67,-0.38,1.27,-2.76,-0.89,-0.41
1786312012,-0.73,5.05,13.97,1.28,0.98,-1.18,0.95,-1.27
1786312012,-2.53,4.15,11.63,2.59,-0.84,0.63,1.81,-3.42
1786312012,-4.77,2.55,8.87,2.67,-2.89,1.68,1.34,-5.69
1786312012,-5.66,1.36,7.69,1.7,-4.09,1.33,0.3,-6.69
1786312012,-4.59,1.07,7.88,0.76,-4.25,-0.31,-0.41,-5.94
1786312012,-2.63,1.51,7.69,0.7,-3.99,-2.58,-0.87,-4.06
1786312012,-1.55,2.13,6.11,1.25,-4.12,-4.64,-1.95,-2.06
1786312012,-2.23,2.21,3.98,1.32,-4.9,-5.68,-3.75,-0.64
1786312012,-4.15,1.45,2.69,0.22,-5.73,-5.17,-4.74,0
1786312012,-6.12,0.58,2.46,-1.51,-5.75,-3.64,-3.24,0.2
1786312012,-7.09,0.69,2.58,-2.67,-4.57,-2.52,0.28,0.53
1786312012,-6.61,1.93,2.85,-2.64,-2.49,-2.77,3.47,1.33
1786312012,-4.89,3.07,3.92,-1.8,-0.37,-3.75,4.26,2.46
1786312012,-2.84,2.83,5.7,-0.97,0.7,-4.04,2.48,3.59
1786312012,-1.7,1.27,6.39,-0.57,-0.04,-3.29,-0.46,4.32
1786312012,-2.16,-0.5,4.19,-0.5,-2.38,-2.87,-2.95,4.19
1786312012,-3.63,-1.56,0.03,-0.66,-5.15,-4.09,-4.29,2.94
1786312012,-4.56,-1.74,-2.71,-1.16,-6.78,-6.21,-4.27,0.99
1786312012,-3.85,-1.21,-1.53,-1.98,-6.38,-6.96,-2.42,-0.71
1786312012,-2,-0.16,2.4,-2.68,-4.4,-5.09,1.28,-1.37
1786312012,-0.5,1.01,5.37,-2.78,-2.18,-1.43,5.46,-0.89
1786312012,-0.14,1.63,5.02,-2.33,-0.65,2.25,8.25,0.14
1786312012,-0.23,1.29,2.69,-1.87,0.44,4.5,8.84,1.22
1786312012,0.23,0.32,1.5,-1.7,1.7,4.82,7.85,2.22
1786312012,1.35,-0.33,2.66,-1.43,3.05,3.61,6.42,3.18
1786312012,2.27,0.06,4.42,-0.42,3.56,1.77,5.31,3.94
1786312012,2.22,1.21,4.47,1.39,2.35,0.09,4.36,4.28
1786312012,1.3,2.02,2.38,3.23,-0.41,-1,2.7,4.07
1786312012,0.22,1.8,-0.1,4.02,-3.43,-1.28,-0.15,3.38
1786312012,-0.46,1.07,-0.58,3.31,-5,-0.63,-3.17,2.35
1786312012,-0.62,0.87,1.83,1.56,-4.08,0.77,-4.58,1.37
1786312012,-0.23,1.48,5.67,-0.34,-1.24,2.32,-3.57,0.91
1786312012,0.81,2.16,8.32,-1.57,1.78,3.46,-1.14,1.05
1786312012,2.35,2.16,7.9,-1.64,3.6,3.92,1.06,1.46
1786312012,3.69,1.53,4.32,-0.55,4.09,3.67,2.44,1.66
1786312012,4.04,1.04,-0.37,1.11,3.75,2.74,3.55,1.41
1786312012,3.39,1.36,-2.77,2.39,3.13,1.36,4.89,0.83
1786312012,2.58,2.42,-0.61,2.7,2.66,0.09,6.33,0.34
1786312012,2.45,3.51,4.56,2.27,2.52,-0.24,7.28,0.43
1786312012,3.07,3.86,8.16,1.86,2.55,0.85,7.49,1.34
1786312012,4.09,3.33,6.92,1.98,2.61,2.98,7.23,3.04
1786312012,5.31,2.44,2.27,2.48,2.94,5.12,6.86,5.18
1786312012,6.67,1.75,-1.43,2.82,4.09,6.37,6.52,7.31
1786312012,7.96,1.21,-1.72,2.76,6.09,6.55,6.16,9.04
1786312012,8.91,0.4,-0.29,2.62,8.08,6.02,5.68,10.17
1786312012,9.42,-0.74,-0.27,2.66,8.99,5.18,4.97,10.66
1786312012,9.55,-1.6,-1.98,2.57,8.7,4.25,4.02,10.56
1786312012,9.57,-1.55,-2.51,1.9,8.11,3.36,3.08,10.17
1786312012,9.82,-0.49,0.32,0.96,8.12,2.81,2.66,9.86
1786312012,10.16,1.21,4.79,0.66,8.47,2.91,3.29,9.66
1786312012,10,2.92,7.12,1.46,8.13,3.59,4.87,9.29
1786312012,9.02,3.88,5.75,2.83,6.47,4.2,6.38,8.57
1786312012,7.71,3.63,2.41,3.85,3.87,3.89,6.68,7.56
1786312012,6.83,2.55,-0.42,4.08,1.24,2.31,5.6,6.46
1786312012,6.44,1.64,-1.81,3.82,-0.52,0.13,4.07,5.33
1786312012,5.89,1.65,-2.16,3.54,-0.77,-1.21,3.06,4.04
1786312012,4.72,2.36,-2.1,3.33,0.58,-0.64,2.84,2.39
1786312012,3.35,2.92,-2.03,3.01,2.82,1.7,3.17,0.45
1786312012,2.62,2.77,-2.3,2.7,4.89,4.45,3.93,-1.17
1786312012,3.01,2.28,-3.21,2.84,6.01,5.92,4.94,-1.6
1786312012,4.36,2.3,-4.69,3.7,5.94,5.38,5.48,-0.44
1786312012,6.08,3.14,-6.09,4.81,5.03,3.56,4.97,1.7
1786312012,7.49,4.13,-6.54,5.37,4.01,1.93,3.94,3.63
1786312012,7.83,4.35,-5.89,5.04,3.28,1.1,3.31,4.47
1786312012,6.55,3.56,-5.2,4.25,2.59,0.3,2.91,4.15
1786312012,3.93,2.37,-5.36,3.62,1.51,-1.37,1.57,3.16
1786312012,1.28,1.53,-5.36,3.31,0.12,-3.62,-1.37,2.01
1786312012,0.1,1.29,-3.15,2.97,-0.91,-5.18,-4.85,1.04
1786312012,1.01,1.47,0.98,2.49,-0.62,-4.9,-6.59,0.56
1786312012,3.17,1.93,3.51,2.24,1.38,-2.6,-4.86,0.69
1786312012,5.07,2.52,1.61,2.44,4.38,0.7,-0.21,1.14
1786312012,5.72,2.86,-2.93,2.71,6.79,3.36,4.7,1.42
1786312012,5.03,2.61,-5.05,2.48,7.13,4.29,7.39,1.37
1786312012,3.31,2.11,-1.98,1.88,5.07,3.64,7.7,1.25
1786312012,0.97,2.12,3.62,1.58,1.81,2.3,7.25,1.17
1786312012,-1.26,2.94,6.65,1.91,-0.82,1.3,7.31,0.86
1786312012,-2.36,3.98,5.21,2.39,-1.65,1.28,7.62,0.19
1786312012,-1.85,4.52,2.01,2.48,-0.97,2.24,7.09,-0.54
1786312012,-0.37,4.44,0.28,2.46,-0.05,3.57,5.23,-0.9
1786312012,0.92,4.27,-0.19,3.05,0.16,4.6,2.82,-0.73
1786312012,1.44,4.46,-1.71,4.4,-0.37,4.88,1.1,-0.09
1786312012,1.39,4.9,-4.33,5.69,-1.31,4.11,0.46,0.7
1786312012,1.03,5.14,-5.11,5.99,-2.45,2.33,0.24,1.01
1786312012,0.24,4.67,-2.45,5.1,-3.28,0.3,-0.15,0.16
1786312012,-1.27,3.31,0.84,3.67,-3.01,-0.97,-0.15,-1.79
1786312012,-3.34,1.54,0.84,2.33,-1.39,-1.26,1.38,-4.04
1786312012,-5.12,0.62,-1.8,1.19,0.7,-1,4.33,-5.41
1786312012,-5.37,1.59,-2.31,0.18,2.03,-0.41,6.99,-5.05
1786312012,-3.66,4.07,1.78,-0.35,2.03,0.83,7.57,-2.95
1786312012,-1.13,6.28,6.7,0.14,0.95,2.77,5.83,-0.14
1786312012,0.35,6.64,6.75,1.52,-0.56,4.55,2.9,1.92
1786312012,0.09,5.3,1.46,2.75,-1.86,4.84,0.1,2.38
1786312012,-0.79,3.75,-3.61,2.79,-2.38,3.23,-1.73,1.52
1786312012,-0.9,3.3,-3.44,1.64,-1.75,0.97,-2.02,0.38
1786312012,-0.17,4.1,0.86,0.34,-0.25,-0.21,-0.62,-0.14
1786312012,0.45,5.28,4.12,-0.04,1.19,0.28,1.87,0.15
1786312012,0.61,5.81,3.23,0.6,1.89,1.58,4.29,0.88
1786312012,0.94,5.2,-0.46,1.54,2.22,2.58,5.85,1.55
1786312012,1.89,3.78,-3.83,2.15,3.03,2.83,6.53,1.9
1786312012,2.75,2.59,-4.98,2.29,4.16,2.33,6.6,1.75
1786312012,2.43,2.65,-3.64,2.05,4.19,1.32,6.26,0.99
1786312012,0.94,4.13,-0.48,1.47,2.12,0.44,5.39,-0.08
1786312012,-0.46,6.03,3.31,0.72,-1.04,0.31,3.49,-0.53
1786312012,-0.64,6.87,6,0.29,-3,0.72,0.64,0.35
1786312012,0.24,5.9,5.81,0.61,-2.56,0.74,-1.98,2.2
1786312012,1.21,3.82,2.33,1.51,-0.76,-0.14,-3.37,3.99
1786312012,1.61,2,-2.42,2.25,0.32,-1.19,-3.96,4.87
1786312012,1.35,1.24,-5.33,2.2,-0.3,-1.46,-4.55,4.43
1786312012,0.46,1.28,-5.12,1.41,-1.81,-1,-4.8,2.6
1786312012,-0.98,1.48,-3.73,0.51,-2.54,-0.59,-3.63,-0.13
1786312012,-2.43,1.52,-4.04,0.14,-1.57,-0.47,-1.04,-2.7
1786312012,-3.02,1.53,-6.27,0.45,0.43,-0.32,1.49,-4.13
1786312012,-2.35,1.65,-7.95,1.17,2,-0.03,2.57,-4.11
1786312012,-0.79,1.9,-7.41,1.88,2.31,0.05,2.23,-3.09
1786312012,0.91,2.17,-5.56,2.28,1.72,-0.18,1.38,-1.74
1786312012,2.16,2.37,-3.7,2.16,1.11,-0.36,0.7,-0.72
1786312012,2.93,2.5,-1.56,1.54,1.08,-0.12,0.53,-0.42
1786312012,3.68,2.64,1.46,0.88,1.72,0.61,0.97,-0.58
1786312012,4.72,2.97,4.57,0.77,2.8,1.65,1.6,-0.54
1786312012,5.51,3.53,6.24,1.38,4,2.65,1.61,-0.07
1786312012,5.17,4.14,5.87,2.17,4.98,3.24,0.81,0.47
1786312012,3.71,4.29,4.26,2.33,5.65,3.28,0.22,0.72
1786312012,2.27,3.49,2.7,1.51,6.11,3.14,1.05,0.93
1786312012,2.14,1.83,1.83,0.2,6.58,3.38,3.52,1.66
1786312012,3.51,0.35,1.28,-0.66,7.18,4.25,6.54,2.96
1786312012,5.2,0.24,0.25,-0.63,7.54,5.4,8.25,4.07
1786312012,5.78,1.61,-1.23,-0.11,6.89,6.09,7.3,4.03
1786312012,4.93,3.08,-2.18,0.14,4.97,5.68,4.41,2.67
1786312012,3.52,3.04,-2.12,-0.13,2.71,4.16,2.03,0.75
1786312012,2.59,1.41,-1.75,-0.38,1.55,2.35,2.04,-0.67
1786312012,2.52,-0.28,-1.85,0,2.11,1.37,3.86,-0.98
1786312012,3.22,-0.65,-2.25,0.86,3.83,1.85,5.18,-0.36
1786312012,4.38,0.17,-2.38,1.52,5.71,3.6,4.48,0.6
1786312012,5.56,1.03,-2.19,1.63,6.92,5.64,2.71,1.36
1786312012,6.05,1.15,-2.21,1.39,7,6.73,1.97,1.49
1786312012,5.33,0.65,-2.83,1.01,6.08,6.06,2.9,0.67
1786312012,3.74,-0.03,-3.56,0.47,4.92,3.99,4.23,-0.89
1786312012,2.35,-0.54,-3.39,-0.17,4.27,1.67,4.43,-2.04
1786312012,1.91,-0.74,-2.42,-0.47,3.95,0.02,3.08,-1.71
1786312012,1.9,-0.55,-2.32,-0.16,3.2,-0.94,0.71,-0.21
1786312012,1.13,-0.04,-3.96,0.36,1.7,-1.68,-1.92,1.1
1786312012,-0.58,0.46,-5.52,0.38,-0.02,-2.02,-3.83,1.45
1786312012,-1.99,0.48,-4.55,-0.34,-0.96,-1.15,-3.98,1.49
1786312012,-1.84,-0.02,-1.57,-1.27,-0.44,1.03,-2.03,2.14
1786312012,-0.46,-0.48,0.11,-1.69,1.2,3.25,0.91,3.22
1786312012,0.69,-0.29,-1.27,-1.42,2.73,4.27,2.83,3.79
1786312012,0.69,0.62,-3.51,-0.89,3.12,4.24,2.59,3.43
1786312012,-0.01,1.68,-3.49,-0.53,2.46,4.27,1.17,2.68
1786312012,-0.66,2.21,-1.48,-0.33,1.49,4.83,0.67,2.3
1786312012,-1.07,2.13,-0.48,-0.07,0.88,5.3,2.06,2.34
1786312012,-1.42,2.05,-1.81,0.28,0.87,4.78,3.99,2.29
1786312012,-1.61,2.61,-3.11,0.54,1.22,3.12,4.37,1.68
1786312012,-1.36,3.68,-1.4,0.63,1.46,1.23,2.96,0.48
1786312012,-0.74,4.55,2.78,0.81,1.36,0.34,1.44,-0.9
1786312012,-0.34,4.69,5.73,1.43,1.22,0.94,0.86,-2.09
1786312012,-0.65,4.25,4.93,2.36,1.32,2.46,0.71,-2.8
1786312012,-1.35,3.73,1.96,2.95,1.78,3.83,0.66,-2.82
1786312012,-1.56,3.38,0.36,2.61,2.64,4.34,1.64,-2.19
1786312012,-0.85,2.9,1.47,1.57,3.81,4.16,4.19,-1.28
1786312012,0.38,2.08,3.38,0.71,4.99,3.99,7.12,-0.42
1786312012,1.44,1.34,3.8,0.73,5.6,4.19,8.56,0.33
1786312012,1.86,1.31,3,1.41,5.03,4.41,7.84,0.77
1786312012,1.54,1.89,2.97,1.79,3.13,4.16,5.83,0.45
1786312012,0.69,2.25,4.24,1.32,0.48,3.49,3.92,-0.87
1786312012,-0.17,1.81,5,0.47,-1.89,2.91,2.99,-2.66
1786312012,-0.23,0.9,3.63,0.07,-2.87,2.9,3.05,-3.66
1786312012,1.12,0.18,0.81,0.38,-1.89,3.44,3.36,-2.81
1786312012,3.72,-0.32,-1.36,0.86,0.66,4.23,3.11,-0.26
1786312012,6.52,-0.96,-1.5,0.96,3.79,5.02,2.35,2.75
1786312012,8.55,-1.54,0.23,0.69,6.69,5.59,2,5.16
1786312012,9.57,-1.35,2.58,0.54,8.86,5.71,2.81,6.75
1786312012,9.91,-0.21,4.35,0.78,9.73,5.25,4.45,7.59
1786312012,9.84,1.08,5.43,1.22,8.76,4.2,5.65,7.66
1786312012,9.21,1.55,6.27,1.61,6.1,2.44,5.04,7.01
1786312012,7.74,0.93,6.7,1.84,2.96,0.15,2.42,5.91
1786312012,5.6,-0.26,6.1,1.74,0.75,-1.38,-0.56,4.7
1786312012,3.66,-1.4,4.73,1.04,-0.07,-0.52,-1.63,3.87
1786312012,2.73,-2.49,3.69,-0.22,0.03,2.49,-0.04,3.92
1786312012,2.69,-3.9,3.26,-1.47,0.36,4.96,2.71,4.67
1786312012,2.45,-5.66,2.31,-2.05,0.55,4.25,4.43,5.05
1786312012,1.03,-7.17,-0.26,-1.96,0.32,0.68,3.94,4.09
1786312012,-1.27,-7.71,-3.66,-1.78,-0.65,-2.99,1.53,2.03
1786312012,-3.13,-7.05,-5.72,-1.87,-2.54,-4.74,-1.77,0.14
1786312012,-3.68,-5.65,-5.5,-2.06,-4.95,-5.22,-5.2,-0.51
1786312012,-3.26,-4.36,-4.4,-2.1,-6.74,-6.08,-8.22,-0.05
1786312012,-2.81,-3.77,-3.95,-2.15,-6.76,-7.34,-9.93,0.62
1786312012,-2.86,-3.76,-3.64,-2.58,-5,-7.29,-9.5,0.63
1786312013,-3.24,-3.88,-2.05,-3.32,-2.73,-4.87,-7.03,-0.3
1786312013,-3.55,-3.88,0.29,-3.81,-1.49,-1.25,-3.42,-1.78
1786312013,-3.57,-3.7,0.74,-3.51,-1.75,1.24,0.09,-2.96
1786312013,-3.09,-3.28,-1.98,-2.58,-2.58,1.34,1.93,-3.23
1786312013,-1.98,-2.67,-5.45,-1.63,-2.75,-0.31,0.96,-2.71
1786312013,-0.48,-2.2,-5.96,-1.16,-2.06,-2.36,-2.33,-2.16
1786312013,0.59,-2.23,-3.32,-1.13,-1.34,-4.18,-5.93,-2.18
1786312013,0.42,-2.84,-1.45,-1.26,-1.44,-5.91,-8.15,-2.53
1786312013,-0.96,-3.77,-3.47,-1.43,-2.36,-7.58,-8.86,-2.39
1786312013,-2.45,-4.57,-7.53,-1.83,-3.38,-8.71,-8.77,-1.35
1786312013,-2.85,-4.83,-8.87,-2.57,-3.72,-8.61,-8.16,0.14
1786312013,-1.95,-4.46,-5.71,-3.27,-3.23,-7.06,-6.63,1.2
1786312013,-0.8,-3.73,-1.43,-3.22,-2.42,-4.66,-3.93,1.31
1786312013,-0.56,-3.06,-0.46,-2.14,-1.96,-2.4,-0.74,0.49
1786312013,-1.29,-2.91,-3.15,-0.56,-2.02,-0.97,1.27,-0.85
1786312013,-2.17,-3.57,-5.84,0.57,-2.27,-0.69,0.75,-2.09
1786312013,-2.75,-4.75,-5.39,0.67,-2.43,-1.65,-2,-2.68
1786312013,-3.36,-5.59,-2.4,-0.11,-2.64,-3.52,-5.31,-2.56
1786312013,-4.15,-5.3,0.41,-1.29,-3.28,-5.3,-7.74,-2.18
1786312013,-4.33,-3.94,1.58,-2.37,-4.17,-5.86,-8.79,-1.83
1786312013,-3.09,-2.37,1.52,-2.72,-4.57,-5.05,-8.32,-1.44
1786312013,-1.19,-1.72,0.7,-1.9,-4.05,-3.95,-6.43,-1.24
1786312013,-0.48,-2.41,-1.17,-0.17,-3.18,-3.72,-3.87,-1.9
1786312013,-1.78,-3.77,-3.91,1.42,-2.92,-4.2,-1.98,-3.5
1786312013,-3.8,-4.81,-5.79,1.88,-3.48,-4.36,-1.71,-4.94
1786312013,-4.64,-5.22,-4.91,1.22,-4.18,-3.6,-2.5,-5.02
1786312013,-3.89,-5.45,-1.82,0.33,-4.31,-2.55,-2.84,-3.63
1786312013,-2.99,-5.98,0.34,-0.02,-4.03,-2.34,-2.17,-1.88
1786312013,-3.47,-6.6,-0.79,0.13,-4.06,-3.6,-1.95,-1.14
1786312013,-5.34,-6.59,-3.89,0.12,-4.71,-5.91,-4.05,-1.93
1786312013,-7.39,-5.52,-5.43,-0.48,-5.73,-8.21,-8.03,-3.73
1786312013,-8.69,-3.78,-3.64,-1.33,-6.75,-9.57,-11.08,-5.48
1786312013,-9.14,-2.32,-0.18,-1.72,-7.59,-9.61,-10.96,-6.22
1786312013,-9.09,-1.84,2.07,-1.44,-8.17,-8.63,-8.28,-5.6
1786312013,-8.8,-2.45,2.22,-1.14,-8.4,-7.44,-5.63,-4.19
1786312013,-8.22,-3.73,1.6,-1.58,-8.14,-6.82,-4.86,-2.85
1786312013,-7.24,-5,1.31,-2.58,-7.29,-6.93,-5.77,-1.86
1786312013,-6.03,-5.66,0.84,-3.24,-6.18,-7.27,-7,-1.05
1786312013,-5.1,-5.55,-0.83,-3.1,-5.35,-7.39,-7.65,-0.49
1786312013,-4.77,-5.1,-3.39,-2.75,-4.86,-7.38,-7.61,-0.6
1786312013,-4.94,-4.9,-5.19,-3.05,-4.08,-7.49,-6.63,-1.64
1786312013,-5.37,-4.95,-5.21,-3.91,-2.61,-7.44,-4.44,-3.21
1786312013,-5.9,-4.73,-4.24,-4.46,-1.06,-6.62,-1.67,-4.51
1786312013,-6.39,-3.81,-3.29,-4.14,-0.48,-4.84,0.17,-5.04
1786312013,-6.61,-2.41,-2.1,-3.33,-1.37,-2.71,0.02,-4.93
1786312013,-6.44,-1.24,-0.63,-2.61,-3.21,-1.2,-1.84,-4.62
1786312013,-5.85,-0.86,-0.22,-2.13,-4.86,-0.98,-4.18,-4.24
1786312013,-4.8,-1.03,-1.67,-1.69,-5.37,-1.8,-5.9,-3.7
1786312013,-3.3,-1,-3.34,-1.27,-4.69,-2.44,-6.66,-3.1
1786312013,-1.76,-0.44,-2.69,-1.08,-3.53,-1.8,-6.48,-2.94
1786312013,-0.86,0.14,0.78,-1.18,-2.45,-0.17,-5.18,-3.73
1786312013,-1,0.19,4.76,-1.21,-1.44,1.1,-2.76,-5.29
1786312013,-2.03,-0.15,6.34,-0.78,-0.46,1.09,-0.06,-6.63
1786312013,-3.33,-0.23,4.85,-0.09,0.09,0.09,1.7,-6.79
1786312013,-3.94,0.18,2.07,0.15,-0.21,-1.02,1.93,-5.53
1786312013,-3.29,0.69,-0.17,-0.38,-1.19,-1.63,0.71,-3.5
1786312013,-1.91,0.88,-1.54,-1.15,-2.36,-1.67,-1.73,-1.88
1786312013,-1.18,0.86,-2.22,-1.33,-3.23,-1.31,-4.71,-1.68
1786312013,-1.72,1.05,-1.9,-0.81,-3.48,-0.71,-6.78,-2.8
1786312013,-2.68,1.6,-0.33,-0.25,-3.01,0.04,-6.63,-3.91
1786312013,-2.83,2.23,1.82,-0.16,-2.07,0.86,-4.25,-3.74
1786312013,-1.91,2.74,3.28,-0.26,-1.05,1.73,-1.01,-2.12
1786312013,-0.71,3.19,3.09,-0.02,-0.3,2.65,1.44,0.01
1786312013,-0.05,3.42,1.13,0.56,-0.06,3.49,2.41,1.48
1786312013,0.02,2.85,-1.4,0.76,-0.33,3.97,2.45,1.58
1786312013,0.04,1.15,-2.45,0.02,-0.66,3.66,2.37,0.5
1786312013,0.36,-0.9,-1.51,-1.25,-0.62,2.13,2.39,-0.93
1786312013,0.65,-1.88,-0.92,-2.07,-0.23,-0.36,2.32,-1.97
1786312013,0.39,-1.1,-2.38,-1.94,0.1,-2.39,2.11,-2.6
1786312013,-0.25,0.78,-3.44,-1.34,0.11,-2.42,1.87,-3.27
1786312013,-0.45,2.63,-0.17,-0.92,0.17,-0.3,1.91,-4.14
1786312013,0.38,3.71,6.71,-0.76,1.07,2.69,2.59,-4.61
1786312013,1.87,3.66,11.64,-0.47,3.05,5.01,3.76,-3.9
1786312013,3.05,2.31,10.56,0.05,5.13,5.76,4.48,-1.91
1786312013,3.39,0.23,5.7,0.34,5.81,4.94,3.79,0.62
1786312013,3.09,-1.29,2.38,0.05,4.55,3.26,1.95,2.88
1786312013,2.43,-1.25,2.48,-0.5,2.25,1.39,0.3,4.39
1786312013,1.31,-0.02,2.97,-0.61,0.2,-0.59,-0.16,4.89
1786312013,-0.29,1.21,1.22,-0.17,-1.04,-2.62,0.25,4.26
1786312013,-1.92,1.74,-0.89,0.16,-1.74,-3.97,0.44,2.82
1786312013,-2.98,1.82,0.18,-0.13,-2.27,-3.81,-0.15,1.25
1786312013,-3.39,1.96,4.26,-0.6,-2.57,-2.26,-1.09,0.1
1786312013,-3.53,2.31,7.53,-0.42,-2.35,-0.34,-1.8,-0.67
1786312013,-3.59,2.64,7.48,0.44,-1.6,1.12,-2.24,-1.27
1786312013,-3.24,2.74,5.71,1.17,-0.71,2.12,-2.52,-1.54
1786312013,-1.95,2.58,5.22,1.17,-0.19,2.81,-2.59,-1.05
1786312013,0.23,2.4,6.18,0.85,-0.12,2.7,-2.48,0.35
1786312013,2.55,2.47,6.09,0.84,-0.01,1.36,-2.3,2.19
1786312013,4.21,2.74,3.55,1.07,0.81,-0.36,-1.73,3.71
1786312013,4.95,2.7,0.52,0.92,2.36,-0.99,-0.36,4.52
1786312013,5.02,1.89,-0.06,0.24,3.76,-0.36,1.12,4.82
1786312013,4.52,0.41,1.96,-0.5,3.9,-0.03,1.2,4.99
1786312013,3.23,-1.11,3.23,-0.89,2.36,-1.27,-0.4,5
1786312013,1.24,-2.09,1.07,-1.05,-0.11,-3.23,-1.92,4.47
1786312013,-0.65,-2.28,-2.56,-1.42,-1.97,-3.61,-1.32,3.4
1786312013,-1.4,-1.68,-3.05,-2.08,-1.99,-1.41,1.46,2.54
1786312013,-0.83,-0.5,0.61,-2.53,-0.34,1.75,4.26,2.67
1786312013,0.02,0.66,4.26,-2.35,1.19,3.15,4.68,3.61
1786312013,-0.1,1.01,4.01,-1.82,0.94,1.76,2.33,4.43
1786312013,-1.16,0.1,1.01,-1.84,-0.66,-1.02,-0.85,4.61
1786312013,-1.94,-1.78,-0.81,-2.76,-1.58,-3.2,-2.63,4.57
1786312013,-1.65,-3.79,-0.28,-3.86,-0.72,-4.18,-2.7,4.89
1786312013,-0.76,-4.93,-0.18,-4.07,0.88,-4.55,-2.36,5.47
1786312013,-0.16,-4.57,-2.7,-3.13,1.37,-4.82,-2.58,5.58
1786312013,-0.12,-2.82,-5.61,-1.87,0,-4.65,-3.01,4.62
1786312013,-0.29,-0.48,-4.75,-1.23,-2.24,-3.43,-2.74,2.66
1786312013,-0.29,1.51,0.45,-1.29,-3.62,-1.32,-1.6,0.46
1786312013,-0.08,2.56,5.71,-1.32,-3.26,0.49,-0.49,-1.16
1786312013,0.12,2.49,6.43,-0.77,-1.89,0.84,-0.23,-2.06
1786312013,0.03,1.58,2.44,0.09,-0.91,-0.17,-0.49,-2.58
1786312013,-0.25,0.47,-2.3,0.61,-0.94,-1.21,-0.12,-2.82
1786312013,-0.33,-0.26,-4.33,0.52,-1.52,-1.15,1.32,-2.4
1786312013,0,-0.69,-4.13,0.05,-1.8,0.02,2.74,-1.03
1786312013,0.63,-1.22,-4.19,-0.49,-1.29,1.63,2.73,0.96
1786312013,1.24,-1.79,-4.83,-0.88,-0.03,3.03,1.17,2.78
1786312013,1.47,-1.77,-4.24,-0.84,1.28,3.52,-0.83,3.76
1786312013,0.99,-0.89,-2.03,-0.16,1.63,2.45,-2.24,3.66
1786312013,-0.09,0.38,0.03,0.89,0.6,0.12,-2.6,2.8
1786312013,-1.08,1.35,0.82,1.66,-1,-1.88,-1.67,1.8
1786312013,-1.23,1.65,1.26,1.77,-1.82,-2.17,0.36,1.21
1786312013,-0.36,1.37,2.31,1.39,-1.12,-1.08,2.61,1.48
1786312013,1.03,0.91,3,1.07,0.47,0.07,3.99,2.98
1786312013,2.22,0.64,1.4,1.08,1.7,0.73,4.11,5.48
1786312013,2.94,0.54,-2.81,1.11,2.03,1.52,3.67,7.87
1786312013,3.46,0.08,-7.51,0.64,2.13,2.93,3.74,8.82
1786312013,4.04,-0.96,-9.94,-0.23,2.72,4.53,4.48,7.87
1786312013,4.32,-2.01,-8.93,-0.72,3.47,5.53,4.76,5.7
1786312013,3.74,-2.12,-5.48,-0.32,3.67,5.45,3.43,3.52
1786312013,2.51,-0.84,-1.81,0.51,3.35,4.25,0.74,2.11
1786312013,1.54,1.4,0.26,0.87,3.17,2.3,-1.83,1.38
1786312013,1.23,3.57,0.48,0.59,3.21,0.37,-2.78,0.7
1786312013,0.94,4.62,-0.11,0.4,2.94,-0.94,-1.6,-0.38
1786312013,-0.02,4.14,-0.7,0.89,2.2,-1.38,1.2,-1.57
1786312013,-1.24,2.49,-1.4,1.62,1.54,-0.76,4.46,-1.78
1786312013,-1.49,0.51,-2.26,1.68,1.5,1.12,6.86,-0.05
1786312013,-0.25,-0.94,-2.69,0.84,2.03,3.59,7.32,3.46
1786312013,1.58,-1.25,-2.31,-0.07,2.77,5.09,5.53,7.27
1786312013,2.6,-0.31,-1.49,-0.13,3.4,4.54,2.38,9.59
1786312013,2.38,1.33,-0.45,0.58,3.74,2.47,-0.45,9.62
1786312013,1.63,2.6,0.99,1.17,3.73,0.46,-1.79,7.89
1786312013,1.18,2.7,2.27,1.05,3.57,-0.24,-1.61,5.43
1786312013,0.99,1.88,1.85,0.48,3.7,0.63,-0.27,3
1786312013,0.59,1.08,-0.77,0.11,4.34,2.52,1.87,0.94
1786312013,-0.02,0.87,-3.62,0.36,4.94,4.4,3.91,-0.49
1786312013,-0.2,1.07,-3.97,1.05,4.64,5.3,4.76,-1.1
1786312013,0.54,1.34,-1.11,1.69,3.39,5.14,4.39,-1
1786312013,1.86,1.65,3.08,1.95,2.14,4.66,3.72,-0.79
1786312013,2.85,2.04,5.94,1.84,1.85,4.44,3.15,-1.06
1786312013,3.02,2.36,6.09,1.59,2.45,4.22,2.15,-1.91
1786312013,2.83,2.43,4.47,1.43,3.19,3.51,0.33,-2.75
1786312013,2.91,2.35,3.25,1.54,3.51,2.37,-1.64,-2.94
1786312013,3.15,2.46,3.43,2.07,3.31,1.25,-2.59,-2.64
1786312013,2.69,2.77,3.63,2.88,2.75,0.41,-2.04,-2.81
1786312013,1.22,2.8,2.18,3.45,2.09,0.07,-0.52,-4.21
1786312013,-0.43,2.17,-0.49,3.26,1.77,0.74,0.99,-6.23
1786312013,-1.06,1.24,-2.21,2.45,2.11,2.65,1.88,-7.29
1786312013,-0.35,0.86,-1.69,1.77,3,5.2,2.3,-6.37
1786312013,1.04,1.52,0.29,1.77,3.85,7.31,3.12,-4.03
1786312013,2.42,3.01,2.09,2.32,4.2,8.27,4.85,-1.84
1786312013,3.49,4.54,2.85,2.88,4.2,8.08,6.97,-1.38
1786312013,4.04,5.22,2.9,3.25,4.22,7.05,8.28,-3.1
1786312013,3.74,4.83,2.99,3.75,4.15,5.57,8.01,-5.72
1786312013,2.72,3.95,3.27,4.48,3.72,4.21,6.36,-7.05
1786312013,1.84,3.28,3.48,4.9,3.21,3.62,4.37,-5.97
1786312013,2.13,2.9,3.69,4.31,3.55,3.93,3.54,-3.56
1786312013,3.62,2.57,4.13,2.73,5.28,4.57,4.81,-1.96
1786312013,5.07,2.31,4.51,1.07,7.52,4.85,7.48,-1.97
1786312013,5.29,2.4,4.26,0.35,8.59,4.55,9.56,-2.01
1786312013,4.59,2.69,3.48,0.56,7.76,3.79,9.42,-0.02
1786312013,4.42,2.36,2.9,0.7,6.04,2.67,7.21,3.6
1786312013,5.71,0.96,2.79,-0.1,5.05,1.54,4.9,6.05
1786312013,7.95,-0.57,2.57,-1.56,5.56,1.46,4.81,6.03
1786312013,9.83,-0.44,1.66,-2.56,7.22,3.33,7.52,6.01
1786312013,10.65,2.12,0.31,-2.21,9.15,6.46,11.29,9.12
1786312013,10.95,6.04,-0.67,-0.53,10.7,9.33,14.11,14.63
1786312013,11.72,9.48,-0.72,1.71,11.87,11.23,15.77,18.4
1786312013,13.18,11.21,0.3,3.67,12.83,12.59,17.62,17.32
1786312013,14.8,11.05,2.47,5.01,13.79,13.94,20.83,12.21
1786312013,15.87,9.94,5.64,5.96,15.32,15.62,25.35,6.41
1786312013,16.15,10.4,9.36,6.91,18.03,18.46,30.12,2.57
1786312013,15.92,15.46,13.83,8.15,21.54,23.3,33.96,1.09
1786312013,15.59,25.53,20.07,10.19,24.26,29.06,35.99,1.18
1786312013,15.42,36.73,27.8,13.36,24.75,32.85,35.59,2.33
1786312013,15.46,43.71,34.5,16.97,23.05,32.6,32.53,4.3
1786312013,15.58,44.31,38.07,19.54,20.4,28.84,27.38,6.41
1786312013,15.5,40.9,38.86,20.09,17.91,23.98,22.04,7.87
1786312013,15.27,37.57,37.93,19.04,16.21,20.43,19.22,8.38
1786312013,15.18,36.37,35.29,17.84,15.7,19.35,20.13,8.1
1786312013,15.02,36.02,30.92,17.49,15.89,20,22.36,7.35
1786312013,14.16,33.85,26.38,17.46,15.35,20.35,21.58,6.51
1786312013,12.51,28.45,23.75,16.47,13.58,19.26,16.58,5.91
1786312013,10.83,20.95,22.85,14.19,12.14,17.72,11.15,5.42
1786312013,10,13.75,21.01,11.47,12.89,17.36,9.51,4.6
1786312013,10.36,8.45,16.35,9.19,15.54,18.03,11.8,3.49
1786312013,11.26,4.82,10.53,7.36,17.65,17.75,14.95,2.72
1786312013,11.26,1.87,6.88,5.5,16.73,14.76,15.81,2.73
1786312013,9.06,-0.86,6.16,3.48,12.41,9.33,12.36,3.1
1786312013,4.53,-3.32,5.22,1.49,6.55,3.35,4.2,2.96
1786312013,-0.97,-5.48,0.66,-0.28,1.29,-1.71,-6.55,1.87
1786312013,-5.44,-7.62,-7,-1.72,-2.79,-5.86,-15.36,0
1786312013,-7.67,-10.46,-14.12,-2.97,-6.05,-9.51,-18.02,-2.46
1786312013,-8.19,-15.02,-18.1,-4.62,-8.73,-12.61,-14.68,-5.57
1786312013,-8.73,-21.42,-19.39,-7.2,-11.4,-15.16,-10.55,-9.17
1786312013,-10.97,-28.05,-19.88,-10.45,-15.31,-17.73,-11.45,-12.57
1786312013,-15.26,-32.6,-20.82,-13.44,-21.11,-21.01,-18.58,-15.01
1786312013,-20.24,-33.92,-22.38,-15.27,-27.65,-24.73,-28.09,-16.18
1786312013,-24.06,-33.05,-24.07,-15.63,-32.55,-27.73,-34.92,-16.33
1786312013,-25.73,-32.81,-25.67,-14.99,-34.18,-29.56,-36.88,-16.05
1786312013,-25.55,-35.42,-27.9,-14.49,-33.11,-31.69,-36.32,-16.04
1786312013,-24.92,-40.17,-31.41,-15.19,-32.03,-36.04,-38.15,-16.63
1786312013,-25.9,-44.22,-35.66,-17.25,-33.83,-42.24,-44.56,-17.57
1786312013,-29.42,-45.66,-39.46,-19.57,-38.9,-47.47,-52.07,-18.45
1786312013,-33.84,-44.91,-42.21,-20.75,-44.38,-49.04,-55.44,-19.18
1786312013,-36.33,-43.5,-43.96,-20.38,-46.99,-46.75,-53.38,-19.83
1786312013,-35.68,-42.44,-44.82,-19.26,-45.99,-42.76,-49.2,-20.31
1786312013,-33.16,-41.88,-44.84,-18.36,-42.93,-39.49,-46.98,-20.42
1786312013,-30.78,-41.48,-44.1,-17.9,-39.85,-37.78,-48.23,-19.91
1786312013,-29.31,-40.92,-42.38,-17.53,-37.99,-36.86,-51.37,-18.71
1786312013,-28.08,-39.86,-39.13,-17.01,-37.48,-35.85,-53.18,-17.28
1786312013,-26.32,-37.64,-33.99,-16.26,-37.59,-34.63,-51.65,-16.4
1786312013,-24.28,-33.83,-27.62,-15.21,-37.62,-33.49,-47.36,-16.55
1786312013,-22.9,-29.04,-22.11,-13.78,-37.45,-32.47,-42.26,-17.57
1786312013,-22.59,-24.72,-19.96,-12.23,-37.08,-31.13,-37.84,-18.77
1786312013,-22.49,-22.09,-21.6,-11.16,-36.14,-28.86,-34.73,-19.41
1786312013,-21.33,-21.33,-24.55,-10.96,-33.94,-25.72,-32.85,-19.08
