timestamp,ch1,ch2,ch3,ch4,ch5,ch6,ch7,ch8
1786312044.990000,1761.67,-21833.72,-11893.45,-13591.56,-13267.55,-10599.82,-4913.81,-6996.01
1786312044.990000,1763.28,-21836.13,-11892.65,-13590.75,-13267.01,-10598.75,-4913.54,-6993.32
1786312044.990000,1764.36,-21841.50,-11898.55,-13587.27,-13264.60,-10600.63,-4915.42,-6991.45
1786312044.990000,1760.87,-21839.35,-11905.25,-13587.80,-13267.28,-10604.65,-4917.29,-6992.79
1786312044.990000,1759.26,-21837.21,-11915.98,-13587.80,-13269.16,-10605.72,-4917.03,-6994.67
1786312045.002000,1758.99,-21838.28,-11909.28,-13590.49,-13268.62,-10602.77,-4917.56,-6996.27
1786312045.002000,1760.60,-21835.33,-11893.99,-13589.68,-13265.40,-10600.36,-4915.15,-6993.59
1786312045.002000,1760.60,-21833.45,-11892.65,-13587.80,-13265.40,-10599.29,-4915.42,-6989.57
1786312045.002000,1761.14,-21838.55,-11904.99,-13588.61,-13268.08,-10603.04,-4918.90,-6991.71
1786312045.002000,1762.48,-21839.35,-11903.11,-13588.61,-13267.55,-10607.87,-4923.73,-6990.37
1786312045.032000,1763.02,-21839.62,-11896.94,-13589.68,-13262.99,-10603.85,-4918.10,-6989.03
1786312045.032000,1764.89,-21834.26,-11888.62,-13589.68,-13262.72,-10599.02,-4911.66,-6987.42
1786312045.032000,1763.28,-21836.13,-11899.08,-13588.34,-13265.94,-10602.77,-4913.54,-6988.50
1786312045.032000,1761.67,-21839.62,-11915.71,-13587.80,-13265.94,-10605.46,-4916.76,-6990.91
1786312045.032000,1760.60,-21836.67,-11914.64,-13590.49,-13267.28,-10604.65,-4919.71,-6991.45
1786312045.061000,1759.80,-21836.40,-11897.48,-13590.22,-13267.82,-10603.85,-4919.17,-6993.32
1786312045.061000,1761.14,-21836.40,-11892.65,-13589.68,-13266.74,-10599.82,-4916.76,-6992.79
1786312045.061000,1758.72,-21837.74,-11892.38,-13587.54,-13270.77,-10601.70,-4919.44,-6992.79
1786312045.061000,1756.58,-21833.72,-11905.25,-13586.46,-13271.30,-10605.99,-4919.98,-6990.37
1786312045.061000,1754.97,-21836.40,-11911.42,-13587.80,-13270.23,-10607.33,-4921.32,-6989.30
1786312045.064000,1755.77,-21838.82,-11898.55,-13589.95,-13271.03,-10605.99,-4920.78,-6989.57
1786312045.064000,1755.24,-21835.06,-11891.04,-13588.61,-13274.79,-10607.87,-4926.41,-6990.11
1786312045.064000,1752.56,-21836.67,-11897.48,-13587.80,-13276.40,-10610.55,-4926.15,-6993.06
1786312045.064000,1753.90,-21834.79,-11905.52,-13587.27,-13270.50,-10607.33,-4918.10,-6991.18
1786312045.064000,1757.12,-21833.99,-11908.20,-13586.19,-13269.69,-10607.06,-4918.90,-6991.71
1786312045.092000,1757.65,-21836.13,-11897.21,-13588.34,-13272.38,-10608.67,-4923.46,-6992.52
1786312045.092000,1756.58,-21836.94,-11892.65,-13589.95,-13274.79,-10610.55,-4921.59,-6991.71
1786312045.092000,1757.12,-21837.21,-11901.77,-13588.88,-13269.96,-10608.41,-4918.10,-6990.11
1786312045.092000,1756.31,-21839.35,-11916.52,-13587.80,-13267.01,-10605.99,-4919.98,-6988.50
1786312045.092000,1755.77,-21838.28,-11913.57,-13588.61,-13265.40,-10605.46,-4927.75,-6986.89
1786312045.123000,1755.24,-21836.40,-11905.79,-13589.41,-13270.50,-10610.01,-4929.90,-6986.35
1786312045.123000,1756.04,-21838.55,-11901.50,-13589.14,-13273.18,-10610.82,-4924.80,-6987.69
1786312045.123000,1754.70,-21837.21,-11897.48,-13589.41,-13271.84,-10608.67,-4918.64,-6988.76
1786312045.123000,1752.29,-21835.86,-11906.59,-13587.54,-13271.57,-10606.80,-4918.37,-6990.11
1786312045.123000,1752.56,-21833.99,-11902.30,-13588.07,-13270.23,-10608.41,-4924.27,-6988.76
1786312045.124000,1756.58,-21835.33,-11891.57,-13588.61,-13270.77,-10609.48,-4931.51,-6987.69
1786312045.124000,1755.24,-21837.74,-11893.18,-13588.07,-13275.59,-10611.89,-4938.22,-6988.50
1786312045.124000,1752.56,-21835.60,-11901.50,-13587.80,-13274.79,-10610.55,-4926.41,-6990.11
1786312045.124000,1754.43,-21832.38,-11907.40,-13588.61,-13271.30,-10610.55,-4917.03,-6989.57
1786312045.124000,1752.29,-21836.13,-11908.74,-13588.61,-13273.45,-10610.01,-4923.46,-6990.37
1786312045.152000,1751.48,-21838.55,-11907.94,-13587.54,-13274.79,-10611.36,-4929.63,-6990.64
1786312045.152000,1752.56,-21835.33,-11899.89,-13586.73,-13274.79,-10612.97,-4929.10,-6991.18
1786312045.152000,1751.75,-21832.65,-11896.40,-13587.80,-13273.18,-10612.70,-4926.15,-6992.25
1786312045.152000,1748.26,-21835.60,-11907.94,-13585.39,-13276.67,-10615.92,-4926.15,-6994.93
1786312045.152000,1746.65,-21836.13,-11908.74,-13586.19,-13277.47,-10616.45,-4930.71,-6994.40
1786312045.181000,1746.92,-21836.94,-11903.64,-13589.95,-13276.67,-10614.31,-4931.51,-6994.13
1786312045.181000,1748.80,-21839.62,-11895.33,-13591.83,-13274.79,-10613.77,-4933.92,-6992.25
1786312045.181000,1751.21,-21838.01,-11895.87,-13589.14,-13274.52,-10617.79,-4936.87,-6990.64
1786312045.181000,1751.21,-21836.40,-11908.47,-13586.73,-13275.06,-10620.48,-4932.58,-6989.84
1786312045.181000,1751.75,-21838.28,-11918.40,-13589.68,-13274.52,-10615.38,-4930.17,-6990.11
1786312045.184000,1756.04,-21839.62,-11921.35,-13591.29,-13271.84,-10612.97,-4932.85,-6987.15
1786312045.184000,1756.04,-21838.55,-11906.06,-13589.68,-13273.18,-10617.26,-4933.12,-6988.76
1786312045.184000,1755.24,-21837.47,-11904.72,-13588.34,-13271.84,-10611.36,-4923.46,-6989.30
1786312045.184000,1751.75,-21834.26,-11911.69,-13587.80,-13271.30,-10610.01,-4922.39,-6989.03
1786312045.184000,1752.56,-21833.45,-11904.45,-13589.68,-13272.11,-10608.67,-4926.15,-6989.03
1786312045.241000,1753.09,-21834.52,-11896.67,-13590.49,-13275.33,-10612.43,-4927.75,-6989.30
1786312045.241000,1749.34,-21836.13,-11891.84,-13588.88,-13279.62,-10618.60,-4930.97,-6991.71
1786312045.241000,1749.87,-21835.60,-11895.33,-13587.80,-13275.86,-10618.06,-4930.71,-6989.57
1786312045.241000,1753.09,-21837.47,-11904.72,-13587.27,-13269.96,-10612.70,-4929.63,-6987.42
1786312045.241000,1754.43,-21837.74,-11910.89,-13588.07,-13269.69,-10611.89,-4929.10,-6986.89
1786312045.244000,1756.04,-21838.28,-11903.64,-13590.49,-13270.23,-10614.84,-4926.41,-6988.23
1786312045.244000,1755.24,-21837.74,-11900.16,-13589.14,-13270.77,-10610.55,-4925.34,-6987.42
1786312045.244000,1755.24,-21831.04,-11902.03,-13587.80,-13271.84,-10608.67,-4927.75,-6984.20
1786312045.244000,1754.43,-21830.77,-11902.57,-13587.54,-13272.64,-10610.01,-4930.17,-6985.01
1786312045.244000,1751.48,-21831.31,-11900.43,-13585.66,-13273.72,-10612.43,-4930.97,-6989.03
1786312045.247000,1752.56,-21831.84,-11896.67,-13585.12,-13273.18,-10611.89,-4927.22,-6987.42
1786312045.247000,1753.36,-21835.60,-11901.23,-13587.00,-13275.86,-10612.16,-4925.88,-6986.08
1786312045.247000,1751.21,-21834.52,-11904.72,-13584.32,-13279.62,-10616.45,-4931.78,-6989.03
1786312045.247000,1748.00,-21832.91,-11909.55,-13583.24,-13279.35,-10618.60,-4933.66,-6991.71
1786312045.247000,1748.26,-21833.72,-11904.72,-13584.58,-13281.23,-10617.53,-4936.87,-6990.91
1786312045.314000,1749.34,-21836.13,-11891.57,-13585.93,-13280.96,-10618.60,-4940.36,-6992.25
1786312045.314000,1749.61,-21835.60,-11890.77,-13585.12,-13276.13,-10617.79,-4934.19,-6990.91
1786312045.314000,1748.26,-21831.04,-11892.38,-13582.17,-13276.40,-10615.92,-4930.71,-6990.91
1786312045.314000,1743.97,-21829.96,-11907.13,-13581.90,-13278.54,-10618.87,-4929.90,-6995.74
1786312045.314000,1744.51,-21833.18,-11910.62,-13582.98,-13278.81,-10622.08,-4932.31,-6996.01
1786312045.331000,1746.39,-21836.94,-11901.50,-13582.98,-13282.57,-10621.28,-4938.75,-6993.86
1786312045.331000,1744.78,-21834.26,-11888.62,-13583.24,-13285.79,-10619.94,-4941.70,-6995.74
1786312045.331000,1742.36,-21832.38,-11894.79,-13583.51,-13284.98,-10620.74,-4937.68,-6998.15
1786312045.331000,1744.78,-21828.62,-11913.57,-13581.90,-13282.03,-10622.62,-4938.22,-6993.59
1786312045.331000,1742.36,-21829.70,-11910.08,-13582.98,-13284.45,-10625.84,-4940.90,-6995.47
1786312045.345000,1742.36,-21832.38,-11896.67,-13587.00,-13285.52,-10624.23,-4937.68,-6993.32
1786312045.345000,1742.36,-21834.26,-11894.52,-13587.27,-13284.71,-10621.55,-4934.46,-6992.25
1786312045.345000,1742.90,-21833.18,-11893.18,-13586.19,-13284.71,-10623.16,-4938.48,-6990.11
1786312045.345000,1744.51,-21833.45,-11905.52,-13583.24,-13284.98,-10622.35,-4939.29,-6987.69
1786312045.345000,1746.92,-21833.72,-11910.62,-13584.58,-13282.03,-10623.16,-4936.34,-6985.01
1786312045.348000,1749.07,-21832.11,-11900.69,-13587.54,-13275.86,-10620.21,-4932.05,-6983.13
1786312045.348000,1748.80,-21832.38,-11896.94,-13587.80,-13275.06,-10618.06,-4930.17,-6985.01
1786312045.348000,1745.58,-21831.04,-11903.38,-13584.32,-13277.47,-10622.08,-4933.12,-6986.35
1786312045.348000,1743.97,-21828.09,-11904.72,-13582.71,-13278.81,-10623.16,-4937.95,-6986.62
1786312045.348000,1740.49,-21825.67,-11895.87,-13583.78,-13281.76,-10623.16,-4940.63,-6988.76
1786312045.352000,1745.05,-21830.23,-11894.26,-13584.32,-13279.89,-10623.16,-4938.22,-6986.35
1786312045.352000,1745.58,-21833.72,-11900.16,-13584.58,-13279.89,-10625.57,-4939.29,-6985.28
1786312045.352000,1743.70,-21832.91,-11903.64,-13583.78,-13280.69,-10625.04,-4941.17,-6985.01
1786312045.352000,1742.36,-21831.04,-11906.59,-13582.98,-13281.50,-10626.64,-4940.63,-6986.35
1786312045.352000,1741.29,-21832.65,-11901.50,-13586.46,-13280.69,-10627.45,-4935.26,-6988.23
1786312045.362000,1743.44,-21833.45,-11891.84,-13588.34,-13280.96,-10621.82,-4928.56,-6988.76
1786312045.362000,1743.17,-21833.99,-11894.79,-13586.73,-13282.57,-10626.64,-4935.00,-6989.57
1786312045.362000,1741.29,-21834.79,-11907.67,-13585.93,-13284.18,-10632.55,-4942.24,-6987.69
1786312045.362000,1738.07,-21833.72,-11910.08,-13584.85,-13284.18,-10627.45,-4937.95,-6987.69
1786312045.362000,1736.73,-21830.77,-11902.57,-13584.58,-13285.79,-10627.45,-4942.78,-6987.42
1786312045.421000,1736.19,-21831.04,-11899.89,-13583.78,-13288.74,-10627.45,-4949.75,-6986.08
1786312045.421000,1735.66,-21832.91,-11893.99,-13584.32,-13289.54,-10630.94,-4950.02,-6989.84
1786312045.421000,1737.00,-21831.04,-11894.26,-13583.78,-13287.40,-10632.55,-4942.51,-6990.11
1786312045.421000,1737.00,-21828.09,-11902.84,-13582.44,-13283.37,-10629.33,-4938.48,-6988.76
1786312045.421000,1739.95,-21829.96,-11911.42,-13583.24,-13282.57,-10630.40,-4942.24,-6987.96
1786312045.450000,1742.90,-21832.11,-11899.08,-13585.66,-13283.10,-10627.45,-4942.51,-6982.86
1786312045.450000,1739.95,-21829.70,-11890.50,-13584.58,-13282.57,-10626.64,-4940.90,-6983.67
1786312045.450000,1739.95,-21832.38,-11902.03,-13583.78,-13282.03,-10630.40,-4943.04,-6983.94
1786312045.450000,1736.73,-21831.84,-11910.89,-13582.98,-13284.71,-10632.81,-4940.90,-6986.62
1786312045.450000,1738.34,-21828.89,-11913.30,-13583.78,-13283.10,-10630.67,-4938.48,-6987.42
1786312045.453000,1741.02,-21829.16,-11909.55,-13582.98,-13282.30,-10629.06,-4935.26,-6986.89
1786312045.453000,1740.22,-21828.89,-11900.69,-13581.63,-13283.37,-10628.25,-4939.02,-6986.62
1786312045.453000,1738.88,-21826.75,-11897.74,-13581.63,-13286.32,-10629.33,-4944.92,-6986.89
1786312045.453000,1737.54,-21824.87,-11906.59,-13581.10,-13287.13,-10630.13,-4944.12,-6987.96
1786312045.453000,1739.14,-21823.79,-11908.20,-13582.71,-13283.64,-10626.38,-4941.17,-6987.42
1786312045.457000,1740.22,-21825.14,-11899.89,-13584.85,-13283.37,-10625.30,-4947.07,-6988.23
1786312045.457000,1740.22,-21825.67,-11894.79,-13582.98,-13286.05,-10627.72,-4951.89,-6989.03
1786312045.457000,1739.68,-21824.87,-11906.86,-13581.63,-13286.05,-10632.81,-4946.26,-6987.69
1786312045.457000,1736.19,-21828.09,-11920.54,-13581.63,-13285.52,-10634.69,-4944.12,-6989.03
1786312045.457000,1737.00,-21828.89,-11921.35,-13582.98,-13284.71,-10633.35,-4944.92,-6989.03
1786312045.481000,1738.07,-21831.57,-11911.96,-13583.51,-13282.84,-10627.72,-4940.90,-6990.11
1786312045.481000,1738.61,-21834.79,-11906.59,-13582.44,-13282.03,-10628.79,-4937.14,-6990.11
1786312045.481000,1738.88,-21829.43,-11910.89,-13581.37,-13279.89,-10628.79,-4934.19,-6987.15
1786312045.481000,1736.19,-21825.40,-11910.62,-13581.63,-13282.84,-10633.35,-4941.70,-6988.50
1786312045.481000,1733.51,-21823.79,-11908.20,-13581.90,-13287.93,-10635.76,-4951.09,-6991.45
1786312045.484000,1732.17,-21824.33,-11899.08,-13583.24,-13289.54,-10633.62,-4948.94,-6992.79
1786312045.484000,1731.63,-21824.06,-11899.08,-13581.63,-13288.74,-10632.01,-4944.38,-6989.30
1786312045.484000,1731.63,-21822.45,-11906.59,-13580.03,-13284.98,-10633.35,-4945.46,-6987.96
1786312045.484000,1730.83,-21823.53,-11917.59,-13581.37,-13286.86,-10635.23,-4948.94,-6987.42
1786312045.484000,1730.02,-21826.21,-11911.42,-13582.71,-13287.66,-10634.15,-4949.75,-6989.84
1786312045.512000,1734.32,-21828.89,-11900.69,-13582.98,-13284.98,-10630.13,-4942.78,-6991.45
1786312045.512000,1739.14,-21830.23,-11902.03,-13582.17,-13280.15,-10627.99,-4937.95,-6987.69
1786312045.512000,1739.68,-21825.14,-11911.42,-13581.63,-13280.96,-10628.79,-4938.48,-6985.55
1786312045.512000,1737.80,-21820.04,-11913.84,-13580.29,-13282.84,-10631.20,-4939.02,-6987.96
1786312045.512000,1735.12,-21821.38,-11906.86,-13581.37,-13285.25,-10633.08,-4945.73,-6991.45
1786312045.542000,1735.66,-21824.06,-11895.60,-13583.51,-13285.52,-10632.81,-4950.55,-6992.25
1786312045.542000,1739.14,-21823.53,-11894.52,-13582.17,-13281.23,-10630.67,-4947.07,-6988.23
1786312045.542000,1738.88,-21825.40,-11906.06,-13580.03,-13281.76,-10634.42,-4944.12,-6985.01
1786312045.542000,1735.66,-21826.75,-11922.69,-13579.22,-13287.13,-10638.71,-4946.53,-6987.69
1786312045.542000,1733.24,-21826.48,-11920.27,-13581.37,-13289.54,-10637.64,-4950.82,-6991.71
1786312045.545000,1734.85,-21828.62,-11909.01,-13584.05,-13287.40,-10639.25,-4950.29,-6991.98
1786312045.545000,1736.46,-21828.89,-11905.52,-13581.90,-13282.84,-10638.18,-4945.19,-6988.76
1786312045.545000,1734.58,-21824.87,-11906.06,-13578.95,-13284.71,-10637.91,-4946.53,-6990.37
1786312045.545000,1733.24,-21820.58,-11903.91,-13579.76,-13287.93,-10637.37,-4946.53,-6991.98
1786312045.545000,1734.58,-21822.19,-11905.25,-13580.56,-13286.86,-10638.18,-4945.73,-6990.91
1786312045.572000,1734.85,-21825.40,-11902.57,-13581.10,-13287.66,-10640.32,-4948.94,-6987.42
1786312045.572000,1735.39,-21825.67,-11903.91,-13580.83,-13285.52,-10638.45,-4948.41,-6985.28
1786312045.572000,1735.12,-21823.79,-11901.23,-13578.95,-13283.37,-10634.42,-4943.04,-6985.01
1786312045.572000,1731.90,-21821.11,-11901.50,-13578.15,-13284.98,-10638.71,-4947.60,-6986.62
1786312045.572000,1731.63,-21822.45,-11900.69,-13580.29,-13286.05,-10637.37,-4952.43,-6987.42
1786312045.614000,1732.17,-21827.55,-11898.55,-13581.10,-13286.05,-10634.69,-4947.87,-6989.84
1786312045.614000,1732.44,-21828.09,-11901.23,-13581.37,-13286.86,-10635.50,-4940.09,-6989.03
1786312045.614000,1732.17,-21828.89,-11909.55,-13577.61,-13289.27,-10636.30,-4941.70,-6991.71
1786312045.614000,1731.63,-21827.01,-11918.13,-13575.20,-13288.74,-10642.20,-4948.41,-6992.79
1786312045.614000,1730.29,-21822.99,-11908.74,-13579.22,-13287.40,-10644.88,-4954.31,-6991.98
1786312045.661000,1731.63,-21824.33,-11897.21,-13580.29,-13287.40,-10642.74,-4949.21,-6990.37
1786312045.661000,1735.12,-21823.26,-11904.18,-13578.42,-13283.64,-10640.86,-4942.24,-6986.89
1786312045.661000,1732.44,-21822.19,-11904.72,-13577.07,-13285.52,-10639.52,-4945.46,-6989.30
1786312045.661000,1731.63,-21820.31,-11902.03,-13577.88,-13285.52,-10638.18,-4946.26,-6988.76
1786312045.661000,1729.76,-21823.26,-11899.35,-13581.10,-13286.59,-10637.11,-4946.26,-6989.57
1786312045.664000,1734.05,-21824.06,-11897.74,-13579.76,-13284.18,-10637.64,-4946.53,-6987.69
1786312045.664000,1734.85,-21821.65,-11894.26,-13577.61,-13282.57,-10643.27,-4947.60,-6986.08
1786312045.664000,1730.02,-21820.31,-11899.35,-13577.88,-13286.59,-10646.76,-4949.75,-6990.11
1786312045.664000,1727.88,-21820.04,-11904.18,-13578.68,-13288.74,-10644.62,-4951.63,-6990.11
1786312045.664000,1727.07,-21822.45,-11903.64,-13579.22,-13290.08,-10641.93,-4951.09,-6987.69
1786312045.690000,1728.42,-21824.60,-11902.03,-13579.76,-13291.42,-10641.66,-4951.89,-6988.76
1786312045.690000,1726.54,-21825.40,-11904.18,-13579.76,-13293.30,-10640.32,-4951.89,-6986.89
1786312045.690000,1727.07,-21823.26,-11910.62,-13577.61,-13289.27,-10639.52,-4948.94,-6985.81
1786312045.690000,1727.61,-21820.04,-11904.72,-13578.95,-13285.79,-10645.15,-4945.73,-6986.89
1786312045.690000,1726.81,-21821.65,-11897.48,-13581.63,-13284.18,-10645.42,-4946.26,-6988.76
1786312045.693000,1730.02,-21824.06,-11889.43,-13581.63,-13282.57,-10639.52,-4948.94,-6987.96
1786312045.693000,1733.78,-21823.26,-11888.62,-13579.22,-13280.42,-10637.91,-4948.68,-6980.99
1786312045.693000,1732.44,-21820.84,-11899.35,-13578.42,-13282.57,-10640.32,-4946.53,-6978.57
1786312045.693000,1728.42,-21818.16,-11906.59,-13577.34,-13283.91,-10640.86,-4945.99,-6982.33
1786312045.693000,1725.73,-21820.04,-11904.18,-13579.76,-13286.05,-10643.01,-4950.02,-6986.89
1786312045.696000,1727.07,-21822.72,-11902.57,-13580.56,-13285.25,-10644.35,-4953.50,-6986.62
1786312045.696000,1725.47,-21821.65,-11897.21,-13578.68,-13285.52,-10641.93,-4946.80,-6985.55
1786312045.696000,1723.05,-21822.45,-11895.60,-13577.61,-13290.88,-10647.30,-4950.29,-6989.03
1786312045.696000,1723.59,-21820.04,-11904.72,-13578.15,-13290.61,-10648.37,-4958.33,-6987.15
1786312045.696000,1724.93,-21820.84,-11909.55,-13580.83,-13290.08,-10645.69,-4958.60,-6986.35
1786312045.722000,1727.07,-21824.33,-11893.99,-13580.29,-13287.40,-10646.22,-4954.31,-6988.23
1786312045.722000,1727.88,-21824.87,-11889.43,-13578.95,-13284.71,-10644.88,-4948.94,-6985.28
1786312045.722000,1727.34,-21821.65,-11904.72,-13577.07,-13282.03,-10641.66,-4943.85,-6983.67
1786312045.722000,1726.27,-21817.36,-11907.94,-13579.22,-13280.96,-10643.01,-4944.12,-6984.20
1786312045.722000,1727.07,-21814.14,-11895.87,-13579.76,-13281.23,-10642.74,-4946.26,-6983.40
1786312045.750000,1727.61,-21815.21,-11891.04,-13578.42,-13281.23,-10640.06,-4944.38,-6985.55
1786312045.750000,1725.73,-21815.21,-11893.45,-13577.34,-13284.98,-10641.66,-4948.41,-6987.96
1786312045.750000,1725.73,-21814.68,-11902.57,-13575.73,-13284.98,-10643.27,-4951.09,-6985.28
1786312045.750000,1726.00,-21816.28,-11907.94,-13577.07,-13284.71,-10644.08,-4951.63,-6982.33
1786312045.750000,1726.54,-21813.60,-11896.40,-13577.61,-13284.98,-10644.88,-4951.63,-6983.13
1786312045.753000,1730.29,-21813.33,-11882.45,-13578.95,-13278.81,-10640.06,-4946.26,-6980.99
1786312045.753000,1732.17,-21815.21,-11885.67,-13577.34,-13275.33,-10640.32,-4942.51,-6980.45
1786312045.753000,1728.95,-21814.68,-11895.06,-13574.93,-13276.40,-10643.54,-4943.04,-6982.06
1786312045.753000,1727.61,-21814.14,-11899.62,-13576.54,-13280.15,-10642.74,-4946.80,-6984.47
1786312045.753000,1730.29,-21811.99,-11893.72,-13577.34,-13279.08,-10641.93,-4955.65,-6984.74
1786312045.767000,1731.90,-21811.19,-11887.82,-13577.88,-13278.01,-10643.54,-4962.36,-6985.81
1786312045.767000,1728.15,-21812.26,-11889.43,-13577.88,-13278.81,-10643.81,-4951.89,-6990.37
1786312045.767000,1728.42,-21812.53,-11900.69,-13574.39,-13277.20,-10642.20,-4939.29,-6989.57
1786312045.767000,1729.76,-21815.21,-11905.25,-13574.39,-13278.81,-10642.20,-4940.90,-6988.76
1786312045.767000,1729.22,-21812.80,-11899.08,-13574.93,-13281.50,-10643.54,-4944.38,-6991.71
1786312045.782000,1730.56,-21810.12,-11884.60,-13575.20,-13280.69,-10640.86,-4947.07,-6991.45
1786312045.782000,1731.10,-21811.46,-11879.77,-13574.12,-13282.30,-10643.01,-4950.82,-6988.23
1786312045.782000,1728.95,-21808.77,-11883.53,-13571.98,-13282.03,-10646.76,-4952.97,-6987.96
1786312045.782000,1727.88,-21806.09,-11888.36,-13572.25,-13279.08,-10646.76,-4948.68,-6989.03
1786312045.782000,1728.15,-21807.97,-11884.06,-13573.05,-13279.89,-10645.15,-4947.07,-6989.84
1786312045.824000,1731.63,-21808.77,-11871.99,-13574.39,-13276.94,-10641.40,-4946.26,-6985.55
1786312045.824000,1733.24,-21805.29,-11870.65,-13571.17,-13273.98,-10641.40,-4946.53,-6982.86
1786312045.824000,1734.58,-21804.75,-11880.58,-13568.76,-13270.50,-10640.86,-4943.04,-6979.38
1786312045.824000,1732.71,-21802.61,-11889.43,-13567.69,-13269.96,-10640.59,-4939.82,-6978.30
1786312045.824000,1732.44,-21806.90,-11891.84,-13570.91,-13271.84,-10644.62,-4944.38,-6977.23
1786312045.827000,1733.78,-21806.90,-11876.02,-13572.25,-13272.11,-10640.86,-4943.31,-6976.96
1786312045.827000,1734.58,-21802.07,-11867.97,-13568.49,-13272.38,-10635.50,-4939.29,-6975.35
1786312045.827000,1734.05,-21799.92,-11877.09,-13565.00,-13273.18,-10642.47,-4942.51,-6975.35
1786312045.827000,1735.39,-21795.90,-11883.53,-13564.47,-13269.69,-10644.08,-4939.02,-6974.55
1786312045.827000,1737.80,-21795.36,-11879.24,-13565.54,-13264.33,-10638.98,-4938.48,-6972.13
1786312045.843000,1739.68,-21795.90,-11867.17,-13567.42,-13263.26,-10634.15,-4934.46,-6970.53
1786312045.843000,1738.07,-21795.90,-11855.63,-13566.08,-13266.21,-10633.89,-4936.61,-6970.79
1786312045.843000,1738.34,-21791.61,-11861.53,-13560.98,-13268.08,-10635.23,-4935.80,-6967.84
1786312045.843000,1739.41,-21788.12,-11869.85,-13560.18,-13265.94,-10635.23,-4937.68,-6966.77
1786312045.843000,1738.34,-21789.46,-11869.04,-13562.32,-13264.06,-10634.15,-4939.29,-6967.31
1786312045.886000,1740.49,-21792.68,-11861.00,-13562.86,-13264.87,-10630.13,-4935.80,-6967.04
1786312045.886000,1740.75,-21792.68,-11860.19,-13561.25,-13263.26,-10632.28,-4932.05,-6968.65
1786312045.886000,1739.14,-21790.54,-11862.34,-13560.18,-13261.92,-10636.30,-4933.12,-6967.57
1786312045.886000,1736.46,-21790.00,-11869.58,-13561.52,-13262.18,-10636.03,-4935.53,-6966.50
1786312045.886000,1737.27,-21793.22,-11868.78,-13562.32,-13262.72,-10636.84,-4937.41,-6965.97
1786312045.890000,1739.14,-21795.90,-11865.29,-13563.13,-13263.79,-10638.71,-4939.02,-6965.97
1786312045.890000,1739.14,-21794.02,-11865.02,-13562.86,-13262.72,-10639.79,-4936.34,-6967.04
1786312045.890000,1738.88,-21789.46,-11860.46,-13562.05,-13260.04,-10636.30,-4931.51,-6966.77
1786312045.890000,1741.02,-21786.51,-11865.83,-13560.98,-13258.70,-10630.94,-4929.63,-6965.16
1786312045.890000,1743.17,-21784.63,-11856.17,-13560.98,-13258.16,-10627.45,-4927.75,-6965.70
1786312045.916000,1744.24,-21786.24,-11850.27,-13560.44,-13261.38,-10629.33,-4930.71,-6966.77
1786312045.916000,1744.51,-21788.12,-11861.00,-13557.76,-13261.65,-10631.47,-4935.00,-6967.57
1786312045.916000,1740.22,-21792.14,-11868.24,-13556.69,-13262.18,-10634.96,-4939.02,-6970.26
1786312045.916000,1739.14,-21792.68,-11874.41,-13556.96,-13261.65,-10638.18,-4935.26,-6972.13
1786312045.916000,1739.14,-21788.66,-11865.83,-13558.03,-13261.65,-10639.79,-4934.19,-6974.01
1786312045.946000,1739.95,-21789.19,-11845.98,-13560.71,-13262.45,-10637.37,-4935.53,-6973.21
1786312045.946000,1738.88,-21787.32,-11842.49,-13559.10,-13262.45,-10635.23,-4933.66,-6971.87
1786312045.946000,1737.54,-21786.78,-11855.63,-13556.96,-13261.92,-10635.76,-4936.34,-6972.13
1786312045.946000,1737.00,-21786.78,-11876.02,-13558.03,-13263.52,-10641.13,-4941.97,-6971.60
1786312045.946000,1735.12,-21784.63,-11869.04,-13558.84,-13264.87,-10641.66,-4940.36,-6972.67
1786312045.949000,1737.00,-21785.71,-11851.34,-13559.64,-13264.06,-10637.64,-4937.14,-6971.87
1786312045.949000,1737.27,-21787.59,-11852.41,-13559.10,-13262.72,-10638.18,-4935.00,-6971.60
1786312045.949000,1733.51,-21788.66,-11863.95,-13558.84,-13264.60,-10640.59,-4935.53,-6972.94
1786312045.949000,1732.44,-21787.32,-11865.56,-13559.64,-13265.94,-10640.06,-4939.56,-6972.94
1786312045.949000,1737.80,-21784.10,-11853.76,-13559.91,-13262.18,-10638.18,-4941.97,-6968.11
1786312045.976000,1741.02,-21784.37,-11849.46,-13558.30,-13260.31,-10639.52,-4943.04,-6966.50
1786312045.976000,1740.75,-21788.66,-11852.68,-13557.76,-13260.04,-10642.20,-4932.85,-6967.84
1786312045.976000,1736.73,-21790.54,-11861.00,-13559.10,-13262.45,-10640.32,-4929.63,-6967.04
1786312045.976000,1738.88,-21787.05,-11863.14,-13559.64,-13259.23,-10636.84,-4930.17,-6966.23
1786312045.976000,1742.36,-21785.17,-11853.76,-13559.64,-13254.40,-10633.89,-4929.10,-6963.55
1786312046.006000,1743.17,-21781.68,-11845.71,-13558.84,-13255.48,-10632.81,-4931.51,-6964.09
1786312046.006000,1744.51,-21780.07,-11843.29,-13556.42,-13253.33,-10632.28,-4926.15,-6963.55
1786312046.006000,1742.36,-21781.15,-11846.51,-13554.28,-13253.87,-10632.55,-4924.27,-6963.82
1786312046.006000,1741.83,-21780.61,-11853.76,-13554.01,-13255.48,-10632.55,-4926.41,-6963.28
1786312046.006000,1745.31,-21779.00,-11857.51,-13554.28,-13254.40,-10631.20,-4930.17,-6959.26
1786312046.009000,1745.58,-21777.66,-11845.98,-13555.08,-13253.33,-10630.94,-4930.44,-6959.53
1786312046.009000,1743.97,-21779.81,-11840.88,-13554.01,-13251.19,-10630.67,-4927.49,-6959.53
1786312046.009000,1743.44,-21780.61,-11845.17,-13552.40,-13249.58,-10634.15,-4925.07,-6957.92
1786312046.009000,1742.90,-21778.20,-11849.73,-13552.13,-13250.92,-10635.50,-4927.22,-6958.19
1786312046.009000,1744.51,-21779.27,-11852.41,-13554.81,-13253.33,-10632.55,-4934.19,-6958.46
1786312046.036000,1747.19,-21779.27,-11841.95,-13554.01,-13250.65,-10630.94,-4928.29,-6957.65
1786312046.036000,1745.31,-21779.54,-11840.34,-13552.40,-13250.65,-10630.67,-4922.12,-6959.53
1786312046.036000,1744.51,-21778.73,-11849.20,-13552.67,-13251.72,-10636.30,-4925.34,-6959.26
1786312046.036000,1744.78,-21774.44,-11855.90,-13551.06,-13252.80,-10638.71,-4928.29,-6960.06
1786312046.036000,1743.44,-21776.59,-11849.20,-13554.01,-13255.48,-10631.47,-4929.36,-6964.09
1786312046.065000,1743.17,-21775.25,-11839.81,-13554.28,-13254.14,-10628.25,-4928.83,-6965.70
1786312046.065000,1745.05,-21774.44,-11844.37,-13551.59,-13251.72,-10628.79,-4923.19,-6962.21
1786312046.065000,1741.83,-21777.93,-11847.85,-13550.52,-13252.53,-10634.96,-4923.19,-6963.02
1786312046.065000,1742.90,-21776.05,-11851.34,-13551.86,-13251.19,-10633.89,-4923.73,-6961.41
1786312046.065000,1748.26,-21774.44,-11846.25,-13552.13,-13249.85,-10630.13,-4926.41,-6957.92
1786312046.079000,1749.34,-21775.78,-11838.20,-13554.81,-13250.38,-10627.45,-4929.10,-6958.72
1786312046.079000,1748.26,-21775.78,-11844.64,-13551.33,-13251.72,-10627.99,-4930.71,-6959.26
1786312046.079000,1745.58,-21770.96,-11848.39,-13548.91,-13254.67,-10635.23,-4933.66,-6961.41
1786312046.079000,1741.83,-21770.96,-11849.73,-13552.13,-13257.62,-10637.37,-4930.71,-6965.43
1786312046.079000,1741.02,-21773.10,-11839.81,-13554.01,-13259.23,-10638.18,-4931.78,-6967.31
1786312046.097000,1742.36,-21773.10,-11833.37,-13552.93,-13258.70,-10638.18,-4932.85,-6965.16
1786312046.097000,1741.56,-21776.59,-11834.44,-13552.13,-13256.82,-10636.30,-4927.75,-6966.77
1786312046.097000,1739.68,-21775.25,-11859.39,-13551.59,-13255.21,-10638.45,-4924.80,-6967.04
1786312046.097000,1739.41,-21776.32,-11864.22,-13554.01,-13252.53,-10637.37,-4926.15,-6968.11
1786312046.097000,1741.02,-21773.91,-11845.17,-13555.08,-13252.26,-10634.96,-4927.75,-6968.65
1786312046.112000,1741.83,-21772.03,-11830.15,-13553.47,-13256.55,-10633.35,-4931.78,-6968.65
1786312046.112000,1742.36,-21772.30,-11831.76,-13549.72,-13259.23,-10634.69,-4934.73,-6966.23
1786312046.112000,1740.22,-21773.91,-11840.88,-13548.91,-13257.09,-10637.37,-4933.12,-6967.04
1786312046.112000,1739.14,-21770.96,-11844.37,-13550.25,-13254.94,-10637.64,-4926.95,-6969.18
1786312046.112000,1739.68,-21768.00,-11845.17,-13551.59,-13254.40,-10635.23,-4928.56,-6966.77
1786312046.127000,1743.17,-21769.08,-11834.44,-13551.59,-13254.40,-10632.01,-4929.36,-6964.36
1786312046.127000,1744.78,-21772.03,-11831.49,-13549.45,-13255.48,-10633.62,-4924.00,-6962.75
1786312046.127000,1743.97,-21772.30,-11837.13,-13546.77,-13251.19,-10637.37,-4924.80,-6960.60
1786312046.127000,1745.05,-21769.08,-11843.03,-13548.64,-13247.16,-10637.37,-4925.34,-6960.33
1786312046.127000,1745.05,-21768.81,-11845.17,-13548.91,-13248.24,-10633.62,-4925.07,-6958.19
1786312046.142000,1745.85,-21766.93,-11827.74,-13549.45,-13249.85,-10629.59,-4924.80,-6960.06
1786312046.142000,1746.39,-21765.59,-11821.03,-13548.64,-13248.50,-10627.99,-4921.05,-6957.38
1786312046.142000,1743.44,-21766.66,-11836.05,-13548.37,-13249.31,-10632.55,-4918.37,-6956.58
1786312046.142000,1742.90,-21767.74,-11842.22,-13549.98,-13250.11,-10637.37,-4924.00,-6956.85
1786312046.142000,1746.65,-21768.00,-11832.30,-13549.45,-13248.24,-10635.50,-4925.07,-6953.90
1786312046.172000,1746.65,-21765.86,-11827.47,-13548.91,-13250.11,-10632.55,-4925.88,-6956.04
1786312046.172000,1748.53,-21765.86,-11829.62,-13548.37,-13246.89,-10630.67,-4920.78,-6955.50
1786312046.172000,1748.80,-21766.66,-11832.57,-13544.89,-13245.55,-10632.81,-4919.98,-6952.82
1786312046.172000,1745.85,-21764.52,-11830.69,-13545.96,-13247.97,-10636.03,-4925.61,-6953.36
1786312046.172000,1745.31,-21763.98,-11829.35,-13548.11,-13250.65,-10633.62,-4929.10,-6959.26
1786312046.200000,1746.92,-21763.98,-11825.06,-13547.84,-13250.11,-10630.67,-4927.22,-6957.92
1786312046.200000,1744.51,-21761.57,-11822.91,-13545.69,-13251.72,-10633.35,-4926.95,-6959.26
1786312046.200000,1741.29,-21761.30,-11828.81,-13546.23,-13253.87,-10630.67,-4919.98,-6960.06
1786312046.200000,1741.02,-21761.84,-11836.86,-13548.11,-13250.11,-10630.13,-4919.71,-6960.60
1786312046.200000,1743.97,-21761.84,-11829.08,-13549.72,-13247.97,-10631.74,-4921.59,-6959.53
1786312046.203000,1747.46,-21766.13,-11823.98,-13550.25,-13246.89,-10632.28,-4919.17,-6954.43
1786312046.203000,1746.39,-21766.66,-11832.83,-13547.30,-13244.48,-10631.20,-4922.66,-6954.70
1786312046.203000,1743.97,-21766.66,-11846.25,-13547.30,-13246.63,-10633.35,-4923.19,-6955.77
1786312046.203000,1742.90,-21766.93,-11842.76,-13549.45,-13248.77,-10633.89,-4922.93,-6955.24
1786312046.203000,1744.24,-21766.13,-11828.81,-13550.52,-13247.97,-10634.96,-4926.68,-6954.70
1786312046.247000,1745.05,-21765.86,-11814.86,-13549.18,-13247.70,-10636.03,-4924.80,-6956.31
1786312046.247000,1743.97,-21766.40,-11829.08,-13547.84,-13245.29,-10637.37,-4918.90,-6956.85
1786312046.247000,1741.83,-21766.40,-11835.78,-13548.37,-13248.50,-10640.06,-4919.17,-6958.72
1786312046.247000,1740.49,-21766.40,-11833.37,-13550.25,-13250.65,-10637.37,-4924.80,-6959.26
1786312046.247000,1743.97,-21763.45,-11826.93,-13549.98,-13247.97,-10632.81,-4929.36,-6956.04
1786312046.250000,1747.19,-21761.03,-11816.20,-13549.18,-13247.43,-10632.81,-4929.90,-6952.55
1786312046.250000,1750.68,-21762.37,-11818.62,-13549.18,-13242.60,-10632.28,-4920.78,-6950.95
1786312046.250000,1747.19,-21763.18,-11827.47,-13548.11,-13244.21,-10632.81,-4921.59,-6952.02
1786312046.250000,1748.26,-21763.71,-11834.98,-13548.91,-13243.68,-10632.81,-4922.39,-6951.48
1786312046.250000,1749.87,-21762.91,-11831.76,-13549.18,-13240.99,-10632.81,-4914.08,-6950.68
1786312046.262000,1752.56,-21763.98,-11824.79,-13549.18,-13239.12,-10632.01,-4913.00,-6951.48
1786312046.262000,1750.14,-21762.91,-11824.25,-13548.91,-13241.26,-10634.96,-4917.03,-6953.90
1786312046.262000,1748.00,-21758.89,-11823.18,-13547.30,-13242.07,-10632.01,-4915.95,-6952.82
1786312046.262000,1746.39,-21758.62,-11830.15,-13548.64,-13243.14,-10633.35,-4921.05,-6954.16
1786312046.262000,1743.70,-21761.84,-11823.98,-13549.18,-13246.09,-10634.96,-4924.00,-6956.85
1786312046.292000,1748.26,-21762.10,-11819.42,-13550.25,-13245.02,-10632.01,-4921.05,-6953.09
1786312046.292000,1751.21,-21761.03,-11826.93,-13547.03,-13246.63,-10631.74,-4922.12,-6950.14
1786312046.292000,1746.39,-21762.64,-11833.91,-13545.69,-13247.97,-10634.69,-4924.80,-6949.87
1786312046.292000,1744.51,-21761.84,-11829.88,-13549.98,-13242.60,-10634.15,-4923.73,-6953.63
1786312046.292000,1745.05,-21757.54,-11817.01,-13551.06,-13240.46,-10634.15,-4922.39,-6954.97
1786312046.337000,1747.73,-21757.81,-11812.18,-13549.72,-13239.12,-10631.74,-4916.76,-6954.43
1786312046.337000,1745.85,-21758.89,-11818.89,-13546.77,-13242.33,-10630.13,-4917.29,-6956.58
1786312046.337000,1744.24,-21757.28,-11819.42,-13545.69,-13243.14,-10634.69,-4921.05,-6956.58
1786312046.337000,1744.78,-21756.47,-11822.37,-13544.89,-13242.07,-10636.84,-4921.05,-6955.50
1786312046.337000,1741.56,-21757.54,-11813.79,-13546.23,-13246.09,-10635.50,-4922.39,-6956.04
1786312046.469000,1740.49,-21758.08,-11808.69,-13547.03,-13245.82,-10631.74,-4921.59,-6959.53
1786312046.469000,1740.49,-21758.35,-11816.20,-13544.08,-13243.41,-10631.47,-4921.59,-6960.87
1786312046.469000,1741.83,-21756.47,-11825.32,-13543.28,-13243.41,-10634.69,-4921.59,-6958.99
1786312046.469000,1743.44,-21754.33,-11831.49,-13544.08,-13245.29,-10634.42,-4924.80,-6957.38
1786312046.469000,1746.92,-21753.79,-11824.25,-13544.62,-13240.99,-10632.81,-4922.39,-6956.85
1786312046.473000,1747.46,-21756.47,-11803.33,-13545.69,-13238.58,-10635.50,-4919.71,-6956.58
1786312046.473000,1747.19,-21752.45,-11806.01,-13545.69,-13239.65,-10633.35,-4917.56,-6956.58
1786312046.473000,1745.58,-21752.45,-11818.08,-13543.55,-13237.78,-10634.15,-4921.05,-6958.72
1786312046.473000,1743.70,-21753.79,-11814.86,-13543.55,-13238.85,-10633.89,-4922.93,-6958.99
1786312046.473000,1745.31,-21750.57,-11808.16,-13546.50,-13238.04,-10630.13,-4918.64,-6957.11
1786312046.476000,1746.39,-21751.11,-11804.13,-13545.96,-13236.70,-10627.18,-4912.73,-6957.38
1786312046.476000,1744.24,-21753.25,-11810.30,-13545.42,-13238.31,-10628.52,-4911.66,-6959.80
1786312046.476000,1745.31,-21751.38,-11811.38,-13543.28,-13239.12,-10630.13,-4914.08,-6956.85
1786312046.476000,1743.17,-21751.11,-11815.13,-13544.08,-13242.60,-10634.69,-4920.78,-6958.72
1786312046.476000,1744.78,-21752.72,-11811.64,-13546.77,-13240.46,-10638.98,-4924.00,-6958.46
1786312046.479000,1748.80,-21754.59,-11809.50,-13548.37,-13234.82,-10633.35,-4917.56,-6957.11
1786312046.479000,1745.85,-21755.94,-11814.86,-13544.62,-13233.75,-10631.20,-4913.27,-6958.72
1786312046.479000,1741.83,-21752.45,-11825.32,-13543.55,-13239.12,-10633.89,-4916.49,-6959.53
1786312046.479000,1741.56,-21753.25,-11822.11,-13545.42,-13242.33,-10636.57,-4924.80,-6960.06
1786312046.479000,1742.36,-21751.91,-11812.72,-13547.30,-13241.53,-10635.50,-4922.93,-6961.41
1786312046.500000,1744.24,-21751.11,-11806.82,-13547.03,-13239.12,-10633.08,-4917.56,-6960.33
1786312046.500000,1743.70,-21756.20,-11810.57,-13544.62,-13238.58,-10636.03,-4913.81,-6958.19
1786312046.500000,1741.83,-21758.08,-11814.86,-13544.35,-13241.80,-10638.71,-4916.76,-6958.99
1786312046.500000,1740.22,-21755.13,-11813.52,-13544.35,-13241.80,-10637.37,-4921.59,-6958.46
1786312046.500000,1741.02,-21753.25,-11806.01,-13546.77,-13241.53,-10636.30,-4924.80,-6961.41
1786312046.532000,1743.44,-21751.11,-11804.13,-13548.11,-13239.38,-10634.69,-4924.27,-6958.19
1786312046.532000,1742.90,-21751.91,-11804.94,-13544.35,-13238.58,-10632.81,-4917.03,-6957.38
1786312046.532000,1742.63,-21751.64,-11810.84,-13544.08,-13235.09,-10630.67,-4908.71,-6956.85
1786312046.532000,1741.02,-21754.59,-11821.03,-13545.96,-13239.92,-10637.91,-4915.15,-6957.11
1786312046.532000,1742.90,-21753.79,-11819.96,-13547.03,-13240.19,-10637.64,-4924.27,-6956.04
1786312046.547000,1746.92,-21751.64,-11803.06,-13543.01,-13233.22,-10636.57,-4922.66,-6956.04
1786312046.547000,1746.65,-21754.33,-11801.72,-13541.67,-13231.07,-10629.86,-4915.68,-6953.36
1786312046.547000,1746.39,-21750.84,-11808.16,-13543.28,-13232.41,-10630.67,-4908.17,-6952.82
1786312046.547000,1744.24,-21746.55,-11809.50,-13545.42,-13235.09,-10632.28,-4907.64,-6952.82
1786312046.547000,1742.90,-21745.21,-11803.06,-13546.77,-13236.97,-10633.89,-4909.25,-6951.48
1786312046.589000,1745.05,-21746.28,-11797.97,-13548.64,-13234.56,-10633.08,-4910.59,-6949.87
1786312046.589000,1745.58,-21747.08,-11790.19,-13548.64,-13232.41,-10632.55,-4910.05,-6948.80
1786312046.589000,1743.44,-21747.62,-11797.97,-13546.50,-13232.14,-10632.28,-4910.05,-6950.41
1786312046.589000,1744.24,-21750.03,-11808.69,-13546.50,-13229.73,-10632.28,-4911.66,-6949.34
1786312046.589000,1751.21,-21750.30,-11810.30,-13547.57,-13227.05,-10631.47,-4911.66,-6947.19
1786312046.607000,1751.75,-21750.84,-11797.97,-13547.30,-13227.05,-10631.47,-4910.86,-6948.80
1786312046.607000,1748.26,-21747.35,-11795.01,-13545.16,-13226.51,-10632.28,-4908.98,-6947.46
1786312046.607000,1741.83,-21746.28,-11802.79,-13545.16,-13232.14,-10636.57,-4916.49,-6949.60
1786312046.607000,1744.24,-21744.13,-11809.50,-13545.42,-13233.75,-10639.52,-4922.12,-6946.92
1786312046.607000,1745.05,-21743.87,-11796.62,-13548.11,-13235.09,-10638.18,-4917.29,-6948.53
1786312046.622000,1745.58,-21746.28,-11785.90,-13547.57,-13232.14,-10632.55,-4909.78,-6949.34
1786312046.622000,1742.90,-21747.08,-11790.72,-13544.08,-13230.26,-10633.08,-4905.76,-6952.82
1786312046.622000,1739.95,-21746.01,-11802.26,-13544.35,-13230.26,-10635.23,-4907.37,-6953.90
1786312046.622000,1738.34,-21745.21,-11804.94,-13548.11,-13232.14,-10634.15,-4911.12,-6955.24
1786312046.622000,1741.83,-21744.40,-11798.23,-13549.45,-13233.75,-10630.94,-4915.68,-6950.14
1786312046.650000,1745.05,-21747.62,-11785.63,-13548.11,-13237.24,-10634.15,-4921.05,-6949.60
1786312046.650000,1744.24,-21746.01,-11787.24,-13545.96,-13234.56,-10636.84,-4918.10,-6951.75
1786312046.650000,1745.58,-21741.99,-11795.82,-13545.42,-13228.92,-10636.30,-4914.08,-6951.48
1786312046.650000,1745.85,-21742.26,-11799.31,-13547.03,-13226.51,-10633.89,-4911.39,-6951.48
1786312046.650000,1749.61,-21742.52,-11793.94,-13547.03,-13224.63,-10633.35,-4909.52,-6951.21
1786312046.652000,1750.41,-21745.74,-11796.36,-13546.23,-13223.56,-10631.20,-4907.10,-6952.29
1786312046.652000,1747.46,-21747.62,-11802.26,-13544.35,-13225.71,-10631.20,-4906.30,-6956.04
1786312046.652000,1746.92,-21744.40,-11803.60,-13544.08,-13225.17,-10633.08,-4911.39,-6955.24
1786312046.652000,1749.87,-21740.91,-11799.57,-13545.69,-13223.02,-10630.67,-4913.00,-6953.63
1786312046.652000,1752.29,-21742.26,-11797.43,-13544.35,-13224.90,-10630.13,-4912.20,-6953.09
1786312046.665000,1749.61,-21747.35,-11785.36,-13544.89,-13229.46,-10632.81,-4910.59,-6953.36
1786312046.665000,1747.73,-21744.13,-11779.19,-13541.94,-13228.39,-10634.15,-4910.59,-6954.97
1786312046.665000,1748.53,-21737.96,-11788.58,-13542.74,-13226.78,-10632.01,-4911.66,-6954.97
1786312046.665000,1749.87,-21737.43,-11796.09,-13543.55,-13224.90,-10629.59,-4909.52,-6952.55
1786312046.665000,1753.09,-21737.70,-11791.53,-13542.47,-13226.51,-10631.20,-4916.76,-6950.68
1786312046.668000,1751.48,-21739.57,-11781.60,-13542.74,-13231.07,-10635.23,-4918.10,-6953.63
1786312046.668000,1750.41,-21744.94,-11790.72,-13542.21,-13227.85,-10632.28,-4909.52,-6954.43
1786312046.668000,1750.68,-21744.40,-11801.99,-13540.33,-13222.75,-10632.55,-4906.03,-6953.90
1786312046.668000,1749.87,-21739.57,-11791.53,-13541.40,-13224.10,-10636.84,-4908.44,-6956.04
1786312046.668000,1750.41,-21738.23,-11779.46,-13544.08,-13226.51,-10631.47,-4908.98,-6956.85
1786312046.724000,1751.21,-21737.16,-11775.97,-13544.62,-13226.51,-10628.52,-4909.78,-6956.04
1786312046.724000,1751.21,-21733.67,-11780.80,-13540.06,-13226.78,-10633.08,-4915.68,-6953.90
1786312046.724000,1746.92,-21735.28,-11788.58,-13540.33,-13230.26,-10638.98,-4918.37,-6957.38
1786312046.724000,1746.39,-21738.50,-11788.85,-13542.74,-13227.05,-10635.23,-4910.86,-6957.38
1786312046.724000,1747.73,-21739.04,-11773.02,-13543.55,-13227.31,-10632.55,-4906.30,-6955.50
1786312046.784000,1748.26,-21738.23,-11770.34,-13542.21,-13228.12,-10630.13,-4904.42,-6956.85
1786312046.784000,1748.00,-21738.50,-11782.14,-13542.74,-13226.78,-10633.89,-4905.22,-6956.58
1786312046.784000,1748.80,-21739.84,-11797.70,-13542.21,-13224.36,-10636.03,-4908.71,-6951.75
1786312046.784000,1749.34,-21738.23,-11802.26,-13542.47,-13223.02,-10634.15,-4908.98,-6950.14
1786312046.784000,1748.53,-21735.28,-11783.21,-13544.89,-13225.71,-10636.57,-4912.20,-6952.02
1786312046.802000,1745.85,-21736.62,-11765.24,-13544.35,-13227.85,-10639.25,-4916.22,-6952.55
1786312046.802000,1749.61,-21736.35,-11770.07,-13543.01,-13223.56,-10633.35,-4908.44,-6948.53
1786312046.802000,1749.07,-21735.28,-11781.07,-13542.47,-13221.15,-10632.01,-4902.01,-6948.80
1786312046.802000,1750.68,-21733.94,-11785.90,-13544.08,-13219.80,-10629.33,-4902.81,-6947.46
1786312046.802000,1753.63,-21733.14,-11772.75,-13544.35,-13217.39,-10628.52,-4904.96,-6943.97
1786312046.848000,1754.16,-21735.55,-11762.29,-13542.74,-13218.46,-10630.40,-4906.03,-6943.43
1786312046.848000,1753.63,-21735.55,-11769.27,-13543.28,-13218.46,-10628.52,-4899.06,-6943.43
1786312046.848000,1754.97,-21732.60,-11780.26,-13541.67,-13217.39,-10625.84,-4899.06,-6942.09
1786312046.848000,1753.63,-21729.65,-11778.39,-13540.33,-13217.93,-10629.33,-4906.30,-6943.43
1786312046.848000,1752.82,-21733.14,-11776.24,-13541.67,-13217.93,-10629.06,-4908.17,-6945.31
1786312046.848000,1754.43,-21735.55,-11787.77,-13540.33,-13219.00,-10629.33,-4906.03,-6946.65
1786312046.848000,1753.90,-21735.55,-11788.58,-13540.06,-13218.73,-10631.74,-4903.61,-6949.87
1786312046.848000,1751.75,-21733.14,-11785.09,-13540.86,-13219.00,-10634.42,-4902.54,-6951.48
1786312046.848000,1752.29,-21731.26,-11772.22,-13541.40,-13218.73,-10628.52,-4899.06,-6951.21
1786312046.848000,1752.82,-21732.60,-11764.71,-13543.01,-13217.93,-10627.18,-4900.66,-6950.95
1786312046.848000,1752.29,-21736.09,-11768.73,-13543.01,-13219.80,-10627.72,-4902.27,-6952.02
1786312046.848000,1754.43,-21732.06,-11775.17,-13538.99,-13218.20,-10630.67,-4902.54,-6947.99
1786312046.848000,1752.56,-21729.92,-11779.46,-13536.31,-13216.59,-10632.28,-4903.61,-6948.80
1786312046.848000,1749.87,-21729.65,-11777.04,-13539.79,-13219.27,-10632.28,-4905.49,-6947.99
1786312046.848000,1752.29,-21729.38,-11769.53,-13540.33,-13222.22,-10633.35,-4909.78,-6944.78
1786312046.848000,1753.36,-21730.99,-11771.68,-13541.40,-13220.07,-10630.40,-4906.03,-6943.97
1786312046.848000,1753.63,-21733.40,-11772.22,-13540.86,-13213.90,-10629.33,-4899.59,-6944.51
1786312046.848000,1753.90,-21729.92,-11782.68,-13538.99,-13212.83,-10631.47,-4903.08,-6944.24
1786312046.848000,1753.09,-21730.19,-11777.31,-13541.67,-13215.51,-10631.47,-4907.10,-6944.78
1786312046.848000,1753.09,-21730.19,-11773.29,-13543.55,-13217.12,-10629.86,-4906.03,-6945.31
1786312046.848000,1759.53,-21726.97,-11759.07,-13541.67,-13210.15,-10621.82,-4892.08,-6944.78
1786312046.848000,1756.58,-21728.31,-11769.27,-13538.99,-13212.03,-10623.96,-4892.62,-6946.39
1786312046.848000,1753.90,-21728.84,-11781.87,-13540.33,-13211.22,-10627.18,-4896.10,-6947.46
1786312046.848000,1755.24,-21728.04,-11771.41,-13543.01,-13211.76,-10626.64,-4897.98,-6947.99
1786312046.848000,1756.04,-21726.70,-11761.22,-13544.89,-13213.10,-10624.23,-4899.86,-6946.12
1786312046.850000,1755.77,-21729.65,-11769.27,-13542.47,-13213.90,-10623.69,-4900.93,-6946.12
1786312046.850000,1754.16,-21731.80,-11775.70,-13542.47,-13211.76,-10627.99,-4901.20,-6947.46
1786312046.850000,1752.56,-21727.77,-11774.90,-13543.01,-13211.49,-10630.67,-4900.93,-6950.68
1786312046.850000,1752.56,-21727.50,-11771.41,-13543.55,-13213.10,-10627.18,-4898.25,-6954.16
1786312046.850000,1754.70,-21728.31,-11764.97,-13543.01,-13214.44,-10625.04,-4900.13,-6953.90
1786312046.862000,1756.31,-21726.16,-11759.07,-13540.86,-13215.51,-10627.99,-4905.49,-6952.02
1786312046.862000,1754.16,-21726.43,-11763.90,-13540.06,-13217.12,-10630.40,-4906.83,-6953.36
1786312046.862000,1752.56,-21726.97,-11777.58,-13542.21,-13217.12,-10630.40,-4904.96,-6955.77
1786312046.862000,1754.97,-21724.28,-11767.12,-13544.35,-13213.90,-10626.64,-4901.20,-6956.04
1786312046.862000,1758.99,-21726.97,-11759.34,-13543.28,-13209.61,-10622.62,-4896.91,-6954.16
1786312046.892000,1760.60,-21729.92,-11763.36,-13541.67,-13208.27,-10619.40,-4893.96,-6952.02
1786312046.892000,1760.60,-21729.11,-11767.66,-13541.40,-13209.61,-10620.48,-4893.42,-6952.55
1786312046.892000,1756.85,-21726.43,-11770.87,-13540.60,-13211.49,-10623.96,-4896.37,-6955.24
1786312046.892000,1757.92,-21726.43,-11771.14,-13541.40,-13210.42,-10622.35,-4896.91,-6954.16
1786312046.892000,1757.12,-21727.24,-11764.44,-13541.67,-13212.83,-10623.43,-4898.79,-6956.31
1786312046.907000,1754.70,-21723.21,-11758.00,-13539.52,-13214.98,-10624.77,-4900.93,-6956.58
1786312046.907000,1753.09,-21725.63,-11761.76,-13537.65,-13214.17,-10630.94,-4906.03,-6958.19
1786312046.907000,1754.43,-21724.55,-11772.48,-13538.18,-13213.37,-10628.79,-4903.61,-6956.04
1786312046.907000,1754.97,-21723.48,-11770.07,-13539.52,-13214.17,-10625.04,-4904.15,-6957.38
1786312046.907000,1756.31,-21725.36,-11756.39,-13541.67,-13215.51,-10623.69,-4907.37,-6959.26
1786312046.922000,1756.85,-21725.09,-11756.93,-13541.13,-13214.17,-10625.30,-4898.52,-6956.31
1786312046.922000,1755.51,-21725.36,-11766.32,-13541.67,-13211.49,-10625.84,-4892.89,-6956.31
1786312046.922000,1756.31,-21725.09,-11770.61,-13540.86,-13209.08,-10626.64,-4893.15,-6953.63
1786312046.922000,1755.77,-21725.09,-11774.36,-13543.28,-13210.15,-10625.04,-4895.57,-6952.55
1786312046.922000,1757.92,-21725.36,-11773.29,-13544.35,-13208.54,-10624.50,-4896.37,-6952.02
1786312046.967000,1757.65,-21727.77,-11757.73,-13543.28,-13209.88,-10625.30,-4893.96,-6952.02
1786312046.967000,1757.12,-21726.16,-11761.49,-13538.99,-13212.83,-10627.18,-4893.42,-6952.02
1786312046.967000,1753.36,-21722.14,-11767.39,-13538.45,-13213.90,-10629.59,-4899.59,-6953.36
1786312046.967000,1752.82,-21723.21,-11762.56,-13538.18,-13214.98,-10632.01,-4904.69,-6954.16
1786312046.967000,1753.90,-21722.41,-11753.71,-13539.52,-13216.32,-10632.01,-4904.15,-6953.90
1786312046.995000,1753.63,-21721.87,-11751.83,-13540.86,-13216.32,-10629.86,-4904.15,-6951.21
1786312046.995000,1753.36,-21722.94,-11760.15,-13538.99,-13214.17,-10630.67,-4900.66,-6946.92
1786312046.995000,1749.87,-21725.63,-11774.63,-13538.99,-13215.51,-10634.96,-4899.32,-6951.48
1786312046.995000,1750.95,-21722.94,-11772.48,-13540.86,-13214.71,-10631.74,-4902.27,-6949.87
1786312046.995000,1755.51,-21720.26,-11754.78,-13541.67,-13209.88,-10628.52,-4902.54,-6946.65
1786312046.999000,1758.46,-21722.68,-11755.32,-13541.94,-13206.39,-10626.38,-4895.30,-6945.04
1786312046.999000,1759.26,-21722.14,-11762.02,-13539.26,-13202.10,-10624.50,-4888.59,-6943.43
1786312046.999000,1757.12,-21718.12,-11767.92,-13538.72,-13201.83,-10626.64,-4889.94,-6947.19
1786312046.999000,1760.60,-21714.90,-11761.22,-13538.99,-13201.30,-10623.16,-4893.42,-6945.58
1786312046.999000,1763.02,-21714.36,-11747.54,-13538.18,-13202.37,-10616.99,-4895.03,-6942.63
1786312047.002000,1763.02,-21714.63,-11746.74,-13537.65,-13201.57,-10617.26,-4889.13,-6943.17
1786312047.002000,1762.48,-21717.58,-11753.71,-13535.50,-13200.49,-10619.94,-4892.08,-6943.97
1786312047.002000,1760.60,-21718.12,-11765.51,-13536.04,-13202.37,-10624.50,-4895.30,-6944.78
1786312047.002000,1759.26,-21716.51,-11764.44,-13538.72,-13201.57,-10621.82,-4890.20,-6944.78
1786312047.002000,1761.14,-21717.31,-11748.34,-13540.60,-13201.83,-10619.13,-4885.91,-6946.12
1786312047.027000,1763.02,-21716.24,-11746.20,-13538.72,-13200.22,-10617.26,-4882.16,-6944.51
1786312047.027000,1761.94,-21714.09,-11753.71,-13536.04,-13198.88,-10616.72,-4881.35,-6944.78
1786312047.027000,1761.14,-21714.90,-11759.07,-13536.31,-13201.03,-10619.40,-4887.25,-6945.04
1786312047.027000,1759.26,-21718.12,-11758.81,-13539.79,-13205.05,-10622.35,-4893.96,-6946.12
1786312047.027000,1760.60,-21716.77,-11754.51,-13540.33,-13202.64,-10622.89,-4891.54,-6944.51
1786312047.042000,1761.67,-21715.97,-11748.34,-13537.65,-13203.17,-10620.48,-4890.74,-6942.36
1786312047.042000,1761.14,-21714.09,-11754.51,-13536.04,-13201.03,-10619.40,-4889.13,-6942.09
1786312047.042000,1756.58,-21712.75,-11759.88,-13536.04,-13203.17,-10624.77,-4893.15,-6948.53
1786312047.042000,1756.85,-21714.36,-11754.51,-13538.99,-13202.91,-10625.04,-4894.76,-6947.99
1786312047.042000,1760.33,-21716.51,-11743.78,-13540.06,-13201.57,-10621.55,-4894.76,-6945.85
1786312047.072000,1762.48,-21715.17,-11747.27,-13537.11,-13199.69,-10623.16,-4893.15,-6944.51
1786312047.072000,1764.09,-21715.70,-11762.83,-13535.50,-13197.01,-10621.82,-4888.86,-6942.63
1786312047.072000,1762.75,-21718.92,-11771.14,-13536.84,-13199.42,-10620.48,-4890.74,-6944.78
1786312047.072000,1758.19,-21714.63,-11765.24,-13536.84,-13206.39,-10623.16,-4897.71,-6949.34
1786312047.072000,1759.26,-21716.77,-11751.83,-13538.72,-13206.93,-10621.82,-4894.76,-6951.48
1786312047.087000,1763.02,-21713.56,-11740.83,-13538.18,-13202.91,-10614.57,-4890.74,-6950.14
1786312047.087000,1762.21,-21710.34,-11748.61,-13537.65,-13199.15,-10613.23,-4887.25,-6947.46
1786312047.087000,1760.60,-21709.80,-11758.00,-13535.23,-13196.74,-10617.79,-4885.38,-6949.07
1786312047.087000,1760.60,-21711.41,-11758.54,-13537.65,-13199.96,-10622.08,-4890.20,-6951.48
1786312047.087000,1760.33,-21712.22,-11753.98,-13536.57,-13200.49,-10620.74,-4893.42,-6949.87
1786312047.102000,1761.14,-21710.34,-11748.61,-13533.62,-13198.35,-10619.40,-4891.54,-6949.07
1786312047.102000,1764.63,-21710.07,-11747.54,-13532.55,-13194.06,-10616.45,-4886.45,-6945.31
1786312047.102000,1762.48,-21711.41,-11750.76,-13533.62,-13196.20,-10617.79,-4886.18,-6946.12
1786312047.102000,1761.67,-21710.87,-11747.27,-13535.50,-13199.42,-10620.74,-4885.38,-6949.34
1786312047.102000,1763.28,-21712.22,-11744.59,-13536.04,-13198.08,-10621.28,-4885.91,-6946.92
1786312047.132000,1761.67,-21713.29,-11751.29,-13533.62,-13198.35,-10619.67,-4887.52,-6944.78
1786312047.132000,1759.53,-21712.22,-11757.46,-13534.16,-13199.69,-10616.72,-4887.25,-6945.85
1786312047.132000,1760.33,-21711.95,-11753.17,-13533.89,-13199.69,-10617.26,-4889.40,-6946.65
1786312047.132000,1761.67,-21708.73,-11741.64,-13535.23,-13196.20,-10615.38,-4888.86,-6945.31
1786312047.132000,1767.58,-21706.85,-11735.20,-13537.38,-13191.64,-10611.36,-4881.62,-6940.75
1786312047.147000,1768.11,-21706.58,-11736.54,-13534.96,-13192.98,-10609.21,-4879.21,-6940.75
1786312047.147000,1768.11,-21708.19,-11751.29,-13532.28,-13191.91,-10612.70,-4880.01,-6942.09
1786312047.147000,1766.50,-21712.22,-11771.95,-13531.48,-13193.52,-10615.38,-4881.35,-6943.43
1786312047.147000,1761.94,-21712.75,-11763.10,-13534.96,-13201.03,-10620.74,-4890.74,-6946.12
1786312047.147000,1765.16,-21713.02,-11741.37,-13537.11,-13194.59,-10620.21,-4891.81,-6945.31
1786312047.162000,1764.63,-21710.87,-11742.71,-13535.50,-13191.37,-10616.72,-4888.06,-6946.65
1786312047.162000,1760.33,-21710.07,-11746.47,-13533.62,-13195.93,-10622.89,-4890.20,-6952.02
1786312047.162000,1758.72,-21708.19,-11750.76,-13532.28,-13198.08,-10624.50,-4887.52,-6955.50
1786312047.162000,1762.21,-21705.24,-11744.59,-13533.62,-13195.13,-10617.26,-4883.23,-6952.02
1786312047.162000,1765.70,-21706.31,-11729.57,-13533.35,-13193.79,-10613.23,-4882.16,-6948.80
1786312047.192000,1768.38,-21706.85,-11734.40,-13531.48,-13189.50,-10610.55,-4876.52,-6944.51
1786312047.192000,1769.19,-21706.05,-11751.29,-13529.33,-13186.81,-10614.04,-4875.72,-6943.70
1786312047.192000,1768.11,-21704.44,-11761.22,-13528.53,-13190.03,-10616.45,-4881.62,-6942.90
1786312047.192000,1767.04,-21706.05,-11757.73,-13530.67,-13192.18,-10614.04,-4881.35,-6943.97
1786312047.192000,1768.65,-21707.12,-11734.93,-13532.82,-13191.37,-10611.09,-4881.89,-6942.63
1786312047.207000,1771.33,-21704.97,-11740.57,-13532.01,-13188.69,-10612.16,-4884.84,-6939.14
1786312047.207000,1771.06,-21705.51,-11746.20,-13532.28,-13186.81,-10612.97,-4880.01,-6940.48
1786312047.207000,1769.99,-21703.10,-11744.59,-13532.82,-13185.47,-10614.57,-4873.31,-6940.22
1786312047.207000,1771.33,-21703.36,-11741.64,-13534.16,-13184.94,-10612.16,-4872.23,-6940.48
1786312047.207000,1771.60,-21703.90,-11730.37,-13534.43,-13183.33,-10611.62,-4877.87,-6942.09
1786312047.222000,1773.74,-21702.83,-11729.03,-13532.01,-13181.18,-10610.01,-4876.79,-6939.68
1786312047.222000,1773.48,-21703.36,-11740.57,-13532.28,-13180.64,-10610.01,-4874.38,-6941.29
1786312047.222000,1776.96,-21700.68,-11743.78,-13532.01,-13177.96,-10605.99,-4873.57,-6939.14
1786312047.222000,1775.89,-21702.83,-11743.78,-13533.35,-13179.30,-10605.72,-4871.16,-6941.29
1786312047.222000,1774.82,-21703.36,-11740.30,-13532.28,-13179.03,-10605.46,-4870.09,-6940.75
1786312047.252000,1775.09,-21704.97,-11731.98,-13530.67,-13179.57,-10603.58,-4867.14,-6938.88
1786312047.252000,1774.28,-21702.83,-11737.08,-13528.79,-13180.11,-10604.92,-4870.89,-6939.68
1786312047.252000,1772.67,-21699.07,-11745.93,-13528.79,-13181.99,-10607.06,-4875.18,-6942.63
1786312047.252000,1773.21,-21699.61,-11749.15,-13530.67,-13181.99,-10611.36,-4875.18,-6941.29
1786312047.252000,1773.21,-21700.95,-11734.93,-13532.28,-13180.91,-10611.89,-4874.92,-6939.95
1786312047.267000,1773.74,-21700.95,-11730.91,-13532.01,-13180.64,-10605.99,-4871.43,-6939.14
1786312047.267000,1771.33,-21701.49,-11734.40,-13530.14,-13181.45,-10607.60,-4872.50,-6941.02
1786312047.267000,1770.79,-21700.15,-11735.47,-13530.14,-13180.91,-10607.33,-4873.31,-6942.09
1786312047.267000,1770.26,-21696.12,-11733.86,-13530.14,-13180.64,-10603.85,-4871.16,-6941.29
1786312047.267000,1776.16,-21698.00,-11724.47,-13530.94,-13176.62,-10599.82,-4868.21,-6937.80
1786312047.282000,1777.23,-21699.61,-11732.25,-13529.60,-13174.74,-10598.21,-4863.92,-6937.27
1786312047.282000,1776.70,-21699.61,-11748.61,-13527.45,-13176.89,-10601.70,-4863.38,-6937.27
1786312047.282000,1777.23,-21696.93,-11745.13,-13526.65,-13177.43,-10600.90,-4865.80,-6936.46
1786312047.282000,1777.23,-21692.37,-11729.57,-13527.99,-13177.96,-10601.97,-4867.94,-6937.53
1786312047.282000,1779.11,-21690.76,-11714.28,-13528.79,-13175.55,-10602.50,-4867.40,-6937.27
1786312047.356000,1779.38,-21692.10,-11718.30,-13525.04,-13171.79,-10603.04,-4869.28,-6937.80
1786312047.356000,1779.38,-21693.44,-11734.40,-13524.50,-13172.33,-10604.11,-4874.65,-6937.80
1786312047.356000,1779.65,-21695.59,-11740.57,-13525.31,-13173.94,-10601.70,-4874.11,-6938.07
1786312047.356000,1780.18,-21697.19,-11743.78,-13525.84,-13173.13,-10604.11,-4870.62,-6935.92
1786312047.356000,1779.91,-21695.59,-11729.57,-13527.45,-13172.60,-10605.46,-4866.06,-6936.46
1786312047.356000,1783.40,-21696.39,-11728.23,-13527.45,-13168.84,-10599.02,-4859.63,-6933.78
1786312047.356000,1782.86,-21696.66,-11734.40,-13526.38,-13170.18,-10597.68,-4858.55,-6932.44
1786312047.356000,1780.18,-21693.98,-11738.96,-13526.65,-13173.40,-10599.29,-4864.19,-6934.85
1786312047.356000,1779.91,-21694.24,-11733.86,-13527.19,-13175.55,-10600.09,-4868.21,-6935.12
1786312047.356000,1778.04,-21694.24,-11722.33,-13529.33,-13176.62,-10601.16,-4870.09,-6939.14
1786312047.357000,1781.52,-21696.12,-11720.99,-13528.53,-13170.18,-10601.97,-4862.85,-6935.39
1786312047.357000,1779.91,-21696.93,-11728.50,-13523.97,-13169.11,-10601.97,-4859.63,-6931.90
1786312047.357000,1775.62,-21698.00,-11740.57,-13524.24,-13173.13,-10601.70,-4864.72,-6936.73
1786312047.357000,1777.23,-21695.85,-11747.27,-13527.45,-13172.60,-10600.90,-4865.53,-6935.39
1786312047.357000,1781.26,-21695.05,-11736.01,-13528.79,-13170.18,-10599.29,-4862.58,-6934.32
1786312047.444000,1778.84,-21693.98,-11724.47,-13528.26,-13172.06,-10601.70,-4863.11,-6935.39
1786312047.444000,1775.09,-21693.44,-11728.23,-13526.65,-13176.35,-10604.92,-4867.40,-6934.58
1786312047.444000,1774.28,-21693.98,-11745.13,-13526.92,-13176.89,-10605.99,-4868.21,-6934.05
1786312047.444000,1774.01,-21694.24,-11739.22,-13528.26,-13175.28,-10602.77,-4868.48,-6939.41
1786312047.444000,1775.89,-21692.63,-11716.96,-13530.40,-13175.28,-10600.90,-4869.28,-6940.48
1786312047.519000,1776.43,-21690.22,-11713.48,-13527.72,-13173.13,-10600.63,-4866.33,-6938.34
1786312047.519000,1776.70,-21692.10,-11729.03,-13526.65,-13170.18,-10600.63,-4865.53,-6938.61
1786312047.519000,1776.16,-21692.10,-11734.67,-13527.45,-13170.45,-10602.50,-4865.53,-6937.80
1786312047.519000,1776.43,-21692.90,-11734.40,-13527.99,-13170.72,-10601.97,-4866.87,-6938.88
1786312047.519000,1778.57,-21695.32,-11731.71,-13527.72,-13168.84,-10602.50,-4867.94,-6939.14
1786312047.551000,1780.45,-21695.05,-11730.37,-13526.65,-13167.50,-10599.02,-4863.11,-6937.80
1786312047.551000,1779.91,-21693.98,-11733.06,-13526.65,-13166.43,-10598.21,-4858.82,-6937.80
1786312047.551000,1779.11,-21691.29,-11734.40,-13526.92,-13165.36,-10600.09,-4860.16,-6934.58
1786312047.551000,1777.23,-21691.56,-11732.52,-13527.72,-13169.92,-10604.92,-4867.14,-6940.22
1786312047.551000,1775.62,-21694.24,-11729.30,-13533.89,-13172.06,-10606.53,-4869.28,-6940.22
1786312047.555000,1777.23,-21692.10,-11725.55,-13530.67,-13167.50,-10600.63,-4863.38,-6936.73
1786312047.555000,1776.43,-21692.10,-11734.40,-13525.04,-13169.92,-10602.77,-4864.99,-6946.65
1786312047.555000,1775.09,-21697.19,-11746.20,-13531.48,-13166.43,-10604.65,-4860.70,-6958.19
1786312047.555000,1783.13,-21694.78,-11738.96,-13533.62,-13157.58,-10596.34,-4855.07,-6949.60
1786312047.555000,1773.21,-21692.90,-11728.50,-13531.48,-13174.21,-10607.06,-4871.43,-6941.56
1786312047.557000,1769.72,-21689.42,-11729.57,-13530.94,-13179.30,-10610.55,-4872.50,-6938.07
1786312047.557000,1774.28,-21685.66,-11732.52,-13527.19,-13170.18,-10602.24,-4860.97,-6935.39
1786312047.557000,1776.16,-21683.52,-11733.59,-13525.58,-13167.23,-10599.82,-4858.55,-6943.70
1786312047.557000,1775.09,-21683.78,-11730.91,-13525.04,-13168.04,-10602.50,-4861.77,-6952.55
1786312047.557000,1767.84,-21681.37,-11723.67,-13529.33,-13170.45,-10605.19,-4862.58,-6974.82
1786312047.565000,1776.96,-21678.69,-11719.11,-13528.26,-13157.31,-10588.29,-4843.00,-6961.94
1786312047.565000,1775.62,-21669.57,-11718.30,-13514.58,-13163.48,-10582.92,-4843.27,-6941.56
1786312047.565000,1773.74,-21665.28,-11714.55,-13513.24,-13164.82,-10581.32,-4842.46,-6946.92
1786312047.565000,1774.55,-21665.28,-11712.67,-13514.04,-13158.65,-10579.97,-4837.10,-6958.46
1786312047.565000,1780.45,-21663.67,-11705.70,-13515.92,-13147.12,-10577.02,-4824.22,-6968.11
1786312047.569000,1788.23,-21647.57,-11691.75,-13508.68,-13149.80,-10567.64,-4823.95,-6943.17
1786312047.569000,1784.74,-21641.67,-11688.26,-13516.99,-13150.07,-10569.78,-4826.10,-6947.19
1786312047.569000,1779.38,-21637.38,-11687.73,-13510.82,-13136.39,-10562.27,-4808.40,-6965.43
1786312047.569000,1790.64,-21640.33,-11685.31,-13493.12,-13139.34,-10556.10,-4806.79,-6943.43
1786312047.569000,1799.23,-21640.06,-11680.75,-13489.63,-13144.97,-10559.05,-4815.64,-6923.85
1786312047.581000,1793.86,-21625.31,-11666.54,-13468.45,-13142.02,-10555.57,-4812.42,-6938.07
1786312047.581000,1787.16,-21632.29,-11686.39,-13468.71,-13151.94,-10564.15,-4822.61,-6937.80
1786312047.581000,1783.40,-21636.31,-11690.95,-13475.15,-13154.63,-10573.27,-4827.71,-6939.95
1786312047.581000,1784.21,-21640.60,-11681.83,-13483.20,-13151.41,-10572.20,-4815.64,-6939.41
1786312047.581000,1785.55,-21647.57,-11690.41,-13482.66,-13152.75,-10573.00,-4810.81,-6934.58
1786312047.584000,1782.60,-21647.84,-11690.41,-13483.20,-13153.29,-10576.49,-4819.66,-6935.92
1786312047.584000,1778.84,-21640.87,-11689.34,-13485.07,-13156.77,-10583.19,-4833.34,-6937.80
1786312047.584000,1778.84,-21640.33,-11698.19,-13486.95,-13158.65,-10585.07,-4838.17,-6933.24
1786312047.584000,1782.86,-21647.31,-11692.29,-13491.78,-13153.55,-10580.78,-4829.05,-6930.83
1786312047.584000,1783.13,-21655.08,-11688.53,-13494.73,-13150.60,-10579.17,-4818.05,-6931.36
1786312047.612000,1782.86,-21663.94,-11703.28,-13495.00,-13148.46,-10581.05,-4819.13,-6923.32
1786312047.612000,1781.52,-21671.18,-11726.08,-13496.07,-13152.75,-10583.19,-4825.03,-6918.22
1786312047.612000,1776.70,-21668.76,-11730.91,-13499.02,-13164.55,-10588.56,-4838.17,-6919.56
1786312047.612000,1773.48,-21669.03,-11719.11,-13504.12,-13170.72,-10602.24,-4854.80,-6920.64
1786312047.612000,1772.14,-21671.45,-11706.77,-13508.68,-13168.57,-10605.72,-4858.82,-6920.90
1786312047.627000,1773.48,-21672.52,-11712.40,-13510.02,-13164.01,-10599.02,-4847.82,-6919.03
1786312047.627000,1774.55,-21674.93,-11727.96,-13511.90,-13161.60,-10598.21,-4842.19,-6915.54
1786312047.627000,1773.74,-21680.03,-11760.41,-13511.90,-13163.48,-10600.36,-4846.48,-6915.54
1786312047.627000,1774.01,-21683.25,-11792.60,-13513.77,-13165.09,-10601.70,-4849.97,-6917.95
1786312047.627000,1775.35,-21682.71,-11824.52,-13514.58,-13164.55,-10601.16,-4851.31,-6918.22
1786312047.642000,1775.89,-21682.71,-11863.68,-13514.58,-13165.36,-10599.82,-4853.19,-6915.27
1786312047.642000,1769.72,-21686.73,-11901.50,-13515.65,-13168.84,-10604.11,-4854.80,-6919.03
1786312047.642000,1768.38,-21688.61,-11932.88,-13517.53,-13168.04,-10604.38,-4858.02,-6919.30
1786312047.642000,1769.19,-21688.61,-11951.66,-13517.53,-13168.04,-10605.99,-4860.70,-6919.03
1786312047.642000,1769.72,-21692.90,-11961.85,-13518.60,-13169.38,-10604.65,-4862.58,-6920.37
1786312047.673000,1767.31,-21696.39,-11976.33,-13518.60,-13171.79,-10608.41,-4863.92,-6924.39
1786312047.673000,1765.16,-21694.24,-11990.01,-13521.02,-13173.67,-10612.97,-4865.26,-6925.20
1786312047.673000,1763.02,-21692.90,-11993.23,-13521.02,-13176.89,-10613.23,-4869.82,-6925.46
1786312047.673000,1765.16,-21695.85,-11999.67,-13523.70,-13175.82,-10608.14,-4868.75,-6926.00
1786312047.673000,1771.33,-21694.24,-11996.45,-13526.38,-13170.72,-10604.65,-4862.31,-6921.44
1786312047.745000,1771.33,-21691.56,-11991.08,-13524.77,-13168.31,-10607.33,-4863.11,-6923.05
1786312047.745000,1768.92,-21693.98,-11999.94,-13522.89,-13169.38,-10608.67,-4864.72,-6932.44
1786312047.745000,1772.67,-21693.71,-12007.45,-13524.50,-13168.31,-10608.14,-4863.65,-6929.49
1786312047.745000,1775.62,-21693.71,-12004.50,-13526.92,-13167.77,-10602.24,-4862.31,-6923.32
1786312047.745000,1776.43,-21693.98,-11992.96,-13525.84,-13167.50,-10599.55,-4863.38,-6927.07
1786312047.760000,1776.43,-21694.24,-11997.52,-13523.97,-13166.70,-10600.63,-4859.36,-6928.41
1786312047.760000,1778.30,-21693.98,-12012.01,-13520.75,-13165.09,-10604.38,-4856.41,-6929.76
1786312047.760000,1780.45,-21694.51,-12014.15,-13520.48,-13164.82,-10601.70,-4857.48,-6930.02
1786312047.760000,1780.18,-21693.98,-12011.20,-13522.63,-13167.50,-10597.94,-4860.97,-6934.05
1786312047.760000,1779.11,-21695.59,-12007.45,-13522.89,-13167.77,-10595.26,-4861.24,-6938.34
1786312047.762000,1777.23,-21695.05,-12008.25,-13523.97,-13166.70,-10599.55,-4860.16,-6938.88
1786312047.762000,1776.43,-21692.90,-12008.79,-13523.16,-13165.89,-10602.24,-4855.87,-6937.80
1786312047.762000,1775.62,-21692.63,-12008.79,-13521.28,-13165.89,-10601.70,-4856.41,-6937.27
1786312047.762000,1775.89,-21696.66,-12007.18,-13522.63,-13166.16,-10599.82,-4857.48,-6937.27
1786312047.762000,1779.91,-21694.78,-12000.74,-13522.09,-13163.75,-10597.94,-4858.55,-6932.97
1786312047.775000,1776.43,-21693.44,-12000.74,-13521.02,-13167.50,-10601.43,-4863.11,-6936.73
1786312047.775000,1771.33,-21693.98,-12012.01,-13519.14,-13169.38,-10604.38,-4864.72,-6938.61
1786312047.775000,1774.55,-21693.17,-12009.32,-13519.68,-13165.62,-10603.31,-4860.97,-6935.12
1786312047.775000,1778.84,-21690.76,-11999.13,-13521.82,-13164.55,-10600.36,-4858.55,-6933.78
1786312047.775000,1779.11,-21690.76,-11991.35,-13520.21,-13166.16,-10600.63,-4858.29,-6933.24
1786312047.778000,1776.70,-21690.49,-11995.64,-13519.68,-13164.82,-10600.90,-4857.21,-6932.44
1786312047.778000,1776.43,-21691.56,-12011.74,-13518.60,-13164.28,-10601.70,-4855.07,-6932.17
1786312047.778000,1775.62,-21691.29,-12014.96,-13520.21,-13165.36,-10604.11,-4857.75,-6932.97
1786312047.778000,1773.21,-21691.83,-12002.62,-13521.02,-13166.43,-10605.72,-4861.24,-6935.92
1786312047.778000,1774.82,-21690.76,-11994.30,-13521.28,-13164.82,-10605.19,-4860.16,-6936.46
1786312047.790000,1777.50,-21690.76,-11998.59,-13518.60,-13165.36,-10603.58,-4859.63,-6935.92
1786312047.790000,1775.35,-21692.10,-12012.01,-13515.65,-13165.62,-10603.31,-4860.70,-6938.34
1786312047.790000,1774.28,-21690.76,-12012.54,-13518.07,-13166.70,-10605.72,-4861.77,-6940.48
1786312047.790000,1774.01,-21689.95,-12001.81,-13519.94,-13167.77,-10605.19,-4862.31,-6939.68
1786312047.790000,1776.70,-21688.61,-11992.43,-13518.60,-13165.89,-10604.65,-4859.36,-6934.05
1786312047.820000,1779.11,-21687.54,-11995.11,-13515.65,-13162.14,-10606.53,-4856.41,-6930.56
1786312047.820000,1776.70,-21690.22,-12013.88,-13515.12,-13162.94,-10607.06,-4858.55,-6932.44
1786312047.820000,1774.55,-21694.24,-12022.20,-13518.87,-13162.41,-10601.97,-4858.29,-6931.90
1786312047.820000,1776.16,-21693.98,-12007.45,-13522.09,-13160.53,-10599.29,-4853.19,-6929.49
1786312047.820000,1774.28,-21692.10,-11992.16,-13522.09,-13163.48,-10598.75,-4855.07,-6930.83
1786312047.823000,1773.48,-21690.22,-11996.18,-13519.94,-13165.89,-10600.90,-4860.97,-6932.71
1786312047.823000,1773.74,-21686.47,-12010.13,-13518.33,-13164.82,-10603.58,-4860.43,-6931.36
1786312047.823000,1772.67,-21684.86,-12013.35,-13520.21,-13165.09,-10604.11,-4858.55,-6930.83
1786312047.823000,1776.70,-21687.27,-12007.18,-13522.63,-13161.87,-10601.97,-4855.34,-6928.68
1786312047.823000,1778.57,-21688.88,-12001.28,-13522.36,-13161.87,-10600.90,-4856.68,-6927.88
1786312047.863000,1774.55,-21692.10,-12013.88,-13520.48,-13163.21,-10603.04,-4857.48,-6930.56
1786312047.863000,1774.01,-21690.76,-12020.59,-13523.16,-13160.80,-10601.97,-4852.65,-6934.58
1786312047.863000,1772.94,-21689.42,-12018.71,-13524.50,-13161.60,-10601.70,-4851.58,-6939.95
1786312047.863000,1774.01,-21694.24,-12012.81,-13525.84,-13161.87,-10602.77,-4855.87,-6936.46
1786312047.863000,1775.89,-21692.37,-12002.62,-13526.11,-13162.67,-10603.58,-4857.21,-6934.85
1786312047.881000,1776.70,-21687.27,-12003.42,-13524.77,-13160.80,-10601.97,-4854.53,-6935.12
1786312047.881000,1774.55,-21685.39,-12013.35,-13520.75,-13162.14,-10604.92,-4856.68,-6936.73
1786312047.881000,1767.84,-21689.42,-12022.73,-13525.04,-13168.84,-10614.57,-4866.06,-6947.19
1786312047.881000,1767.58,-21686.73,-12016.57,-13528.53,-13166.16,-10613.23,-4861.77,-6954.16
1786312047.881000,1774.55,-21684.32,-12006.37,-13521.02,-13162.14,-10601.97,-4853.46,-6949.60
1786312047.884000,1765.16,-21682.17,-12012.01,-13522.89,-13174.74,-10608.41,-4863.11,-6947.46
1786312047.884000,1762.48,-21676.54,-12018.17,-13515.92,-13172.60,-10608.41,-4862.04,-6940.22
1786312047.884000,1764.63,-21679.49,-12023.54,-13514.31,-13167.50,-10607.33,-4859.09,-6941.29
1786312047.884000,1768.11,-21676.81,-12023.00,-13513.51,-13166.16,-10604.11,-4855.87,-6943.97
1786312047.884000,1773.74,-21671.98,-12007.45,-13514.04,-13160.26,-10599.29,-4847.29,-6941.29
1786312047.912000,1771.33,-21660.98,-11999.40,-13509.21,-13158.38,-10594.19,-4842.19,-6949.34
1786312047.912000,1775.35,-21652.40,-11998.06,-13507.34,-13151.41,-10582.92,-4831.46,-6950.68
1786312047.912000,1779.11,-21645.16,-11992.69,-13501.44,-13147.38,-10574.07,-4824.76,-6945.31
1786312047.912000,1781.26,-21644.36,-11987.33,-13500.10,-13146.31,-10572.73,-4823.42,-6937.80
1786312047.912000,1786.62,-21640.60,-11979.28,-13498.49,-13139.07,-10567.64,-4815.64,-6936.19
1786312047.927000,1790.11,-21635.77,-11974.45,-13492.32,-13134.51,-10566.56,-4809.47,-6937.27
1786312047.927000,1793.59,-21628.80,-11977.14,-13490.17,-13128.88,-10560.93,-4802.23,-6934.32
1786312047.927000,1797.08,-21624.24,-11973.65,-13488.29,-13124.85,-10552.62,-4795.79,-6933.51
1786312047.927000,1804.59,-21619.68,-11962.92,-13485.07,-13118.69,-10546.71,-4791.50,-6929.49
1786312047.927000,1805.39,-21621.56,-11962.92,-13487.22,-13116.54,-10548.06,-4790.43,-6934.32
1786312047.942000,1804.59,-21617.80,-11964.53,-13487.76,-13112.78,-10542.15,-4780.50,-6942.63
1786312047.942000,1805.93,-21612.17,-11961.58,-13482.66,-13113.86,-10542.15,-4780.23,-6935.66
1786312047.942000,1803.52,-21610.56,-11958.90,-13476.22,-13119.76,-10543.50,-4786.67,-6929.22
1786312047.942000,1799.23,-21612.71,-11958.36,-13475.96,-13122.44,-10544.84,-4789.35,-6931.10
1786312047.942000,1798.42,-21613.51,-11955.14,-13477.83,-13121.90,-10548.06,-4789.62,-6937.27
1786312047.985000,1801.10,-21608.41,-11952.46,-13475.69,-13113.59,-10540.28,-4775.67,-6947.19
1786312047.985000,1803.25,-21609.22,-11957.02,-13479.17,-13105.01,-10534.64,-4766.02,-6956.85
1786312047.985000,1809.15,-21598.76,-11951.39,-13478.37,-13098.57,-10531.96,-4761.99,-6945.85
1786312047.985000,1812.37,-21593.12,-11943.61,-13463.08,-13107.96,-10535.45,-4774.60,-6924.39
1786312047.985000,1806.20,-21603.59,-11940.39,-13466.84,-13123.24,-10537.33,-4778.36,-6917.15
1786312047.990000,1803.79,-21606.27,-11944.95,-13468.45,-13128.88,-10538.13,-4775.41,-6921.98
1786312047.990000,1803.52,-21604.39,-11955.14,-13466.84,-13128.88,-10538.94,-4771.38,-6924.93
1786312047.990000,1805.39,-21606.00,-11965.60,-13466.03,-13127.00,-10537.06,-4769.50,-6927.61
1786312047.990000,1807.27,-21608.41,-11968.29,-13463.89,-13125.93,-10536.25,-4772.19,-6931.63
1786312047.990000,1810.22,-21603.59,-11959.17,-13463.08,-13124.32,-10538.13,-4770.85,-6933.78
1786312048.002000,1805.13,-21600.37,-11948.17,-13463.62,-13129.15,-10541.35,-4772.72,-6937.80
1786312048.002000,1797.88,-21599.56,-11947.63,-13460.40,-13134.51,-10546.71,-4779.43,-6945.04
1786312048.002000,1792.52,-21600.64,-11950.31,-13463.62,-13136.39,-10552.35,-4786.94,-6949.60
1786312048.002000,1788.77,-21602.78,-11947.10,-13466.84,-13139.07,-10554.76,-4792.30,-6952.82
1786312048.002000,1788.50,-21606.27,-11950.85,-13467.10,-13143.09,-10559.05,-4795.52,-6954.16
1786312048.045000,1784.47,-21608.95,-11961.85,-13465.23,-13147.38,-10561.47,-4800.35,-6956.58
1786312048.045000,1783.94,-21616.19,-11977.14,-13468.18,-13145.51,-10562.27,-4798.47,-6954.16
1786312048.045000,1789.03,-21616.19,-11983.04,-13473.00,-13139.34,-10559.05,-4792.03,-6948.53
1786312048.045000,1792.52,-21616.46,-11980.62,-13476.49,-13135.58,-10555.03,-4792.30,-6944.24
1786312048.045000,1794.13,-21624.24,-11979.01,-13478.37,-13135.31,-10555.83,-4792.03,-6943.43
1786312048.048000,1790.64,-21628.26,-11985.99,-13477.83,-13139.34,-10559.59,-4796.06,-6944.78
1786312048.048000,1788.77,-21625.58,-11987.87,-13479.17,-13140.68,-10565.76,-4800.35,-6945.31
1786312048.048000,1789.57,-21623.97,-11986.26,-13482.12,-13139.34,-10565.49,-4797.40,-6942.63
1786312048.048000,1790.11,-21629.07,-11981.16,-13484.81,-13139.07,-10562.54,-4797.40,-6941.56
1786312048.048000,1792.25,-21633.09,-11984.38,-13484.00,-13142.02,-10562.81,-4805.18,-6937.53
1786312048.062000,1795.74,-21634.97,-11994.03,-13483.47,-13139.34,-10565.49,-4804.10,-6933.24
1786312048.062000,1795.20,-21636.04,-12002.08,-13484.00,-13136.66,-10568.44,-4798.74,-6932.17
1786312048.062000,1793.59,-21637.11,-12002.89,-13486.68,-13138.00,-10571.12,-4799.81,-6931.90
1786312048.062000,1794.40,-21645.43,-12001.28,-13490.98,-13141.22,-10573.00,-4803.30,-6929.76
1786312048.062000,1798.15,-21644.36,-12002.62,-13490.44,-13138.53,-10573.54,-4806.79,-6924.39
1786312048.106000,1795.20,-21640.06,-12002.62,-13489.37,-13139.87,-10571.39,-4808.66,-6925.20
1786312048.106000,1793.33,-21641.94,-12010.13,-13490.71,-13141.22,-10572.20,-4807.59,-6923.85
1786312048.106000,1790.64,-21645.96,-12016.57,-13493.66,-13141.22,-10575.41,-4809.47,-6923.85
1786312048.106000,1790.11,-21649.18,-12011.47,-13495.27,-13141.22,-10575.95,-4813.49,-6925.20
1786312048.106000,1792.52,-21651.60,-12008.25,-13496.61,-13142.02,-10577.83,-4814.83,-6924.66
1786312048.109000,1793.06,-21654.28,-12022.73,-13497.41,-13142.29,-10580.78,-4812.69,-6922.51
1786312048.109000,1791.98,-21656.16,-12036.41,-13497.14,-13144.97,-10582.39,-4813.76,-6923.05
1786312048.109000,1790.64,-21657.77,-12036.95,-13498.22,-13148.19,-10584.27,-4818.05,-6924.93
1786312048.109000,1791.18,-21657.77,-12026.22,-13499.56,-13147.12,-10581.58,-4818.86,-6925.73
1786312048.109000,1796.28,-21656.96,-12013.35,-13501.44,-13143.09,-10576.76,-4815.91,-6923.85
1786312048.137000,1796.81,-21657.77,-12017.64,-13499.83,-13140.41,-10576.49,-4812.69,-6921.98
1786312048.137000,1791.98,-21657.23,-12024.08,-13498.75,-13143.36,-10581.32,-4816.98,-6924.93
1786312048.137000,1791.18,-21658.30,-12025.95,-13501.44,-13143.63,-10582.92,-4819.66,-6926.54
1786312048.137000,1792.52,-21659.38,-12019.78,-13503.85,-13144.43,-10581.58,-4819.66,-6926.54
1786312048.137000,1794.67,-21658.57,-12016.83,-13500.63,-13143.09,-10581.58,-4817.52,-6923.59
1786312048.166000,1790.91,-21659.64,-12030.78,-13498.75,-13145.78,-10585.87,-4819.66,-6927.07
1786312048.166000,1789.30,-21662.33,-12040.44,-13500.10,-13146.04,-10585.87,-4821.00,-6928.41
1786312048.166000,1793.33,-21660.45,-12037.75,-13499.29,-13143.36,-10585.87,-4823.42,-6926.00
1786312048.166000,1792.79,-21659.91,-12035.34,-13499.83,-13146.04,-10586.41,-4826.10,-6928.15
1786312048.166000,1792.79,-21662.86,-12038.56,-13501.17,-13145.78,-10583.73,-4822.88,-6926.00
1786312048.169000,1792.25,-21662.06,-12034.80,-13500.36,-13144.17,-10582.66,-4819.66,-6924.66
1786312048.169000,1790.64,-21658.57,-12033.46,-13498.75,-13146.04,-10584.00,-4818.32,-6927.07
1786312048.169000,1791.18,-21658.30,-12028.37,-13498.75,-13145.51,-10585.61,-4821.00,-6930.02
1786312048.169000,1792.79,-21659.91,-12023.54,-13500.36,-13144.97,-10582.66,-4821.54,-6931.90
1786312048.169000,1794.13,-21659.38,-12026.22,-13500.63,-13142.29,-10578.36,-4817.78,-6932.44
1786312048.196000,1793.86,-21658.57,-12029.98,-13501.17,-13142.56,-10579.71,-4817.52,-6932.71
1786312048.196000,1793.86,-21658.57,-12035.34,-13499.83,-13141.22,-10579.97,-4815.10,-6926.00
1786312048.196000,1793.33,-21658.84,-12038.29,-13501.17,-13141.22,-10580.51,-4817.78,-6926.00
1786312048.196000,1794.40,-21661.79,-12032.93,-13503.85,-13142.29,-10581.05,-4819.93,-6925.73
1786312048.196000,1794.67,-21659.91,-12026.76,-13501.44,-13142.29,-10584.53,-4822.08,-6925.20
1786312048.226000,1792.79,-21661.79,-12036.15,-13500.90,-13143.36,-10590.43,-4823.15,-6928.15
1786312048.226000,1794.13,-21662.33,-12053.31,-13499.56,-13140.14,-10587.22,-4821.81,-6925.20
1786312048.226000,1792.52,-21663.94,-12050.90,-13500.10,-13141.22,-10584.53,-4822.08,-6927.61
1786312048.226000,1791.98,-21661.52,-12034.80,-13504.65,-13142.29,-10582.92,-4820.20,-6928.41
1786312048.226000,1790.37,-21658.57,-12027.29,-13505.19,-13144.43,-10583.19,-4818.86,-6927.07
1786312048.229000,1789.57,-21658.30,-12034.80,-13502.24,-13142.56,-10582.92,-4816.44,-6925.73
1786312048.229000,1788.23,-21658.03,-12046.34,-13502.24,-13140.68,-10583.73,-4818.86,-6926.00
1786312048.229000,1787.69,-21659.91,-12048.48,-13503.31,-13142.56,-10584.00,-4823.15,-6927.34
1786312048.229000,1790.64,-21659.64,-12041.78,-13503.85,-13142.56,-10582.92,-4822.88,-6925.20
1786312048.229000,1793.86,-21660.18,-12031.05,-13503.31,-13139.87,-10583.19,-4819.13,-6924.12
1786312048.256000,1793.06,-21658.03,-12038.02,-13501.44,-13139.07,-10584.53,-4818.05,-6925.46
1786312048.256000,1788.50,-21659.11,-12050.90,-13501.44,-13141.22,-10584.27,-4818.32,-6929.49
1786312048.256000,1787.42,-21657.23,-12047.41,-13501.44,-13142.56,-10583.73,-4821.54,-6930.02
1786312048.256000,1790.37,-21657.77,-12042.85,-13503.31,-13141.22,-10581.32,-4821.81,-6929.76
1786312048.256000,1790.91,-21660.45,-12043.39,-13502.51,-13142.29,-10583.73,-4821.81,-6930.02
1786312048.273000,1793.59,-21656.43,-12036.95,-13501.17,-13138.00,-10582.66,-4818.05,-6928.41
1786312048.273000,1792.79,-21654.28,-12043.39,-13500.63,-13136.12,-10580.24,-4816.98,-6929.49
1786312048.273000,1791.98,-21658.57,-12050.09,-13501.97,-13139.07,-10583.46,-4820.73,-6931.90
1786312048.273000,1793.86,-21660.45,-12041.78,-13502.51,-13139.87,-10584.80,-4821.54,-6935.39
1786312048.273000,1793.33,-21658.84,-12034.54,-13501.44,-13139.34,-10584.53,-4820.47,-6939.41
1786312048.377000,1793.59,-21654.55,-12038.29,-13497.95,-13140.68,-10585.61,-4821.54,-6935.12
1786312048.377000,1793.33,-21652.67,-12045.26,-13495.80,-13141.48,-10585.87,-4821.00,-6930.56
1786312048.377000,1789.57,-21655.89,-12047.41,-13498.22,-13144.17,-10593.12,-4827.44,-6932.44
1786312048.377000,1790.37,-21657.23,-12043.39,-13504.92,-13143.09,-10593.92,-4826.64,-6939.41
1786312048.377000,1790.91,-21655.35,-12036.95,-13502.51,-13139.87,-10587.48,-4819.66,-6943.43
1786312048.377000,1786.62,-21655.08,-12042.05,-13496.61,-13145.78,-10589.09,-4823.68,-6939.68
1786312048.377000,1779.91,-21657.23,-12055.46,-13495.00,-13153.29,-10599.82,-4832.54,-6941.56
1786312048.377000,1779.38,-21655.89,-12056.53,-13497.68,-13151.94,-10599.02,-4831.20,-6943.70
1786312048.377000,1782.33,-21650.26,-12041.51,-13499.29,-13147.65,-10588.56,-4823.15,-6945.04
1786312048.377000,1785.55,-21643.82,-12031.32,-13496.61,-13143.09,-10582.92,-4814.30,-6941.56
1786312048.377000,1786.08,-21638.99,-12033.46,-13492.05,-13139.61,-10581.85,-4809.74,-6942.63
1786312048.377000,1789.84,-21633.63,-12036.15,-13487.22,-13133.97,-10578.63,-4805.71,-6940.48
1786312048.377000,1791.98,-21629.60,-12032.66,-13486.42,-13130.49,-10571.12,-4800.08,-6940.75
1786312048.377000,1796.28,-21620.75,-12020.59,-13485.34,-13125.66,-10562.27,-4792.03,-6941.56
1786312048.377000,1800.84,-21615.12,-12009.86,-13481.59,-13120.29,-10555.83,-4785.06,-6936.46
1786312048.377000,1804.05,-21607.34,-12009.32,-13477.30,-13113.86,-10550.20,-4775.14,-6930.83
1786312048.377000,1804.59,-21601.98,-12009.86,-13471.93,-13110.37,-10548.06,-4771.11,-6932.17
1786312048.377000,1807.27,-21597.42,-12007.18,-13469.79,-13107.69,-10542.96,-4768.16,-6931.90
1786312048.377000,1813.44,-21591.78,-11991.62,-13471.40,-13104.20,-10538.40,-4764.68,-6926.00
1786312048.377000,1819.61,-21584.81,-11977.67,-13468.71,-13097.76,-10530.08,-4754.48,-6918.76
1786312048.377000,1823.37,-21585.35,-11984.11,-13467.64,-13091.59,-10524.99,-4744.83,-6912.59
1786312048.377000,1823.90,-21584.81,-11993.23,-13461.74,-13087.04,-10523.65,-4742.41,-6912.86
1786312048.377000,1827.93,-21579.98,-11988.40,-13460.67,-13083.55,-10515.33,-4736.24,-6911.78
1786312048.377000,1827.39,-21574.08,-11976.60,-13456.38,-13087.84,-10515.87,-4740.00,-6916.34
1786312048.377000,1827.66,-21574.89,-11974.19,-13456.38,-13086.77,-10515.87,-4740.54,-6913.66
1786312048.406000,1825.78,-21574.89,-11985.18,-13459.59,-13086.23,-10518.55,-4737.32,-6912.59
1786312048.406000,1825.51,-21565.23,-11976.60,-13454.23,-13083.28,-10511.58,-4729.00,-6912.32
1786312048.406000,1824.71,-21568.99,-11979.28,-13451.55,-13083.28,-10511.85,-4731.15,-6917.69
1786312048.406000,1826.58,-21571.94,-11979.01,-13453.69,-13083.28,-10511.58,-4730.61,-6915.54
1786312048.406000,1832.22,-21574.35,-11979.55,-13453.69,-13079.52,-10511.31,-4727.66,-6909.37
1786312048.408000,1829.53,-21570.33,-11980.62,-13450.47,-13077.92,-10508.63,-4724.44,-6911.25
1786312048.408000,1825.78,-21566.03,-11981.43,-13448.33,-13080.87,-10509.43,-4726.32,-6915.54
1786312048.408000,1823.63,-21562.82,-11976.33,-13451.82,-13081.94,-10510.77,-4730.61,-6919.30
1786312048.408000,1827.39,-21562.01,-11962.92,-13453.69,-13078.45,-10505.41,-4726.59,-6917.95
1786312048.408000,1827.12,-21562.01,-11960.51,-13450.47,-13081.67,-10505.41,-4726.59,-6919.03
1786312048.464000,1824.98,-21558.26,-11970.70,-13445.91,-13083.01,-10509.16,-4727.13,-6921.71
1786312048.464000,1829.00,-21556.92,-11977.94,-13445.65,-13077.11,-10506.48,-4723.37,-6915.54
1786312048.464000,1830.88,-21558.79,-11979.01,-13447.52,-13076.04,-10504.87,-4723.10,-6912.32
1786312048.464000,1831.95,-21559.87,-11970.97,-13447.79,-13076.57,-10501.12,-4724.71,-6913.66
1786312048.464000,1832.49,-21562.01,-11967.21,-13445.11,-13077.38,-10502.99,-4724.18,-6911.25
1786312048.467000,1830.07,-21560.40,-11970.97,-13441.35,-13078.18,-10509.97,-4726.32,-6911.78
1786312048.467000,1827.12,-21564.43,-11983.04,-13441.35,-13084.62,-10520.70,-4735.44,-6914.47
1786312048.467000,1825.78,-21566.30,-11981.70,-13444.84,-13091.06,-10520.70,-4746.97,-6914.47
1786312048.467000,1824.17,-21566.84,-11978.48,-13449.13,-13092.40,-10522.57,-4750.46,-6916.08
1786312048.467000,1823.63,-21570.86,-11982.50,-13448.87,-13090.52,-10523.65,-4746.71,-6917.42
1786312048.473000,1822.83,-21571.94,-11987.60,-13448.33,-13089.45,-10521.23,-4741.07,-6916.88
1786312048.473000,1821.49,-21570.33,-11991.89,-13449.67,-13089.72,-10520.70,-4739.73,-6916.34
1786312048.473000,1822.56,-21574.08,-11997.25,-13454.50,-13090.25,-10519.89,-4740.54,-6915.81
1786312048.473000,1822.02,-21588.30,-12006.64,-13457.45,-13093.47,-10521.23,-4744.02,-6913.13
1786312048.473000,1820.68,-21594.20,-12009.32,-13459.33,-13095.08,-10528.74,-4750.19,-6912.32
1786312048.525000,1819.61,-21588.03,-12002.08,-13456.64,-13095.89,-10529.28,-4751.27,-6912.05
1786312048.525000,1813.98,-21584.27,-11998.06,-13455.84,-13101.79,-10534.11,-4759.04,-6915.81
1786312048.525000,1815.32,-21584.27,-11996.72,-13459.86,-13102.06,-10534.11,-4758.51,-6915.00
1786312048.525000,1818.27,-21588.30,-11994.03,-13463.08,-13100.18,-10531.96,-4756.09,-6915.27
1786312048.525000,1818.27,-21592.86,-11998.06,-13463.62,-13100.18,-10533.30,-4757.43,-6914.20
1786312048.528000,1817.73,-21596.88,-12006.64,-13464.15,-13098.03,-10533.84,-4756.09,-6909.10
1786312048.528000,1818.27,-21600.37,-12017.64,-13466.30,-13097.76,-10534.11,-4758.51,-6906.15
1786312048.528000,1819.07,-21603.59,-12023.54,-13470.86,-13101.79,-10536.79,-4766.02,-6904.27
1786312048.528000,1818.27,-21605.19,-12023.54,-13472.74,-13102.59,-10540.01,-4767.63,-6902.67
1786312048.528000,1818.81,-21608.41,-12018.17,-13473.81,-13102.06,-10542.15,-4765.75,-6903.20
1786312048.531000,1817.20,-21613.78,-12022.73,-13474.61,-13103.40,-10545.64,-4769.50,-6903.47
1786312048.531000,1815.86,-21614.58,-12034.27,-13473.54,-13104.47,-10549.13,-4776.48,-6901.86
1786312048.531000,1819.88,-21615.92,-12034.80,-13473.81,-13104.47,-10546.45,-4777.28,-6899.18
1786312048.531000,1822.02,-21619.68,-12030.51,-13478.64,-13105.54,-10548.32,-4778.09,-6899.18
1786312048.531000,1819.34,-21621.56,-12035.34,-13478.10,-13107.69,-10550.74,-4775.94,-6901.06
1786312048.556000,1817.46,-21621.82,-12045.80,-13475.69,-13108.49,-10552.62,-4776.21,-6901.86
1786312048.556000,1815.59,-21622.36,-12044.46,-13475.42,-13109.83,-10556.10,-4780.77,-6904.54
1786312048.556000,1813.17,-21627.99,-12042.05,-13479.98,-13111.71,-10557.71,-4785.87,-6907.23
1786312048.556000,1813.98,-21629.87,-12035.61,-13483.20,-13112.52,-10558.78,-4786.13,-6909.37
1786312048.556000,1815.59,-21627.19,-12019.25,-13481.32,-13111.71,-10559.05,-4784.26,-6908.30
1786312048.587000,1815.86,-21625.31,-12014.42,-13479.98,-13109.83,-10558.25,-4781.31,-6907.23
1786312048.587000,1814.51,-21628.26,-12023.54,-13481.59,-13111.17,-10559.59,-4783.45,-6909.10
1786312048.587000,1812.64,-21627.46,-12024.88,-13481.86,-13113.05,-10559.59,-4785.87,-6912.59
1786312048.587000,1814.25,-21626.92,-12018.17,-13482.39,-13112.52,-10558.52,-4784.26,-6912.59
1786312048.587000,1816.12,-21627.73,-12014.15,-13482.39,-13111.44,-10559.05,-4785.06,-6908.57
1786312048.590000,1815.59,-21628.26,-12020.86,-13481.05,-13112.52,-10560.39,-4786.67,-6911.25
1786312048.590000,1812.91,-21630.94,-12027.29,-13479.98,-13115.20,-10561.74,-4789.08,-6912.59
1786312048.590000,1814.78,-21632.55,-12024.08,-13480.25,-13115.20,-10562.81,-4790.69,-6910.44
1786312048.590000,1815.32,-21634.97,-12017.37,-13482.39,-13115.20,-10562.81,-4789.89,-6909.91
1786312048.590000,1812.91,-21632.82,-12016.03,-13482.39,-13117.08,-10564.42,-4789.35,-6913.66
1786312048.616000,1813.44,-21630.41,-12024.61,-13478.64,-13114.93,-10562.81,-4785.33,-6912.05
1786312048.616000,1814.51,-21629.87,-12034.00,-13478.64,-13112.25,-10563.08,-4785.60,-6910.44
1786312048.616000,1818.54,-21629.87,-12029.44,-13478.37,-13109.03,-10559.59,-4786.13,-6908.57
1786312048.616000,1818.27,-21632.55,-12028.10,-13480.78,-13110.64,-10560.39,-4787.48,-6910.98
1786312048.616000,1817.46,-21635.77,-12023.54,-13480.78,-13112.25,-10565.49,-4786.67,-6909.91
1786312048.661000,1819.34,-21632.29,-12025.42,-13478.37,-13110.10,-10565.76,-4789.08,-6908.30
1786312048.661000,1813.71,-21632.82,-12031.32,-13478.37,-13112.52,-10566.83,-4790.69,-6912.86
1786312048.661000,1811.03,-21634.70,-12034.00,-13481.32,-13114.93,-10566.03,-4788.55,-6915.81
1786312048.661000,1814.51,-21633.63,-12026.76,-13485.34,-13113.05,-10565.76,-4786.67,-6913.66
1786312048.661000,1814.78,-21633.89,-12025.42,-13486.15,-13112.52,-10567.64,-4786.67,-6911.78
1786312048.675000,1814.25,-21633.09,-12030.24,-13481.86,-13112.25,-10566.29,-4786.67,-6912.59
1786312048.675000,1813.71,-21633.89,-12038.29,-13478.64,-13112.78,-10569.51,-4788.55,-6913.93
1786312048.675000,1809.69,-21635.77,-12036.68,-13481.05,-13118.42,-10573.81,-4794.45,-6913.13
1786312048.675000,1808.08,-21635.77,-12029.71,-13487.22,-13119.76,-10576.22,-4797.40,-6916.34
1786312048.675000,1805.66,-21634.43,-12029.71,-13487.49,-13121.10,-10577.83,-4798.47,-6921.44
1786312048.678000,1799.49,-21634.97,-12037.49,-13481.86,-13126.46,-10579.44,-4799.01,-6926.00
1786312048.678000,1791.72,-21640.06,-12049.82,-13482.12,-13133.97,-10588.83,-4805.98,-6926.81
1786312048.678000,1787.96,-21634.70,-12045.26,-13482.12,-13138.00,-10591.51,-4809.74,-6929.76
1786312048.678000,1788.50,-21635.50,-12036.68,-13485.88,-13136.12,-10590.43,-4807.86,-6931.36
1786312048.678000,1794.67,-21628.26,-12028.90,-13482.39,-13127.80,-10576.76,-4793.64,-6933.78
1786312048.681000,1799.49,-21617.80,-12025.68,-13474.08,-13122.71,-10568.17,-4784.26,-6923.05
1786312048.681000,1801.91,-21611.10,-12031.05,-13470.59,-13116.54,-10564.69,-4778.89,-6917.69
1786312048.681000,1805.39,-21605.73,-12025.42,-13470.59,-13112.25,-10558.78,-4773.26,-6915.81
1786312048.681000,1809.42,-21597.68,-12005.84,-13472.47,-13106.88,-10549.67,-4764.14,-6918.22
1786312048.681000,1816.12,-21588.03,-11995.11,-13462.28,-13098.03,-10540.01,-4751.80,-6913.39
1786312048.707000,1821.22,-21575.15,-11991.35,-13453.69,-13087.57,-10527.40,-4736.51,-6912.05
1786312048.707000,1824.17,-21568.72,-11991.62,-13451.82,-13081.13,-10520.16,-4730.61,-6909.64
1786312048.707000,1831.68,-21567.64,-11987.33,-13450.74,-13075.50,-10513.46,-4723.91,-6906.15
1786312048.707000,1840.26,-21563.89,-11976.06,-13449.13,-13068.26,-10508.36,-4717.20,-6898.91
1786312048.707000,1842.68,-21560.94,-11968.82,-13447.52,-13064.24,-10501.92,-4708.89,-6895.16
1786312048.722000,1842.14,-21557.72,-11972.31,-13442.96,-13062.63,-10501.92,-4705.67,-6897.57
1786312048.722000,1845.63,-21552.09,-11974.99,-13439.75,-13057.26,-10498.43,-4701.64,-6894.89
1786312048.722000,1848.85,-21548.06,-11966.94,-13438.40,-13052.43,-10489.58,-4696.82,-6894.35
1786312048.722000,1850.19,-21542.97,-11958.09,-13437.33,-13052.97,-10483.41,-4692.26,-6895.42
1786312048.722000,1850.99,-21542.43,-11956.48,-13434.38,-13052.70,-10483.95,-4689.04,-6894.62
1786312048.766000,1850.46,-21540.55,-11961.58,-13432.50,-13050.29,-10483.68,-4686.89,-6893.81
1786312048.766000,1848.85,-21540.55,-11968.55,-13431.70,-13049.48,-10484.76,-4687.16,-6895.69
1786312048.766000,1851.53,-21541.09,-11969.63,-13431.16,-13048.14,-10484.49,-4686.89,-6895.96
1786312048.766000,1855.55,-21540.55,-11959.17,-13430.89,-13043.85,-10479.12,-4684.21,-6893.55
1786312048.766000,1857.70,-21538.41,-11950.85,-13429.28,-13040.90,-10474.56,-4681.26,-6890.86
1786312048.769000,1857.16,-21534.65,-11953.27,-13427.14,-13041.44,-10475.64,-4682.33,-6891.40
1786312048.769000,1855.55,-21534.12,-11963.73,-13426.33,-13044.39,-10481.00,-4684.21,-6892.74
1786312048.769000,1852.33,-21536.53,-11959.17,-13430.09,-13049.48,-10488.24,-4690.65,-6895.69
1786312048.769000,1849.12,-21540.55,-11953.80,-13431.70,-13053.51,-10492.00,-4696.28,-6895.42
1786312048.769000,1849.92,-21541.09,-11948.17,-13429.28,-13054.85,-10492.53,-4697.89,-6892.47
1786312048.796000,1848.58,-21543.24,-11952.46,-13428.21,-13057.26,-10496.56,-4708.35,-6892.47
1786312048.796000,1842.41,-21552.36,-11972.58,-13430.36,-13061.55,-10503.26,-4713.98,-6897.03
1786312048.796000,1842.68,-21556.65,-11986.52,-13436.26,-13061.55,-10501.12,-4709.15,-6895.69
1786312048.796000,1842.41,-21555.84,-11974.99,-13438.94,-13064.50,-10503.80,-4711.84,-6896.76
1786312048.796000,1839.46,-21554.50,-11965.60,-13437.60,-13068.26,-10507.82,-4713.71,-6897.84
1786312048.826000,1834.63,-21557.99,-11975.26,-13436.80,-13069.60,-10509.97,-4715.32,-6897.30
1786312048.826000,1828.73,-21561.21,-11980.36,-13441.09,-13076.31,-10511.85,-4722.83,-6902.93
1786312048.826000,1829.80,-21565.50,-11970.70,-13445.65,-13077.38,-10513.19,-4722.30,-6904.54
1786312048.826000,1833.29,-21566.84,-11959.70,-13445.65,-13077.65,-10513.19,-4720.96,-6902.93
1786312048.826000,1836.78,-21570.06,-11962.92,-13445.65,-13076.04,-10513.46,-4721.76,-6898.91
1786312048.829000,1834.90,-21575.42,-11974.19,-13445.91,-13077.38,-10518.28,-4726.32,-6897.57
1786312048.829000,1834.36,-21576.76,-11991.35,-13448.33,-13076.84,-10523.92,-4730.08,-6896.23
1786312048.829000,1834.63,-21580.25,-11988.67,-13451.55,-13075.50,-10525.26,-4732.22,-6895.16
1786312048.829000,1834.09,-21587.49,-11980.36,-13453.69,-13078.99,-10527.94,-4737.05,-6896.23
1786312048.829000,1833.56,-21589.10,-11985.72,-13455.57,-13082.21,-10528.74,-4738.66,-6894.35
1786312048.886000,1834.09,-21590.98,-11990.55,-13456.11,-13083.28,-10531.69,-4738.66,-6892.74
1786312048.886000,1827.66,-21595.54,-11996.45,-13457.72,-13086.23,-10537.33,-4746.97,-6895.69
1786312048.886000,1824.44,-21597.95,-11996.45,-13462.01,-13091.33,-10540.55,-4754.75,-6899.18
1786312048.886000,1829.53,-21600.10,-11988.40,-13463.62,-13089.18,-10538.67,-4754.75,-6894.08
1786312048.886000,1829.00,-21600.10,-11981.96,-13462.54,-13088.38,-10539.20,-4749.39,-6895.69
1786312048.889000,1826.85,-21600.64,-11989.74,-13462.81,-13088.91,-10543.23,-4751.27,-6896.76
1786312048.889000,1824.44,-21606.80,-12004.76,-13463.35,-13090.52,-10546.98,-4756.63,-6896.76
1786312048.889000,1826.32,-21610.83,-12010.66,-13466.30,-13090.52,-10549.13,-4758.24,-6895.16
1786312048.889000,1827.12,-21608.41,-11992.16,-13467.91,-13091.06,-10546.18,-4755.83,-6895.69
1786312048.889000,1827.93,-21605.73,-11991.62,-13467.64,-13091.59,-10546.18,-4752.07,-6894.35
1786312048.892000,1824.17,-21610.56,-12003.15,-13468.98,-13095.08,-10549.67,-4755.29,-6895.69
1786312048.892000,1826.32,-21614.05,-12006.64,-13471.93,-13092.67,-10548.59,-4755.83,-6894.35
1786312048.892000,1827.66,-21611.63,-11997.25,-13473.00,-13091.06,-10548.59,-4759.85,-6893.01
1786312048.892000,1828.46,-21611.90,-11988.40,-13474.35,-13091.59,-10547.79,-4760.38,-6893.81
1786312048.892000,1825.24,-21614.05,-11994.84,-13472.74,-13093.74,-10548.06,-4757.70,-6896.50
1786312048.916000,1825.24,-21615.39,-12008.52,-13471.40,-13096.15,-10551.54,-4758.51,-6896.23
1786312048.916000,1824.71,-21614.85,-12011.20,-13472.47,-13097.23,-10555.03,-4765.48,-6897.30
1786312048.916000,1824.17,-21618.34,-12009.06,-13474.61,-13098.03,-10555.83,-4767.90,-6899.18
1786312048.916000,1825.51,-21619.68,-11992.69,-13476.22,-13099.37,-10555.30,-4765.75,-6897.57
1786312048.916000,1826.32,-21617.26,-11987.60,-13473.00,-13096.96,-10554.22,-4764.14,-6896.50
1786312048.947000,1823.90,-21615.92,-11997.25,-13471.93,-13098.03,-10558.25,-4764.94,-6897.84
1786312048.947000,1823.63,-21619.68,-12011.47,-13472.47,-13095.08,-10556.37,-4763.87,-6895.69
1786312048.947000,1824.98,-21623.43,-12011.20,-13472.47,-13096.15,-10557.44,-4765.75,-6895.96
1786312048.947000,1826.32,-21622.09,-11997.25,-13475.15,-13095.89,-10557.71,-4764.68,-6896.76
1786312048.947000,1826.85,-21621.82,-11994.03,-13475.15,-13094.55,-10559.32,-4762.53,-6898.11
1786312048.974000,1825.51,-21623.17,-12001.81,-13473.81,-13093.74,-10558.52,-4763.34,-6897.84
1786312048.974000,1822.56,-21625.31,-12016.57,-13473.27,-13096.96,-10561.74,-4771.38,-6899.18
1786312048.974000,1823.10,-21622.90,-12006.10,-13477.56,-13098.84,-10564.95,-4774.60,-6899.71
1786312048.974000,1824.17,-21621.29,-11990.28,-13478.91,-13098.84,-10563.88,-4770.04,-6899.71
1786312048.974000,1822.02,-21621.56,-11988.40,-13479.17,-13098.30,-10562.27,-4766.02,-6900.52
1786312049.006000,1820.42,-21623.43,-12007.18,-13476.22,-13099.91,-10560.93,-4766.02,-6899.18
1786312049.006000,1816.93,-21626.12,-12014.69,-13476.49,-13104.47,-10564.69,-4771.65,-6902.40
1786312049.006000,1818.00,-21626.92,-12005.84,-13478.37,-13102.86,-10566.29,-4773.26,-6903.20
1786312049.006000,1819.07,-21626.12,-11998.33,-13477.83,-13102.86,-10565.76,-4775.41,-6904.27
1786312049.006000,1818.27,-21625.85,-11999.67,-13478.37,-13103.13,-10567.64,-4775.94,-6903.74
1786312049.020000,1819.34,-21624.24,-12005.84,-13477.56,-13099.91,-10568.17,-4771.38,-6899.71
1786312049.020000,1819.88,-21623.97,-12009.86,-13478.64,-13099.37,-10566.83,-4772.99,-6900.52
1786312049.020000,1818.54,-21626.38,-12003.42,-13478.37,-13100.71,-10568.17,-4774.33,-6901.06
1786312049.020000,1820.15,-21627.46,-12002.62,-13477.56,-13100.98,-10567.10,-4770.04,-6901.86
1786312049.020000,1818.54,-21629.07,-11998.59,-13479.17,-13102.32,-10566.56,-4770.31,-6903.74
1786312049.024000,1813.98,-21626.92,-11999.40,-13479.44,-13103.40,-10568.17,-4772.72,-6905.08
1786312049.024000,1811.56,-21622.63,-12005.30,-13478.64,-13105.81,-10570.85,-4774.06,-6905.88
1786312049.024000,1816.12,-21618.87,-11998.59,-13479.17,-13103.93,-10569.51,-4774.06,-6901.86
1786312049.024000,1817.73,-21622.36,-11996.45,-13480.52,-13101.79,-10567.37,-4773.80,-6903.47
1786312049.024000,1818.54,-21627.19,-12002.35,-13478.64,-13099.10,-10567.37,-4771.92,-6904.27
1786312049.027000,1818.81,-21626.65,-12002.35,-13477.03,-13098.84,-10569.25,-4770.58,-6904.27
1786312049.027000,1815.05,-21622.90,-11999.40,-13478.64,-13100.45,-10568.44,-4769.77,-6909.10
1786312049.027000,1819.07,-21620.48,-11992.16,-13481.05,-13097.76,-10564.15,-4765.21,-6905.88
1786312049.027000,1821.49,-21623.17,-11991.35,-13478.91,-13097.50,-10564.42,-4763.87,-6903.47
1786312049.027000,1818.54,-21627.19,-12006.10,-13477.30,-13099.64,-10567.90,-4766.55,-6905.62
1786312049.052000,1816.12,-21625.04,-12007.45,-13477.30,-13099.37,-10567.37,-4767.90,-6902.93
1786312049.052000,1815.86,-21625.85,-12004.23,-13477.56,-13098.84,-10564.42,-4767.09,-6902.40
1786312049.052000,1817.20,-21628.80,-12000.74,-13478.91,-13098.30,-10565.49,-4768.16,-6901.59
1786312049.052000,1816.93,-21623.97,-11990.01,-13479.17,-13099.91,-10567.10,-4768.70,-6901.59
1786312049.052000,1816.93,-21621.82,-11989.21,-13476.22,-13100.45,-10567.10,-4770.85,-6901.86
1786312049.067000,1813.98,-21620.22,-11992.69,-13475.69,-13100.18,-10568.98,-4770.04,-6902.40
1786312049.067000,1815.59,-21619.68,-11992.43,-13475.96,-13097.23,-10566.83,-4768.16,-6901.06
1786312049.067000,1817.20,-21621.29,-11990.55,-13477.83,-13097.50,-10566.03,-4770.04,-6900.79
1786312049.067000,1819.88,-21622.36,-11987.60,-13478.64,-13096.15,-10564.15,-4767.09,-6900.25
1786312049.067000,1820.95,-21620.22,-11992.43,-13476.22,-13092.13,-10561.47,-4761.46,-6897.57
1786312049.095000,1820.95,-21619.95,-12005.30,-13477.03,-13093.47,-10562.54,-4764.14,-6897.84
1786312049.095000,1818.27,-21621.82,-12005.84,-13477.30,-13095.62,-10568.17,-4771.92,-6900.79
1786312049.095000,1818.27,-21622.36,-11994.03,-13475.42,-13097.50,-10572.20,-4775.94,-6899.45
1786312049.095000,1819.07,-21621.56,-11985.72,-13477.03,-13097.23,-10568.98,-4769.24,-6900.52
1786312049.095000,1818.81,-21621.82,-11987.06,-13477.83,-13096.42,-10566.29,-4763.34,-6901.59
1786312049.126000,1818.27,-21622.63,-12001.54,-13474.88,-13093.74,-10566.03,-4761.99,-6898.91
1786312049.126000,1820.15,-21622.90,-12006.37,-13474.35,-13092.40,-10565.76,-4762.53,-6898.91
1786312049.126000,1822.56,-21621.56,-11997.25,-13475.96,-13091.06,-10564.95,-4761.46,-6897.57
1786312049.126000,1823.10,-21618.61,-11979.55,-13477.03,-13090.52,-10563.88,-4761.19,-6898.11
1786312049.126000,1820.68,-21616.19,-11984.38,-13474.88,-13089.72,-10563.61,-4764.41,-6897.84
1786312049.129000,1817.46,-21617.53,-11992.69,-13474.61,-13092.94,-10566.29,-4766.55,-6900.25
1786312049.129000,1817.46,-21617.80,-11995.64,-13473.81,-13095.08,-10567.64,-4768.16,-6898.91
1786312049.129000,1818.81,-21619.14,-11996.99,-13473.81,-13093.47,-10567.64,-4769.50,-6896.76
1786312049.129000,1820.42,-21620.48,-11982.23,-13475.15,-13092.13,-10568.17,-4766.82,-6895.69
1786312049.129000,1817.46,-21621.02,-11984.38,-13475.69,-13091.86,-10567.90,-4764.41,-6897.84
1786312049.185000,1819.61,-21617.80,-11990.55,-13475.15,-13090.25,-10565.49,-4762.53,-6895.42
1786312049.185000,1822.02,-21617.53,-11995.11,-13474.35,-13088.38,-10562.27,-4760.12,-6893.28
1786312049.185000,1823.37,-21619.68,-12002.89,-13473.54,-13088.38,-10560.39,-4759.31,-6893.55
1786312049.185000,1823.90,-21623.70,-12002.08,-13475.69,-13087.04,-10564.15,-4759.85,-6892.74
1786312049.185000,1824.98,-21623.97,-11991.08,-13476.22,-13085.69,-10566.29,-4761.19,-6892.74
1786312049.189000,1819.61,-21618.87,-11984.65,-13477.03,-13091.86,-10564.95,-4766.02,-6894.35
1786312049.189000,1818.27,-21615.12,-11992.69,-13478.37,-13091.06,-10565.76,-4769.77,-6893.81
1786312049.189000,1823.63,-21613.78,-11985.72,-13477.56,-13086.77,-10563.08,-4767.36,-6889.52
1786312049.189000,1827.12,-21613.78,-11972.31,-13475.69,-13085.69,-10560.93,-4758.78,-6889.79
1786312049.189000,1824.44,-21615.92,-11975.26,-13473.81,-13085.43,-10563.88,-4756.63,-6890.06
1786312049.192000,1824.98,-21615.66,-11985.45,-13472.20,-13083.01,-10564.95,-4758.78,-6887.64
1786312049.192000,1826.32,-21614.05,-11988.40,-13472.20,-13081.67,-10562.27,-4753.95,-6887.11
1786312049.192000,1828.73,-21612.97,-11980.62,-13473.27,-13082.21,-10560.13,-4753.14,-6885.77
1786312049.192000,1830.07,-21616.46,-11979.82,-13473.27,-13081.94,-10559.05,-4755.83,-6886.57
1786312049.192000,1831.68,-21618.07,-11989.21,-13471.13,-13077.92,-10558.78,-4752.34,-6882.28
1786312049.245000,1832.22,-21613.78,-12004.76,-13470.05,-13073.89,-10557.98,-4750.46,-6881.74
1786312049.245000,1827.66,-21610.29,-11996.99,-13472.20,-13077.65,-10560.13,-4756.09,-6884.96
1786312049.245000,1824.71,-21611.10,-11972.85,-13471.66,-13085.69,-10561.20,-4761.46,-6886.30
1786312049.245000,1825.51,-21610.02,-11965.87,-13470.86,-13085.43,-10556.37,-4756.90,-6884.96
1786312049.245000,1826.05,-21608.15,-11973.65,-13469.52,-13082.74,-10555.03,-4753.95,-6883.62
1786312049.248000,1823.63,-21608.41,-11979.82,-13470.86,-13081.67,-10559.05,-4753.41,-6884.16
1786312049.248000,1825.51,-21606.27,-11977.14,-13470.32,-13078.45,-10557.44,-4749.39,-6883.09
1786312049.248000,1826.32,-21607.07,-11972.31,-13473.00,-13079.26,-10557.71,-4751.80,-6882.28
1786312049.248000,1827.93,-21610.83,-11968.55,-13475.15,-13077.65,-10556.37,-4755.29,-6882.28
1786312049.248000,1827.93,-21611.63,-11974.99,-13470.59,-13077.38,-10556.64,-4754.48,-6882.28
1786312049.251000,1825.24,-21610.29,-11987.33,-13469.79,-13079.52,-10559.86,-4753.95,-6883.62
1786312049.251000,1826.05,-21608.15,-11985.18,-13474.35,-13078.18,-10558.25,-4755.29,-6882.28
1786312049.251000,1827.12,-21611.10,-11982.23,-13475.15,-13078.72,-10556.91,-4758.78,-6882.82
1786312049.251000,1830.88,-21615.66,-11988.67,-13473.00,-13076.57,-10554.76,-4760.12,-6880.94
1786312049.251000,1831.14,-21615.12,-11987.33,-13471.13,-13076.04,-10559.05,-4754.22,-6881.21
1786312049.276000,1831.14,-21608.41,-11979.28,-13470.86,-13076.31,-10559.59,-4748.05,-6877.99
1786312049.276000,1828.73,-21608.95,-11979.01,-13471.13,-13078.18,-10557.98,-4752.61,-6879.33
1786312049.276000,1830.07,-21610.83,-11977.67,-13473.00,-13077.65,-10556.37,-4758.78,-6879.33
1786312049.276000,1832.49,-21610.83,-11964.80,-13473.27,-13074.70,-10555.30,-4754.48,-6880.40
1786312049.276000,1831.95,-21610.29,-11968.29,-13469.79,-13075.23,-10557.71,-4753.14,-6881.48
1786312049.306000,1830.07,-21610.02,-11972.85,-13468.98,-13076.31,-10556.10,-4750.73,-6882.82
1786312049.306000,1827.39,-21607.34,-11974.19,-13469.79,-13076.57,-10554.76,-4752.34,-6886.04
1786312049.306000,1830.07,-21605.46,-11968.29,-13469.79,-13077.92,-10555.03,-4755.29,-6883.35
1786312049.306000,1830.61,-21607.61,-11962.38,-13471.13,-13078.99,-10555.83,-4753.95,-6882.01
1786312049.306000,1828.73,-21610.83,-11971.24,-13470.59,-13078.72,-10557.98,-4751.27,-6884.43
1786312049.309000,1827.66,-21616.73,-11995.11,-13469.52,-13077.92,-10561.47,-4751.80,-6882.82
1786312049.309000,1829.00,-21615.39,-11995.38,-13469.25,-13076.84,-10560.39,-4753.14,-6880.67
1786312049.309000,1830.88,-21610.56,-11981.70,-13471.66,-13075.23,-10556.91,-4750.46,-6880.13
1786312049.309000,1830.88,-21608.41,-11966.41,-13473.00,-13074.70,-10554.76,-4750.73,-6878.79
1786312049.309000,1830.34,-21607.88,-11965.34,-13471.66,-13074.70,-10555.30,-4756.63,-6878.79
1786312049.323000,1829.80,-21605.73,-11975.80,-13470.05,-13075.50,-10557.71,-4754.75,-6880.40
1786312049.323000,1827.39,-21607.61,-11976.06,-13471.93,-13076.84,-10558.25,-4752.61,-6882.55
1786312049.323000,1828.19,-21608.41,-11974.99,-13473.81,-13074.97,-10554.22,-4749.92,-6881.74
1786312049.323000,1830.07,-21607.07,-11963.46,-13472.47,-13074.97,-10551.81,-4749.66,-6881.21
1786312049.323000,1830.34,-21607.07,-11963.73,-13470.05,-13074.97,-10554.22,-4752.07,-6881.48
1786312049.401000,1829.53,-21610.02,-11975.26,-13471.13,-13074.43,-10557.71,-4751.80,-6880.40
1786312049.401000,1828.73,-21608.41,-11981.16,-13470.59,-13074.97,-10559.59,-4751.53,-6881.48
1786312049.401000,1830.34,-21610.02,-11978.21,-13472.20,-13074.16,-10559.86,-4751.27,-6881.48
1786312049.401000,1832.75,-21613.51,-11969.63,-13474.88,-13073.62,-10554.22,-4750.46,-6879.33
1786312049.401000,1832.22,-21609.75,-11973.92,-13472.74,-13073.36,-10555.57,-4750.73,-6879.06
1786312049.401000,1831.68,-21601.98,-11973.92,-13469.25,-13072.01,-10555.30,-4749.92,-6879.87
1786312049.401000,1833.02,-21598.22,-11963.19,-13468.45,-13069.87,-10552.35,-4748.58,-6880.94
1786312049.401000,1835.17,-21598.49,-11955.14,-13468.45,-13069.33,-10550.47,-4748.58,-6879.60
1786312049.401000,1836.78,-21599.56,-11951.66,-13467.64,-13068.80,-10550.47,-4750.46,-6878.26
1786312049.401000,1835.44,-21601.71,-11961.58,-13465.23,-13076.31,-10556.10,-4761.99,-6876.92
1786312049.401000,1833.83,-21604.12,-11972.31,-13463.89,-13077.65,-10557.44,-4766.29,-6878.26
1786312049.401000,1834.09,-21607.34,-11983.84,-13466.57,-13073.36,-10556.91,-4752.07,-6877.72
1786312049.401000,1834.36,-21607.34,-11973.11,-13469.25,-13070.41,-10555.03,-4742.68,-6876.92
1786312049.401000,1835.70,-21607.07,-11956.22,-13468.45,-13066.92,-10548.32,-4740.80,-6878.26
1786312049.401000,1837.85,-21604.12,-11960.24,-13466.30,-13064.50,-10548.32,-4739.20,-6875.04
1786312049.412000,1838.12,-21599.29,-11966.94,-13463.35,-13064.77,-10551.01,-4741.34,-6874.23
1786312049.412000,1834.90,-21600.90,-11968.02,-13465.23,-13065.85,-10554.22,-4745.90,-6877.18
1786312049.412000,1835.70,-21600.37,-11962.92,-13467.37,-13065.85,-10551.01,-4746.44,-6877.45
1786312049.412000,1841.07,-21598.76,-11959.70,-13467.10,-13063.97,-10545.64,-4744.02,-6872.36
1786312049.412000,1838.92,-21601.71,-11961.04,-13465.49,-13064.77,-10549.40,-4741.07,-6873.43
1786312049.427000,1835.44,-21603.85,-11964.53,-13464.96,-13066.92,-10553.42,-4743.76,-6876.92
1786312049.427000,1834.90,-21603.59,-11972.58,-13465.23,-13067.19,-10549.40,-4746.44,-6879.33
1786312049.427000,1834.36,-21602.78,-11964.53,-13464.96,-13067.72,-10553.69,-4749.12,-6877.72
1786312049.427000,1832.49,-21604.93,-11952.73,-13466.57,-13073.89,-10559.05,-4758.51,-6878.26
1786312049.427000,1836.51,-21602.78,-11952.19,-13467.10,-13070.14,-10552.08,-4753.68,-6876.11
1786312049.442000,1837.58,-21598.76,-11964.80,-13462.54,-13067.19,-10547.52,-4747.51,-6875.04
1786312049.442000,1834.36,-21603.05,-11969.36,-13463.62,-13068.26,-10552.88,-4750.46,-6879.60
1786312049.442000,1834.09,-21608.95,-11971.77,-13467.37,-13069.33,-10553.96,-4748.85,-6879.60
1786312049.442000,1833.83,-21605.73,-11969.89,-13468.18,-13069.33,-10554.22,-4746.17,-6881.74
1786312049.442000,1832.49,-21602.24,-11968.55,-13465.23,-13068.26,-10553.69,-4741.34,-6882.55
1786312049.473000,1830.61,-21602.24,-11967.48,-13465.49,-13069.60,-10552.88,-4741.34,-6881.48
1786312049.473000,1828.46,-21599.29,-11961.85,-13467.10,-13073.36,-10554.76,-4745.63,-6884.16
1786312049.473000,1831.95,-21599.03,-11951.66,-13467.37,-13070.14,-10557.44,-4751.00,-6882.82
1786312049.473000,1835.70,-21600.90,-11945.49,-13467.64,-13068.53,-10556.37,-4748.58,-6877.45
1786312049.473000,1835.97,-21601.98,-11952.73,-13465.23,-13066.65,-10549.93,-4741.88,-6875.57
1786312049.489000,1834.09,-21602.24,-11964.26,-13463.62,-13066.92,-10551.27,-4741.34,-6875.84
1786312049.489000,1834.63,-21603.05,-11971.24,-13464.96,-13065.58,-10553.69,-4743.22,-6877.99
1786312049.489000,1837.05,-21601.71,-11970.16,-13465.76,-13065.04,-10549.67,-4744.56,-6876.11
1786312049.489000,1837.31,-21605.46,-11958.63,-13466.57,-13065.31,-10549.40,-4748.05,-6874.77
1786312049.489000,1838.12,-21601.71,-11959.17,-13464.42,-13065.31,-10552.08,-4745.10,-6873.97
1786312049.502000,1836.78,-21599.56,-11965.60,-13462.28,-13065.85,-10554.49,-4741.34,-6874.23
1786312049.502000,1835.44,-21597.68,-11962.65,-13462.28,-13067.19,-10552.08,-4742.41,-6875.57
1786312049.502000,1837.05,-21596.08,-11957.29,-13462.28,-13066.38,-10550.20,-4745.36,-6875.31
1786312049.502000,1834.09,-21599.56,-11959.97,-13462.28,-13067.99,-10550.20,-4747.78,-6875.57
1786312049.502000,1836.24,-21599.56,-11954.34,-13461.20,-13064.50,-10551.54,-4742.41,-6872.89
1786312049.532000,1838.12,-21597.42,-11958.90,-13459.86,-13065.04,-10555.57,-4743.76,-6869.94
1786312049.532000,1836.24,-21596.88,-11958.36,-13462.54,-13064.77,-10557.44,-4747.78,-6868.87
1786312049.532000,1836.24,-21598.22,-11950.31,-13464.69,-13064.77,-10554.22,-4749.66,-6868.06
1786312049.532000,1837.58,-21600.10,-11953.27,-13464.69,-13062.63,-10549.93,-4740.00,-6867.26
1786312049.532000,1839.73,-21599.03,-11960.24,-13463.89,-13057.80,-10547.52,-4731.15,-6867.53
1786312049.590000,1838.12,-21598.49,-11964.53,-13464.69,-13057.53,-10547.52,-4730.34,-6870.21
1786312049.590000,1835.17,-21600.90,-11966.41,-13464.42,-13061.55,-10552.35,-4736.51,-6874.23
1786312049.590000,1836.24,-21603.59,-11968.02,-13464.42,-13062.63,-10555.57,-4741.34,-6874.77
1786312049.590000,1841.87,-21602.51,-11963.73,-13464.96,-13059.94,-10550.47,-4740.00,-6869.14
1786312049.590000,1840.00,-21598.22,-11956.48,-13463.08,-13061.55,-10549.13,-4742.95,-6867.26
1786312049.593000,1841.34,-21594.73,-11959.17,-13462.81,-13061.29,-10548.59,-4741.88,-6867.80
1786312049.593000,1840.00,-21596.34,-11957.56,-13463.62,-13060.75,-10548.59,-4740.27,-6869.41
1786312049.593000,1841.87,-21598.22,-11953.00,-13464.15,-13056.99,-10550.20,-4739.20,-6868.87
1786312049.593000,1841.87,-21596.88,-11947.63,-13465.23,-13058.87,-10551.54,-4741.61,-6869.41
1786312049.593000,1838.39,-21599.03,-11952.19,-13464.96,-13060.75,-10551.54,-4741.34,-6872.36
1786312049.605000,1835.97,-21600.37,-11967.21,-13462.81,-13060.75,-10549.93,-4741.34,-6873.70
1786312049.605000,1837.05,-21596.88,-11968.55,-13463.35,-13062.09,-10554.76,-4744.56,-6871.28
1786312049.605000,1834.90,-21600.10,-11954.87,-13467.37,-13065.85,-10558.25,-4746.97,-6874.77
1786312049.605000,1839.46,-21602.24,-11953.80,-13467.10,-13061.55,-10551.81,-4743.49,-6869.41
1786312049.605000,1837.85,-21600.37,-11966.41,-13464.42,-13062.90,-10553.69,-4744.02,-6867.26
1786312049.608000,1833.56,-21602.51,-11967.75,-13463.35,-13065.58,-10557.71,-4743.76,-6872.36
1786312049.608000,1833.29,-21599.03,-11960.78,-13465.76,-13064.50,-10555.30,-4742.68,-6873.43
1786312049.608000,1838.12,-21595.00,-11952.19,-13466.84,-13062.09,-10550.74,-4743.49,-6870.48
1786312049.608000,1838.39,-21595.00,-11953.80,-13467.10,-13060.21,-10549.40,-4740.54,-6871.82
1786312049.608000,1838.39,-21596.34,-11959.70,-13464.96,-13057.26,-10550.20,-4737.85,-6872.62
1786312049.650000,1838.39,-21595.81,-11959.97,-13463.08,-13057.80,-10550.20,-4738.66,-6872.89
1786312049.650000,1839.19,-21595.54,-11957.29,-13463.89,-13059.68,-10549.93,-4743.22,-6871.28
1786312049.650000,1838.65,-21597.42,-11959.43,-13466.57,-13063.16,-10548.86,-4747.78,-6873.43
1786312049.650000,1841.60,-21602.78,-11957.56,-13465.23,-13058.34,-10552.08,-4742.95,-6871.82
1786312049.650000,1843.48,-21600.64,-11963.19,-13463.08,-13054.85,-10550.20,-4735.71,-6868.33
1786312049.653000,1840.80,-21595.54,-11963.73,-13459.59,-13060.21,-10551.01,-4736.78,-6870.48
1786312049.653000,1836.78,-21595.54,-11951.12,-13459.59,-13065.04,-10557.71,-4747.24,-6875.31
1786312049.653000,1836.51,-21593.39,-11943.07,-13460.67,-13066.92,-10556.10,-4750.46,-6878.79
1786312049.653000,1834.63,-21593.12,-11943.07,-13460.40,-13065.85,-10554.22,-4746.17,-6880.13
1786312049.653000,1832.75,-21592.86,-11947.63,-13459.06,-13063.97,-10552.88,-4741.61,-6879.06
1786312049.667000,1834.36,-21593.12,-11954.87,-13460.40,-13061.55,-10552.35,-4737.59,-6877.45
1786312049.667000,1835.44,-21595.00,-11961.85,-13461.74,-13060.48,-10557.18,-4742.68,-6873.70
1786312049.667000,1837.05,-21598.22,-11957.02,-13463.35,-13060.75,-10555.57,-4744.56,-6872.36
1786312049.667000,1837.58,-21601.98,-11957.02,-13465.76,-13061.29,-10555.03,-4743.76,-6871.82
1786312049.667000,1837.31,-21600.37,-11961.04,-13463.08,-13061.02,-10558.78,-4744.02,-6871.02
1786312049.710000,1833.83,-21598.76,-11962.92,-13462.01,-13062.63,-10561.74,-4748.31,-6873.43
1786312049.710000,1833.83,-21596.88,-11961.85,-13463.08,-13063.16,-10558.25,-4745.36,-6872.89
1786312049.710000,1834.09,-21593.66,-11951.66,-13464.96,-13064.50,-10552.08,-4741.88,-6874.77
1786312049.710000,1833.56,-21591.78,-11945.76,-13463.35,-13063.43,-10552.35,-4740.54,-6876.11
1786312049.710000,1831.68,-21592.86,-11951.12,-13461.20,-13063.97,-10554.22,-4741.07,-6876.92
1786312049.712000,1830.88,-21593.66,-11958.09,-13460.40,-13067.45,-10557.98,-4748.05,-6876.65
1786312049.712000,1833.56,-21595.00,-11956.22,-13461.74,-13064.50,-10559.05,-4751.27,-6875.04
1786312049.712000,1836.24,-21594.73,-11953.27,-13463.35,-13058.60,-10557.18,-4746.44,-6875.31
1786312049.712000,1837.05,-21596.61,-11949.51,-13462.28,-13058.60,-10555.03,-4741.88,-6873.70
1786312049.712000,1837.31,-21594.73,-11953.80,-13460.93,-13059.14,-10555.57,-4738.93,-6872.36
1786312049.769000,1834.63,-21596.61,-11961.31,-13462.28,-13058.87,-10557.71,-4738.39,-6873.70
1786312049.769000,1833.56,-21595.00,-11965.87,-13464.69,-13059.14,-10553.15,-4736.24,-6876.38
1786312049.769000,1835.17,-21593.66,-11951.39,-13463.08,-13060.21,-10554.22,-4739.20,-6877.99
1786312049.769000,1838.12,-21592.05,-11944.95,-13463.08,-13058.07,-10552.62,-4740.54,-6872.36
1786312049.769000,1838.92,-21592.86,-11953.00,-13459.86,-13056.99,-10552.35,-4741.34,-6872.09
1786312049.772000,1834.90,-21593.66,-11958.36,-13459.06,-13061.02,-10557.44,-4745.10,-6873.43
1786312049.772000,1833.83,-21594.20,-11956.22,-13462.28,-13060.21,-10556.37,-4741.61,-6873.43
1786312049.772000,1838.12,-21592.86,-11948.71,-13463.62,-13058.87,-10552.35,-4739.73,-6870.48
1786312049.772000,1838.92,-21595.00,-11944.41,-13463.08,-13058.07,-10555.30,-4739.73,-6869.41
1786312049.772000,1837.05,-21595.54,-11948.44,-13460.93,-13058.60,-10558.25,-4741.07,-6869.94
1786312049.775000,1833.02,-21593.39,-11953.80,-13461.20,-13061.02,-10559.59,-4741.34,-6872.36
1786312049.775000,1832.75,-21591.25,-11950.85,-13463.62,-13061.55,-10557.44,-4741.34,-6872.89
1786312049.775000,1835.97,-21590.17,-11955.14,-13463.35,-13059.41,-10553.96,-4743.22,-6870.48
1786312049.775000,1837.58,-21592.86,-11956.48,-13462.28,-13057.26,-10553.69,-4741.34,-6869.41
1786312049.775000,1833.83,-21595.27,-11956.75,-13462.28,-13059.14,-10556.64,-4742.41,-6873.43
1786312049.786000,1834.09,-21597.95,-11963.99,-13461.20,-13059.94,-10556.37,-4739.20,-6870.75
1786312049.786000,1834.63,-21598.49,-11959.97,-13462.28,-13061.29,-10559.59,-4743.22,-6872.09
1786312049.786000,1836.24,-21595.00,-11945.76,-13464.96,-13059.94,-10561.47,-4747.24,-6872.09
1786312049.786000,1839.73,-21590.44,-11937.44,-13463.89,-13056.46,-10557.44,-4742.68,-6871.02
1786312049.786000,1836.78,-21592.32,-11943.34,-13462.28,-13059.41,-10556.10,-4741.34,-6873.43
1786312049.816000,1835.70,-21593.39,-11955.41,-13459.86,-13056.73,-10554.76,-4736.51,-6872.89
1786312049.816000,1835.44,-21592.32,-11955.95,-13460.93,-13057.53,-10560.39,-4740.54,-6874.77
1786312049.816000,1837.05,-21591.78,-11950.85,-13463.62,-13056.99,-10561.74,-4741.61,-6873.16
1786312049.816000,1836.24,-21592.05,-11948.17,-13463.62,-13056.99,-10557.18,-4737.59,-6873.43
1786312049.816000,1835.70,-21592.05,-11948.44,-13461.74,-13057.53,-10553.15,-4736.24,-6872.89
1786312049.845000,1831.41,-21591.78,-11958.90,-13458.25,-13061.29,-10554.76,-4739.73,-6875.04
1786312049.845000,1831.68,-21591.52,-11955.68,-13460.13,-13061.29,-10555.57,-4739.46,-6873.70
1786312049.845000,1833.02,-21593.66,-11944.41,-13464.42,-13059.41,-10555.83,-4743.22,-6873.43
1786312049.845000,1837.05,-21595.00,-11945.49,-13462.54,-13056.19,-10555.03,-4742.41,-6872.09
1786312049.845000,1835.70,-21594.20,-11947.10,-13460.40,-13059.41,-10557.71,-4743.22,-6872.89
1786312049.875000,1832.75,-21588.03,-11945.76,-13460.67,-13061.55,-10559.05,-4744.56,-6873.97
1786312049.875000,1833.29,-21587.22,-11949.51,-13462.01,-13060.48,-10558.78,-4741.34,-6872.89
1786312049.875000,1834.36,-21591.52,-11953.53,-13462.01,-13059.41,-10560.39,-4741.88,-6874.50
1786312049.875000,1835.17,-21594.20,-11952.46,-13462.01,-13057.26,-10558.25,-4742.41,-6872.89
1786312049.875000,1833.83,-21591.25,-11950.31,-13462.01,-13058.87,-10559.59,-4741.88,-6873.70
1786312049.911000,1831.41,-21588.83,-11950.58,-13463.35,-13060.21,-10560.93,-4739.46,-6875.57
1786312049.911000,1830.07,-21590.17,-11951.66,-13462.54,-13060.48,-10557.44,-4738.66,-6875.84
1786312049.911000,1833.56,-21592.86,-11946.02,-13464.15,-13058.87,-10557.71,-4740.54,-6872.09
1786312049.911000,1836.24,-21593.66,-11940.93,-13463.08,-13058.60,-10553.96,-4737.59,-6868.87
1786312049.911000,1835.44,-21593.39,-11953.27,-13460.93,-13058.60,-10555.57,-4737.85,-6869.67
1786312049.911000,1834.36,-21594.73,-11965.07,-13460.93,-13056.99,-10558.78,-4738.66,-6868.33
1786312049.911000,1832.75,-21593.93,-11951.66,-13462.54,-13059.41,-10560.13,-4740.00,-6871.02
1786312049.911000,1833.56,-21590.17,-11935.83,-13464.15,-13059.94,-10559.86,-4742.15,-6870.75
1786312049.911000,1836.51,-21589.91,-11939.05,-13463.35,-13055.65,-10558.25,-4738.12,-6868.06
1786312049.911000,1838.65,-21590.44,-11953.80,-13461.74,-13052.17,-10556.37,-4736.51,-6865.38
1786312049.911000,1833.56,-21588.03,-11951.66,-13461.74,-13057.26,-10561.20,-4740.54,-6868.33
1786312049.911000,1834.09,-21587.49,-11949.78,-13461.74,-13057.26,-10565.76,-4741.34,-6869.41
1786312049.911000,1836.24,-21592.05,-11944.68,-13463.08,-13055.38,-10557.44,-4738.66,-6867.26
1786312049.911000,1836.51,-21593.66,-11945.22,-13461.74,-13053.24,-10552.88,-4735.17,-6866.72
1786312049.911000,1837.31,-21589.37,-11953.53,-13459.86,-13053.51,-10553.69,-4732.49,-6864.85
1786312049.949000,1836.24,-21588.30,-11957.02,-13459.86,-13054.04,-10552.88,-4732.49,-6866.72
1786312049.949000,1835.70,-21586.15,-11948.97,-13462.54,-13054.04,-10555.03,-4736.51,-6868.33
1786312049.949000,1837.31,-21587.22,-11943.61,-13463.08,-13054.04,-10553.42,-4740.00,-6868.06
1786312049.949000,1841.60,-21590.98,-11939.32,-13460.93,-13049.22,-10551.54,-4736.78,-6866.19
1786312049.949000,1840.26,-21592.32,-11941.73,-13460.40,-13049.22,-10552.88,-4735.44,-6865.65
1786312049.967000,1838.39,-21590.17,-11945.49,-13459.33,-13050.29,-10557.44,-4736.24,-6866.72
1786312049.967000,1839.73,-21589.37,-11952.73,-13460.40,-13049.48,-10560.39,-4734.64,-6869.14
1786312049.967000,1841.07,-21586.69,-11950.85,-13458.52,-13049.48,-10554.49,-4734.64,-6867.53
1786312049.967000,1838.92,-21585.08,-11945.49,-13456.64,-13051.36,-10552.88,-4734.10,-6869.14
1786312049.967000,1838.12,-21583.74,-11940.66,-13458.25,-13049.22,-10549.67,-4728.20,-6870.21
1786312050.009000,1840.26,-21579.98,-11936.90,-13456.91,-13048.41,-10552.35,-4729.00,-6871.28
1786312050.009000,1842.68,-21580.79,-11929.66,-13456.11,-13046.80,-10553.42,-4732.76,-6869.14
1786312050.009000,1843.48,-21584.27,-11928.59,-13456.91,-13047.87,-10552.35,-4735.17,-6869.41
1786312050.009000,1842.95,-21585.35,-11934.76,-13454.50,-13048.41,-10550.74,-4732.76,-6869.94
1786312050.009000,1845.09,-21585.35,-11946.83,-13452.35,-13046.27,-10552.62,-4726.32,-6865.65
1786312050.027000,1843.75,-21587.49,-11953.53,-13450.74,-13047.87,-10553.15,-4724.44,-6864.04
1786312050.027000,1842.95,-21586.69,-11944.15,-13451.82,-13047.34,-10556.10,-4732.76,-6863.51
1786312050.027000,1844.02,-21586.15,-11941.46,-13457.45,-13048.41,-10556.10,-4737.05,-6868.33
1786312050.027000,1843.48,-21585.35,-11932.34,-13456.11,-13048.14,-10552.35,-4730.88,-6870.75
1786312050.027000,1842.41,-21580.25,-11929.66,-13452.08,-13047.87,-10551.54,-4728.20,-6868.60
1786312050.029000,1841.87,-21579.18,-11937.71,-13451.01,-13047.87,-10551.27,-4728.47,-6869.14
1786312050.029000,1841.07,-21578.91,-11936.90,-13454.50,-13047.34,-10551.54,-4728.47,-6870.21
1786312050.029000,1841.07,-21582.13,-11934.76,-13455.84,-13048.68,-10555.83,-4732.22,-6870.21
1786312050.029000,1845.63,-21582.93,-11937.44,-13454.23,-13046.27,-10552.62,-4730.34,-6861.63
1786312050.029000,1844.02,-21582.66,-11940.12,-13453.16,-13047.87,-10551.81,-4729.81,-6861.36
1786312050.033000,1841.34,-21581.86,-11942.00,-13456.91,-13048.68,-10552.35,-4730.61,-6862.70
1786312050.033000,1842.41,-21582.93,-11943.07,-13456.91,-13047.34,-10553.96,-4732.49,-6862.70
1786312050.033000,1845.63,-21585.35,-11942.27,-13457.18,-13045.46,-10552.35,-4727.93,-6861.36
1786312050.033000,1844.56,-21585.61,-11938.51,-13457.98,-13044.12,-10554.76,-4724.44,-6861.36
1786312050.033000,1841.07,-21584.27,-11945.76,-13458.52,-13046.53,-10553.15,-4725.25,-6862.97
1786312050.085000,1839.46,-21585.61,-11949.78,-13457.72,-13046.53,-10553.69,-4728.47,-6862.70
1786312050.085000,1835.97,-21583.47,-11945.49,-13456.91,-13049.75,-10554.49,-4733.83,-6866.19
1786312050.085000,1835.97,-21582.66,-11936.37,-13459.59,-13051.90,-10553.69,-4734.90,-6867.53
1786312050.085000,1837.85,-21581.59,-11927.25,-13457.72,-13050.02,-10555.03,-4731.69,-6867.53
1786312050.085000,1837.85,-21578.37,-11933.42,-13457.18,-13046.53,-10553.96,-4725.78,-6868.06
1786312050.089000,1835.70,-21580.25,-11945.49,-13458.25,-13046.00,-10556.37,-4726.86,-6865.11
1786312050.089000,1836.51,-21581.32,-11939.59,-13459.86,-13047.87,-10557.18,-4730.61,-6862.97
1786312050.089000,1838.39,-21581.86,-11933.69,-13460.13,-13048.14,-10551.81,-4729.54,-6864.31
1786312050.089000,1841.87,-21581.86,-11935.03,-13457.72,-13046.53,-10555.03,-4729.27,-6864.04
1786312050.089000,1841.60,-21582.13,-11945.22,-13456.64,-13044.12,-10557.44,-4729.81,-6862.16
1786312050.092000,1841.07,-21579.98,-11951.12,-13455.57,-13043.31,-10554.49,-4727.66,-6862.43
1786312050.092000,1841.60,-21582.13,-11950.85,-13456.38,-13044.39,-10551.01,-4729.00,-6862.43
1786312050.092000,1841.34,-21585.61,-11934.22,-13459.33,-13045.46,-10550.20,-4730.34,-6864.85
1786312050.092000,1840.80,-21582.13,-11925.37,-13458.25,-13046.00,-10548.32,-4727.13,-6862.97
1786312050.092000,1839.46,-21581.32,-11929.93,-13455.30,-13046.80,-10548.59,-4726.86,-6860.82
1786312050.131000,1838.12,-21576.76,-11938.78,-13454.50,-13045.73,-10554.76,-4728.47,-6861.36
1786312050.131000,1835.97,-21575.96,-11937.44,-13456.38,-13049.22,-10555.83,-4732.76,-6864.31
1786312050.131000,1840.26,-21576.50,-11932.34,-13458.25,-13047.07,-10552.35,-4731.15,-6861.90
1786312050.131000,1840.53,-21576.76,-11928.05,-13458.25,-13046.53,-10554.76,-4729.81,-6861.63
1786312050.131000,1839.73,-21578.91,-11936.90,-13457.98,-13047.07,-10553.69,-4733.56,-6863.77
1786312050.145000,1838.65,-21582.66,-11948.97,-13456.91,-13045.73,-10555.03,-4733.29,-6862.97
1786312050.145000,1839.46,-21581.32,-11940.93,-13457.72,-13044.66,-10551.01,-4730.88,-6862.16
1786312050.145000,1839.19,-21581.32,-11931.54,-13458.52,-13045.46,-10550.20,-4727.13,-6865.65
1786312050.145000,1837.05,-21581.32,-11942.00,-13456.91,-13045.73,-10551.01,-4726.86,-6868.33
1786312050.145000,1838.12,-21582.13,-11941.73,-13456.91,-13044.66,-10551.01,-4723.91,-6868.06
1786312050.148000,1839.46,-21579.45,-11937.71,-13457.18,-13044.92,-10552.08,-4725.25,-6866.19
1786312050.148000,1837.58,-21580.25,-11936.64,-13459.59,-13045.19,-10551.27,-4730.61,-6864.31
1786312050.148000,1839.73,-21580.79,-11931.00,-13459.86,-13045.19,-10551.81,-4731.69,-6864.31
1786312050.148000,1842.14,-21582.93,-11928.05,-13457.72,-13043.05,-10551.81,-4726.32,-6862.70
1786312050.148000,1840.26,-21582.93,-11932.34,-13457.72,-13045.46,-10556.91,-4724.71,-6863.77
1786312050.192000,1841.60,-21578.64,-11948.44,-13458.25,-13044.12,-10555.30,-4725.78,-6862.70
1786312050.192000,1842.14,-21579.45,-11952.46,-13457.98,-13045.46,-10557.71,-4732.76,-6861.36
1786312050.192000,1838.39,-21583.20,-11937.44,-13460.40,-13046.80,-10556.37,-4733.56,-6864.04
1786312050.192000,1838.65,-21586.15,-11932.08,-13457.72,-13046.80,-10552.88,-4729.00,-6864.04
1786312050.192000,1840.00,-21586.15,-11939.59,-13457.18,-13045.19,-10556.91,-4730.61,-6864.31
1786312050.195000,1839.46,-21584.27,-11950.31,-13458.25,-13044.39,-10555.57,-4731.15,-6860.29
1786312050.195000,1840.80,-21581.86,-11946.56,-13457.98,-13045.73,-10557.44,-4731.69,-6858.68
1786312050.195000,1839.73,-21581.32,-11926.98,-13459.06,-13046.27,-10556.37,-4731.15,-6861.63
1786312050.195000,1839.73,-21579.98,-11924.03,-13458.25,-13045.46,-10553.69,-4726.59,-6862.70
1786312050.195000,1837.05,-21580.79,-11936.10,-13457.18,-13045.19,-10556.10,-4726.59,-6864.85
1786312050.207000,1836.24,-21581.32,-11940.93,-13460.93,-13044.12,-10559.05,-4729.81,-6864.85
1786312050.207000,1836.78,-21581.86,-11937.44,-13462.81,-13045.46,-10560.13,-4730.34,-6862.97
1786312050.207000,1838.92,-21583.47,-11936.90,-13459.59,-13044.92,-10556.37,-4725.52,-6862.97
1786312050.207000,1838.65,-21583.20,-11938.51,-13459.59,-13047.34,-10557.71,-4724.44,-6865.65
1786312050.207000,1838.39,-21582.66,-11941.73,-13459.59,-13047.07,-10557.98,-4727.13,-6864.31
1786312050.252000,1837.05,-21581.86,-11943.61,-13460.67,-13048.68,-10557.44,-4732.49,-6864.04
1786312050.252000,1836.78,-21578.10,-11934.49,-13461.20,-13048.14,-10556.91,-4736.24,-6864.58
1786312050.252000,1838.65,-21578.10,-11926.71,-13463.89,-13045.19,-10553.42,-4729.27,-6863.77
1786312050.252000,1837.58,-21579.45,-11926.98,-13461.74,-13045.19,-10551.54,-4723.64,-6864.04
1786312050.252000,1836.78,-21580.25,-11933.69,-13460.40,-13045.19,-10551.81,-4723.91,-6864.04
1786312050.255000,1838.92,-21578.37,-11938.24,-13459.06,-13043.85,-10552.08,-4724.98,-6863.77
1786312050.255000,1843.48,-21576.23,-11935.03,-13460.40,-13040.63,-10551.81,-4727.66,-6861.36
1786312050.255000,1843.75,-21580.52,-11931.54,-13460.93,-13041.17,-10552.88,-4729.81,-6861.63
1786312050.255000,1840.80,-21585.61,-11937.98,-13458.25,-13043.85,-10552.08,-4723.10,-6864.04
1786312050.255000,1841.60,-21580.79,-11948.17,-13455.84,-13041.17,-10551.81,-4722.30,-6862.97
1786312050.266000,1840.26,-21576.23,-11944.41,-13455.84,-13042.51,-10554.22,-4725.78,-6862.16
1786312050.266000,1840.00,-21578.91,-11931.27,-13459.59,-13044.12,-10555.30,-4726.59,-6863.77
1786312050.266000,1843.48,-21578.10,-11922.15,-13460.13,-13042.51,-10555.57,-4727.13,-6862.97
1786312050.266000,1846.43,-21577.03,-11924.30,-13457.98,-13039.56,-10552.35,-4723.37,-6861.36
1786312050.266000,1846.16,-21575.15,-11933.42,-13454.77,-13038.22,-10551.01,-4720.15,-6861.36
1786312050.309000,1841.07,-21573.54,-11937.71,-13455.57,-13043.31,-10555.03,-4723.91,-6864.85
1786312050.309000,1841.87,-21574.62,-11932.34,-13456.38,-13043.31,-10553.42,-4726.05,-6864.31
1786312050.309000,1848.31,-21574.89,-11926.71,-13453.69,-13040.63,-10551.01,-4726.59,-6860.02
1786312050.309000,1848.85,-21576.50,-11929.66,-13451.55,-13039.02,-10555.57,-4723.91,-6860.55
1786312050.309000,1845.36,-21575.96,-11935.03,-13449.94,-13040.10,-10554.76,-4723.10,-6863.77
1786312050.340000,1843.21,-21574.62,-11936.10,-13451.28,-13041.44,-10552.08,-4725.25,-6864.31
1786312050.340000,1845.09,-21573.28,-11928.86,-13453.42,-13040.36,-10552.35,-4726.32,-6863.24
1786312050.340000,1846.43,-21572.20,-11922.69,-13455.03,-13041.17,-10552.88,-4726.32,-6862.70
1786312050.340000,1846.16,-21573.54,-11923.22,-13454.23,-13039.56,-10550.20,-4722.57,-6860.82
1786312050.340000,1843.48,-21574.89,-11933.42,-13451.01,-13040.63,-10556.64,-4722.03,-6861.36
1786312050.372000,1844.82,-21574.62,-11940.93,-13451.55,-13040.63,-10555.03,-4722.83,-6860.02
1786312050.372000,1844.02,-21577.30,-11935.03,-13455.84,-13039.02,-10554.76,-4724.71,-6860.82
1786312050.372000,1845.63,-21580.25,-11925.64,-13457.18,-13036.88,-10556.37,-4726.86,-6859.75
1786312050.372000,1843.75,-21578.37,-11938.51,-13456.11,-13040.10,-10556.37,-4726.59,-6860.29
1786312050.372000,1840.80,-21575.96,-11941.73,-13456.38,-13041.97,-10558.52,-4724.18,-6858.95
1786312050.422000,1838.65,-21577.57,-11940.12,-13456.91,-13042.78,-10558.25,-4723.64,-6860.82
1786312050.422000,1840.26,-21575.96,-11935.03,-13459.33,-13041.17,-10554.49,-4722.57,-6861.63
1786312050.422000,1840.80,-21576.50,-11929.66,-13459.59,-13041.97,-10557.71,-4724.18,-6863.77
1786312050.422000,1841.07,-21574.35,-11924.30,-13458.25,-13043.05,-10553.69,-4722.57,-6862.16
1786312050.422000,1840.80,-21572.20,-11927.78,-13456.38,-13042.51,-10552.88,-4722.57,-6861.09
1786312050.422000,1840.53,-21572.47,-11936.90,-13455.30,-13041.97,-10553.15,-4725.25,-6859.48
1786312050.422000,1840.53,-21575.96,-11939.05,-13456.38,-13042.78,-10552.35,-4724.98,-6863.77
1786312050.422000,1842.14,-21576.23,-11926.17,-13459.59,-13042.78,-10552.08,-4721.22,-6862.97
1786312050.422000,1841.60,-21580.25,-11931.54,-13456.91,-13041.71,-10556.10,-4723.37,-6861.63
1786312050.422000,1842.14,-21581.59,-11942.27,-13454.23,-13040.10,-10559.05,-4727.13,-6860.02
1786312050.422000,1838.39,-21579.45,-11946.29,-13454.50,-13042.78,-10563.34,-4729.00,-6862.97
1786312050.422000,1835.44,-21575.96,-11937.17,-13457.18,-13045.73,-10561.74,-4731.15,-6864.31
1786312050.422000,1837.58,-21573.81,-11920.27,-13458.25,-13046.00,-10560.93,-4729.27,-6862.70
1786312050.422000,1838.39,-21576.76,-11925.37,-13456.11,-13046.80,-10559.86,-4725.78,-6863.24
1786312050.422000,1836.78,-21577.84,-11942.80,-13455.03,-13047.07,-10563.34,-4725.52,-6864.31
1786312050.422000,1838.65,-21574.08,-11941.46,-13458.25,-13043.58,-10559.86,-4723.64,-6862.16
1786312050.422000,1840.26,-21574.35,-11930.73,-13458.52,-13043.85,-10556.91,-4726.59,-6858.95
1786312050.422000,1838.92,-21578.10,-11925.91,-13458.52,-13043.58,-10557.44,-4730.34,-6859.75
1786312050.422000,1841.60,-21578.91,-11934.22,-13456.91,-13041.44,-10556.91,-4725.78,-6858.95
1786312050.422000,1838.92,-21575.42,-11935.03,-13456.64,-13043.31,-10559.59,-4722.57,-6859.75
1786312050.474000,1838.65,-21575.42,-11938.78,-13456.38,-13043.85,-10559.59,-4722.30,-6856.26
1786312050.474000,1842.14,-21577.84,-11939.05,-13458.25,-13042.51,-10559.05,-4723.64,-6855.73
1786312050.474000,1842.68,-21580.25,-11930.47,-13459.59,-13042.51,-10558.25,-4725.52,-6855.99
1786312050.474000,1838.92,-21579.45,-11932.61,-13459.86,-13045.19,-10558.78,-4726.05,-6855.99
1786312050.474000,1836.78,-21575.15,-11929.93,-13459.59,-13046.00,-10559.05,-4726.59,-6858.68
1786312050.492000,1834.63,-21573.54,-11939.59,-13457.45,-13046.80,-10563.08,-4726.32,-6862.70
1786312050.492000,1835.70,-21574.08,-11940.93,-13460.40,-13046.00,-10563.34,-4725.78,-6863.24
1786312050.492000,1840.00,-21575.42,-11931.27,-13461.74,-13041.97,-10557.18,-4721.49,-6860.02
1786312050.492000,1840.53,-21572.74,-11920.27,-13457.72,-13041.17,-10553.42,-4719.88,-6860.29
1786312050.492000,1838.39,-21573.01,-11930.73,-13455.84,-13043.85,-10556.37,-4722.57,-6862.70
1786312050.494000,1838.92,-21574.08,-11942.80,-13457.18,-13044.12,-10557.44,-4722.83,-6860.02
1786312050.494000,1841.60,-21574.62,-11929.13,-13459.06,-13045.46,-10558.78,-4727.39,-6859.48
1786312050.494000,1840.53,-21577.03,-11922.15,-13459.06,-13047.87,-10556.10,-4728.20,-6858.14
1786312050.494000,1838.92,-21578.91,-11929.39,-13457.18,-13047.87,-10560.93,-4727.93,-6858.68
1786312050.494000,1836.24,-21578.91,-11938.51,-13456.38,-13048.14,-10563.08,-4727.13,-6860.02
1786312050.498000,1835.17,-21576.50,-11943.88,-13457.98,-13047.34,-10563.61,-4725.25,-6862.43
1786312050.498000,1836.51,-21576.50,-11939.59,-13460.40,-13045.73,-10561.74,-4725.78,-6864.04
1786312050.498000,1837.05,-21576.76,-11926.17,-13460.40,-13046.00,-10559.59,-4724.98,-6862.16
1786312050.498000,1838.39,-21575.96,-11927.52,-13457.18,-13043.31,-10557.98,-4721.22,-6862.16
1786312050.498000,1837.05,-21572.74,-11934.49,-13456.91,-13042.78,-10562.00,-4723.91,-6861.36
1786312050.506000,1837.31,-21571.94,-11937.71,-13459.06,-13042.24,-10563.08,-4724.71,-6859.48
1786312050.506000,1840.80,-21573.28,-11930.47,-13460.40,-13041.71,-10560.39,-4726.05,-6855.73
1786312050.506000,1842.14,-21575.69,-11927.78,-13459.59,-13043.85,-10558.52,-4730.61,-6856.26
1786312050.506000,1839.73,-21576.23,-11926.17,-13459.06,-13046.00,-10561.74,-4726.59,-6859.48
1786312050.506000,1835.17,-21577.30,-11934.49,-13458.79,-13047.34,-10566.29,-4724.98,-6862.70
1786312050.537000,1831.41,-21579.18,-11946.83,-13458.79,-13050.83,-10567.10,-4730.34,-6865.92
1786312050.537000,1833.02,-21580.52,-11941.46,-13459.06,-13049.48,-10564.95,-4729.27,-6865.65
1786312050.537000,1834.90,-21579.18,-11932.34,-13460.67,-13048.14,-10564.42,-4729.27,-6866.99
1786312050.537000,1832.75,-21578.91,-11937.44,-13460.40,-13049.22,-10564.69,-4726.59,-6868.87
1786312050.537000,1830.34,-21578.37,-11935.83,-13458.79,-13050.83,-10568.44,-4725.25,-6870.48
1786312050.552000,1833.56,-21580.52,-11934.76,-13460.67,-13050.56,-10565.22,-4725.78,-6868.87
1786312050.552000,1837.05,-21580.79,-11930.47,-13461.74,-13047.87,-10564.95,-4727.13,-6863.24
1786312050.552000,1840.80,-21577.57,-11926.71,-13460.93,-13046.00,-10563.08,-4726.59,-6861.90
1786312050.552000,1842.14,-21575.15,-11931.27,-13459.33,-13044.66,-10562.81,-4726.32,-6864.04
1786312050.552000,1839.73,-21576.23,-11935.56,-13458.52,-13046.53,-10563.08,-4725.78,-6861.63
1786312050.567000,1838.65,-21574.35,-11933.42,-13456.38,-13048.68,-10562.81,-4728.20,-6861.36
1786312050.567000,1839.19,-21575.42,-11924.83,-13457.72,-13048.95,-10562.81,-4730.34,-6860.55
1786312050.567000,1841.07,-21577.30,-11923.49,-13458.25,-13044.92,-10561.20,-4726.59,-6860.82
1786312050.567000,1838.39,-21576.76,-11929.93,-13458.79,-13046.80,-10562.54,-4723.91,-6861.90
1786312050.567000,1835.44,-21575.96,-11936.10,-13458.52,-13048.95,-10564.69,-4724.44,-6862.70
1786312050.609000,1833.83,-21573.01,-11948.17,-13456.91,-13050.56,-10564.42,-4726.59,-6864.85
1786312050.609000,1834.90,-21574.08,-11933.69,-13459.59,-13048.68,-10564.42,-4726.32,-6865.65
1786312050.609000,1836.78,-21574.62,-11913.30,-13460.40,-13047.07,-10564.15,-4726.59,-6864.31
1786312050.609000,1835.97,-21574.35,-11916.52,-13457.72,-13047.34,-10564.42,-4723.37,-6865.11
1786312050.609000,1837.05,-21571.67,-11931.54,-13456.11,-13044.92,-10564.42,-4719.08,-6863.24
1786312050.613000,1838.39,-21573.28,-11941.46,-13456.91,-13042.51,-10565.76,-4721.22,-6862.97
1786312050.613000,1838.12,-21576.23,-11935.29,-13458.25,-13044.12,-10561.74,-4721.76,-6862.43
1786312050.613000,1837.05,-21574.62,-11920.01,-13459.59,-13045.46,-10562.27,-4724.44,-6863.51
1786312050.613000,1838.12,-21573.54,-11922.42,-13459.06,-13044.12,-10561.47,-4723.37,-6861.90
1786312050.613000,1838.92,-21573.28,-11931.00,-13456.64,-13041.17,-10561.74,-4718.81,-6859.21
1786312050.656000,1837.58,-21569.52,-11933.69,-13457.72,-13042.51,-10562.27,-4720.15,-6862.16
1786312050.656000,1837.31,-21566.84,-11926.17,-13457.45,-13044.39,-10561.74,-4721.22,-6863.51
1786312050.656000,1835.44,-21569.25,-11920.81,-13457.72,-13046.00,-10560.93,-4723.64,-6865.65
1786312050.656000,1835.17,-21570.86,-11929.39,-13456.91,-13044.66,-10562.81,-4723.64,-6863.77
1786312050.656000,1835.70,-21573.28,-11939.05,-13455.84,-13043.85,-10564.95,-4721.22,-6864.04
1786312050.659000,1833.56,-21576.76,-11943.07,-13455.84,-13046.00,-10568.98,-4721.76,-6866.72
1786312050.659000,1834.09,-21577.57,-11938.51,-13459.86,-13048.68,-10568.71,-4724.98,-6865.92
1786312050.659000,1836.51,-21574.89,-11920.01,-13461.74,-13049.22,-10562.81,-4726.05,-6862.97
1786312050.659000,1835.70,-21570.06,-11914.37,-13458.79,-13046.00,-10563.34,-4723.64,-6863.51
1786312050.659000,1834.36,-21568.18,-11924.03,-13456.91,-13044.12,-10565.76,-4722.30,-6864.85
1786312050.662000,1831.68,-21568.99,-11929.66,-13458.52,-13047.34,-10566.83,-4723.91,-6867.26
1786312050.662000,1831.14,-21572.74,-11927.52,-13460.67,-13050.02,-10567.37,-4727.93,-6865.92
1786312050.662000,1834.36,-21575.69,-11924.30,-13461.74,-13049.48,-10566.29,-4728.47,-6863.51
1786312050.662000,1835.17,-21574.35,-11921.62,-13459.06,-13048.95,-10565.49,-4724.44,-6863.51
1786312050.662000,1829.80,-21573.28,-11928.32,-13459.06,-13049.75,-10569.78,-4726.32,-6867.80
1786312050.687000,1832.75,-21574.08,-11939.32,-13460.40,-13045.19,-10568.44,-4723.64,-6863.77
1786312050.687000,1834.09,-21576.76,-11942.27,-13460.40,-13045.46,-10567.10,-4723.37,-6863.77
1786312050.687000,1832.22,-21574.89,-11932.08,-13459.86,-13047.34,-10568.17,-4723.91,-6866.46
1786312050.687000,1829.80,-21572.20,-11922.69,-13459.06,-13049.48,-10568.71,-4726.32,-6866.72
1786312050.687000,1827.39,-21573.28,-11924.83,-13458.79,-13052.97,-10569.51,-4728.47,-6868.33
1786312050.744000,1827.39,-21574.08,-11936.10,-13460.93,-13053.51,-10569.51,-4727.93,-6869.41
1786312050.744000,1832.75,-21574.89,-11929.66,-13463.08,-13050.29,-10570.05,-4727.93,-6869.14
1786312050.744000,1835.70,-21577.57,-11916.52,-13462.54,-13047.34,-10567.90,-4723.91,-6866.72
1786312050.744000,1835.44,-21578.10,-11923.76,-13461.20,-13045.73,-10569.51,-4723.37,-6864.85
1786312050.744000,1834.90,-21574.08,-11932.88,-13458.79,-13044.12,-10570.32,-4722.30,-6863.77
1786312050.760000,1835.44,-21572.20,-11941.73,-13458.52,-13044.66,-10568.44,-4720.42,-6861.90
1786312050.760000,1833.83,-21574.08,-11935.03,-13459.86,-13049.75,-10571.66,-4725.52,-6862.16
1786312050.760000,1833.56,-21575.96,-11923.49,-13461.20,-13050.02,-10577.83,-4730.34,-6861.90
1786312050.760000,1834.36,-21572.74,-11925.64,-13460.67,-13046.80,-10574.07,-4725.25,-6860.82
1786312050.760000,1830.88,-21574.62,-11936.90,-13459.86,-13046.80,-10571.12,-4723.91,-6862.70
1786312050.763000,1828.46,-21575.42,-11936.90,-13459.86,-13048.14,-10569.51,-4724.44,-6864.85
1786312050.763000,1830.34,-21572.74,-11929.39,-13461.47,-13046.00,-10567.64,-4724.44,-6864.58
1786312050.763000,1834.09,-21575.42,-11923.76,-13463.89,-13043.31,-10565.76,-4720.42,-6862.97
1786312050.763000,1834.36,-21576.76,-11922.96,-13465.23,-13043.85,-10566.03,-4717.74,-6862.70
1786312050.763000,1836.24,-21575.42,-11936.37,-13461.20,-13043.85,-10570.32,-4722.57,-6858.14
1786312050.776000,1837.05,-21577.84,-11944.68,-13460.93,-13044.66,-10571.12,-4728.20,-6857.34
1786312050.776000,1837.05,-21579.45,-11932.88,-13463.08,-13045.73,-10571.66,-4729.27,-6857.07
1786312050.776000,1833.83,-21577.57,-11924.83,-13463.35,-13046.80,-10570.32,-4726.86,-6859.48
1786312050.776000,1831.14,-21572.74,-11921.62,-13460.93,-13046.00,-10570.85,-4724.18,-6863.51
1786312050.776000,1827.12,-21572.74,-11929.39,-13460.13,-13049.48,-10571.93,-4724.18,-6868.87
1786312050.792000,1826.32,-21572.74,-11929.39,-13460.93,-13052.70,-10571.12,-4725.25,-6872.36
1786312050.792000,1830.07,-21572.74,-11925.37,-13462.01,-13051.09,-10569.51,-4725.78,-6870.21
1786312050.792000,1829.53,-21573.28,-11923.49,-13462.01,-13051.36,-10568.44,-4725.78,-6869.67
1786312050.792000,1830.07,-21573.28,-11925.64,-13462.28,-13048.41,-10570.85,-4725.78,-6868.87
1786312050.792000,1833.83,-21575.15,-11943.07,-13461.47,-13046.80,-10574.34,-4725.78,-6864.58
1786312050.820000,1835.70,-21580.25,-11951.66,-13461.47,-13046.80,-10578.36,-4728.73,-6865.38
1786312050.820000,1834.90,-21579.98,-11934.76,-13463.08,-13049.75,-10579.71,-4730.34,-6869.67
1786312050.820000,1834.09,-21579.98,-11927.25,-13462.01,-13048.95,-10574.07,-4726.59,-6869.41
1786312050.820000,1834.09,-21575.69,-11923.49,-13460.13,-13046.53,-10573.81,-4724.18,-6868.06
1786312050.820000,1833.02,-21568.72,-11924.03,-13458.52,-13045.46,-10572.20,-4725.52,-6868.06
1786312050.850000,1831.41,-21566.84,-11925.64,-13458.52,-13048.14,-10571.39,-4726.32,-6868.60
1786312050.850000,1831.95,-21567.38,-11921.35,-13461.20,-13050.56,-10570.85,-4726.59,-6869.41
1786312050.850000,1830.88,-21570.06,-11915.98,-13460.93,-13051.09,-10570.85,-4724.98,-6871.02
1786312050.850000,1829.53,-21570.86,-11924.30,-13458.52,-13052.70,-10575.15,-4727.13,-6872.09
1786312050.850000,1829.27,-21575.15,-11943.34,-13458.79,-13053.51,-10580.24,-4729.00,-6869.41
1786312050.879000,1828.19,-21575.69,-11945.49,-13460.13,-13055.38,-10579.44,-4732.22,-6868.33
1786312050.879000,1826.58,-21575.96,-11938.24,-13460.67,-13056.19,-10579.44,-4733.56,-6868.06
1786312050.879000,1827.12,-21576.76,-11928.86,-13462.01,-13054.85,-10578.90,-4731.42,-6868.33
1786312050.879000,1826.85,-21574.62,-11924.57,-13460.93,-13056.19,-10578.90,-4732.49,-6869.67
1786312050.879000,1826.32,-21575.96,-11930.20,-13459.86,-13056.99,-10581.05,-4733.83,-6868.87
1786312050.882000,1824.17,-21576.50,-11936.37,-13460.67,-13056.73,-10584.27,-4735.98,-6872.09
1786312050.882000,1823.63,-21577.57,-11933.69,-13463.62,-13055.65,-10580.78,-4733.03,-6874.77
1786312050.882000,1827.93,-21575.42,-11930.47,-13465.49,-13052.70,-10574.88,-4727.93,-6872.09
1786312050.882000,1829.00,-21571.94,-11932.88,-13462.54,-13050.83,-10574.07,-4726.86,-6869.14
1786312050.882000,1826.32,-21571.13,-11936.10,-13460.67,-13051.90,-10577.83,-4729.00,-6868.60
1786312050.886000,1827.66,-21574.08,-11946.29,-13460.40,-13051.63,-10583.46,-4730.61,-6866.46
1786312050.886000,1829.53,-21575.69,-11938.24,-13463.62,-13052.70,-10582.92,-4730.61,-6866.19
1786312050.886000,1830.07,-21578.64,-11933.69,-13466.30,-13052.17,-10578.90,-4729.27,-6864.85
1786312050.886000,1826.85,-21578.10,-11925.91,-13465.23,-13053.51,-10581.85,-4728.20,-6866.72
1786312050.886000,1826.32,-21575.42,-11927.25,-13463.62,-13050.83,-10582.66,-4727.13,-6867.53
1786312050.932000,1826.85,-21572.74,-11929.13,-13463.89,-13050.02,-10576.22,-4726.05,-6866.46
1786312050.932000,1827.66,-21571.94,-11922.42,-13466.30,-13050.02,-10570.85,-4725.78,-6864.85
1786312050.932000,1831.68,-21574.08,-11918.93,-13463.62,-13046.00,-10571.66,-4723.64,-6862.43
1786312050.932000,1829.53,-21575.42,-11935.29,-13461.74,-13047.34,-10574.61,-4723.91,-6863.24
1786312050.932000,1828.46,-21575.69,-11942.54,-13462.28,-13049.48,-10576.22,-4726.59,-6863.77
1786312050.941000,1830.61,-21575.69,-11939.05,-13462.28,-13048.14,-10579.17,-4731.15,-6863.51
1786312050.941000,1832.22,-21573.54,-11935.03,-13463.08,-13049.22,-10578.90,-4732.49,-6864.04
1786312050.941000,1829.53,-21574.89,-11925.64,-13464.96,-13054.85,-10577.83,-4731.15,-6866.72
1786312050.941000,1828.19,-21578.91,-11925.64,-13463.62,-13053.78,-10578.90,-4726.32,-6869.67
1786312050.941000,1827.66,-21576.50,-11934.22,-13459.86,-13053.51,-10577.56,-4723.64,-6868.06
1786312050.956000,1828.19,-21576.23,-11935.56,-13459.86,-13050.83,-10576.22,-4724.18,-6866.72
1786312050.956000,1830.34,-21576.23,-11928.59,-13461.20,-13050.56,-10578.63,-4730.88,-6865.38
1786312050.956000,1831.41,-21573.28,-11917.86,-13464.15,-13050.56,-10582.66,-4732.49,-6865.38
1786312050.956000,1832.22,-21571.67,-11923.76,-13461.20,-13049.48,-10579.71,-4724.71,-6866.72
1786312050.956000,1830.34,-21574.62,-11936.37,-13459.06,-13052.17,-10576.22,-4723.10,-6866.99
1786312050.986000,1829.00,-21575.96,-11929.93,-13460.13,-13054.04,-10576.49,-4727.66,-6867.26
1786312050.986000,1829.00,-21574.35,-11928.32,-13460.40,-13053.51,-10578.90,-4731.69,-6868.87
1786312050.986000,1830.88,-21576.76,-11927.52,-13461.47,-13050.83,-10583.19,-4730.88,-6868.60
1786312050.986000,1829.53,-21576.50,-11928.86,-13462.54,-13052.70,-10584.27,-4727.66,-6869.41
1786312050.986000,1827.39,-21576.50,-11935.56,-13461.74,-13051.63,-10581.85,-4724.71,-6870.21
1786312050.990000,1830.88,-21575.42,-11938.78,-13462.54,-13050.56,-10582.12,-4725.78,-6866.99
1786312050.990000,1831.68,-21574.08,-11928.86,-13463.62,-13051.36,-10580.51,-4727.66,-6864.04
1786312050.990000,1830.34,-21574.89,-11924.03,-13464.42,-13052.97,-10579.71,-4725.78,-6865.92
1786312050.990000,1829.80,-21574.35,-11932.88,-13461.74,-13051.90,-10577.56,-4723.10,-6866.72
1786312050.990000,1828.19,-21570.33,-11932.34,-13460.67,-13051.63,-10579.71,-4723.91,-6866.99
1786312051.045000,1829.00,-21569.79,-11923.49,-13461.74,-13051.90,-10579.71,-4725.78,-6867.26
1786312051.045000,1829.27,-21570.86,-11919.20,-13462.54,-13051.90,-10580.51,-4727.39,-6865.92
1786312051.045000,1830.88,-21574.62,-11919.47,-13463.62,-13050.02,-10578.10,-4723.64,-6866.46
1786312051.045000,1829.00,-21576.76,-11927.52,-13463.62,-13049.22,-10578.36,-4724.98,-6866.72
1786312051.045000,1826.32,-21572.47,-11935.83,-13461.20,-13050.02,-10578.63,-4728.47,-6865.38
1786312051.048000,1823.63,-21571.40,-11935.03,-13463.08,-13055.65,-10585.61,-4733.03,-6870.75
1786312051.048000,1824.98,-21572.20,-11926.17,-13466.03,-13056.46,-10586.41,-4733.03,-6868.06
1786312051.048000,1825.78,-21574.35,-11923.22,-13467.10,-13055.92,-10581.05,-4727.66,-6866.99
1786312051.048000,1828.19,-21578.91,-11937.71,-13466.57,-13051.63,-10580.24,-4727.13,-6864.31
1786312051.048000,1829.80,-21576.23,-11938.78,-13463.89,-13047.87,-10583.73,-4730.34,-6864.04
1786312051.052000,1833.02,-21573.54,-11938.24,-13463.08,-13046.00,-10581.58,-4725.25,-6861.63
1786312051.052000,1833.02,-21572.20,-11932.08,-13464.96,-13046.00,-10578.36,-4719.88,-6861.36
1786312051.052000,1833.02,-21572.74,-11928.32,-13464.42,-13046.53,-10578.63,-4717.20,-6862.97
1786312051.052000,1833.02,-21572.74,-11924.57,-13463.62,-13045.46,-10579.17,-4717.74,-6863.77
1786312051.052000,1830.34,-21570.86,-11928.05,-13462.54,-13046.00,-10580.51,-4719.35,-6865.92
1786312051.091000,1826.58,-21570.33,-11928.05,-13463.35,-13051.09,-10580.24,-4723.64,-6868.06
1786312051.091000,1826.58,-21570.59,-11918.40,-13464.15,-13052.17,-10577.56,-4724.44,-6868.87
1786312051.091000,1827.12,-21573.54,-11915.45,-13465.49,-13054.31,-10579.44,-4726.05,-6869.94
1786312051.091000,1828.73,-21574.62,-11928.32,-13464.15,-13051.90,-10579.71,-4723.91,-6868.87
1786312051.091000,1829.80,-21569.79,-11932.34,-13461.47,-13050.29,-10577.56,-4723.91,-6865.65
1786312051.094000,1830.61,-21566.57,-11928.86,-13461.20,-13048.14,-10578.36,-4726.05,-6864.04
1786312051.094000,1835.44,-21567.38,-11924.30,-13462.54,-13045.73,-10577.29,-4725.25,-6861.63
1786312051.094000,1837.85,-21571.40,-11922.15,-13461.74,-13044.92,-10576.49,-4719.62,-6861.90
1786312051.094000,1834.09,-21571.67,-11928.32,-13461.74,-13046.27,-10576.49,-4719.62,-6865.65
1786312051.094000,1831.68,-21571.94,-11932.08,-13460.40,-13048.68,-10580.24,-4722.30,-6868.33
1786312051.107000,1831.68,-21572.47,-11929.39,-13461.20,-13050.02,-10583.73,-4725.78,-6868.33
1786312051.107000,1834.90,-21570.86,-11920.27,-13462.01,-13049.48,-10579.17,-4727.13,-6866.46
1786312051.107000,1834.63,-21573.01,-11921.35,-13462.28,-13050.29,-10576.49,-4724.44,-6865.38
1786312051.107000,1834.90,-21572.20,-11924.03,-13460.93,-13049.48,-10578.36,-4723.10,-6865.38
1786312051.107000,1833.56,-21571.40,-11930.73,-13458.52,-13051.36,-10582.12,-4727.13,-6868.33
1786312051.137000,1831.68,-21573.81,-11931.81,-13460.40,-13052.17,-10581.32,-4727.39,-6872.09
1786312051.137000,1836.78,-21570.86,-11923.22,-13459.59,-13047.87,-10576.76,-4726.05,-6867.53
1786312051.137000,1837.85,-21568.99,-11915.71,-13460.93,-13047.87,-10578.90,-4724.98,-6863.51
1786312051.137000,1834.09,-21571.40,-11918.93,-13461.74,-13050.02,-10582.39,-4721.76,-6864.58
1786312051.137000,1829.27,-21573.54,-11933.69,-13461.20,-13052.70,-10584.27,-4725.25,-6866.99
1786312051.195000,1829.80,-21574.89,-11946.29,-13463.08,-13052.17,-10585.87,-4726.05,-6868.33
1786312051.195000,1831.41,-21578.37,-11939.59,-13466.30,-13052.70,-10587.48,-4728.47,-6868.33
1786312051.195000,1832.49,-21577.03,-11929.93,-13464.96,-13052.70,-10585.61,-4727.66,-6864.31
1786312051.195000,1830.07,-21575.42,-11931.00,-13461.20,-13054.04,-10585.34,-4725.78,-6864.85
1786312051.195000,1824.98,-21575.96,-11934.76,-13460.13,-13058.07,-10590.97,-4731.15,-6867.53
1786312051.209000,1826.58,-21573.28,-11932.08,-13462.01,-13058.07,-10592.58,-4734.64,-6867.53
1786312051.209000,1829.27,-21572.74,-11924.30,-13464.15,-13057.26,-10588.83,-4733.56,-6865.92
1786312051.209000,1830.07,-21571.94,-11931.27,-13464.15,-13054.85,-10584.53,-4728.20,-6864.58
1786312051.209000,1828.46,-21572.20,-11926.17,-13464.42,-13051.90,-10583.19,-4724.98,-6864.31
1786312051.209000,1826.85,-21574.62,-11930.73,-13462.54,-13052.70,-10585.61,-4727.66,-6865.65
1786312051.227000,1827.66,-21573.28,-11932.61,-13464.96,-13052.97,-10586.68,-4729.81,-6865.11
1786312051.227000,1831.14,-21571.40,-11932.08,-13465.76,-13051.90,-10583.73,-4723.64,-6864.04
1786312051.227000,1830.34,-21572.20,-11923.49,-13464.42,-13053.24,-10581.58,-4720.15,-6862.97
1786312051.227000,1826.85,-21573.01,-11919.47,-13462.54,-13053.78,-10582.92,-4720.96,-6863.51
1786312051.227000,1826.05,-21567.64,-11930.20,-13461.47,-13054.31,-10583.19,-4719.88,-6863.24
1786312051.229000,1823.90,-21565.50,-11931.54,-13462.28,-13056.19,-10584.27,-4724.98,-6865.65
1786312051.229000,1824.17,-21568.72,-11920.54,-13465.49,-13059.94,-10586.41,-4730.08,-6865.92
1786312051.229000,1825.51,-21570.86,-11916.79,-13463.62,-13060.75,-10588.02,-4731.15,-6865.65
1786312051.229000,1829.27,-21571.94,-11922.42,-13463.08,-13054.31,-10585.61,-4727.13,-6863.24
1786312051.229000,1830.88,-21573.01,-11939.85,-13464.15,-13050.02,-10583.19,-4726.59,-6864.58
1786312051.233000,1829.27,-21576.23,-11940.93,-13463.08,-13050.29,-10585.61,-4729.00,-6866.72
1786312051.233000,1830.07,-21575.96,-11929.66,-13464.42,-13052.70,-10588.02,-4727.66,-6867.53
1786312051.233000,1830.07,-21572.74,-11921.08,-13466.30,-13054.85,-10586.41,-4723.37,-6867.53
1786312051.233000,1830.88,-21571.94,-11923.49,-13463.08,-13053.51,-10587.48,-4724.44,-6866.72
1786312051.233000,1830.34,-21571.40,-11928.86,-13461.74,-13053.24,-10586.68,-4728.20,-6867.53
1786312051.257000,1828.19,-21570.59,-11931.54,-13463.08,-13055.12,-10587.22,-4726.86,-6868.33
1786312051.257000,1827.66,-21570.59,-11920.81,-13465.23,-13056.19,-10584.53,-4726.05,-6868.60
1786312051.257000,1831.14,-21570.33,-11914.10,-13466.03,-13055.92,-10584.27,-4723.10,-6866.99
1786312051.257000,1830.07,-21568.72,-11922.42,-13464.42,-13054.85,-10589.36,-4721.22,-6866.19
1786312051.257000,1826.32,-21571.40,-11936.37,-13463.62,-13055.92,-10593.39,-4725.25,-6867.26
1786312051.273000,1827.93,-21573.01,-11936.64,-13462.01,-13056.73,-10592.04,-4729.00,-6867.53
1786312051.273000,1830.61,-21571.67,-11927.52,-13464.15,-13054.85,-10587.75,-4730.61,-6869.14
1786312051.273000,1833.56,-21572.74,-11923.22,-13466.84,-13051.36,-10583.73,-4724.18,-6865.11
1786312051.273000,1829.53,-21573.54,-11925.91,-13464.96,-13054.58,-10586.41,-4721.76,-6864.31
1786312051.273000,1827.39,-21572.74,-11935.29,-13463.89,-13056.46,-10590.43,-4726.59,-6865.38
1786312051.287000,1827.66,-21569.25,-11931.54,-13465.76,-13056.73,-10589.63,-4728.47,-6865.65
1786312051.287000,1831.14,-21571.67,-11921.35,-13467.37,-13055.92,-10585.07,-4724.71,-6862.43
1786312051.287000,1830.88,-21571.94,-11926.98,-13465.49,-13055.92,-10584.53,-4722.57,-6863.24
1786312051.287000,1830.07,-21569.52,-11924.30,-13462.54,-13055.38,-10585.61,-4721.76,-6865.38
1786312051.287000,1828.73,-21567.38,-11932.08,-13462.28,-13055.12,-10588.56,-4723.10,-6867.53
1786312051.331000,1826.85,-21568.18,-11933.15,-13465.76,-13057.26,-10590.97,-4725.52,-6867.26
1786312051.331000,1827.66,-21571.40,-11925.64,-13465.76,-13061.29,-10591.24,-4729.27,-6868.06
1786312051.331000,1827.12,-21572.47,-11918.66,-13465.76,-13060.75,-10589.09,-4729.27,-6867.80
1786312051.331000,1829.53,-21568.18,-11920.81,-13464.69,-13054.85,-10587.22,-4724.18,-6868.06
1786312051.331000,1829.00,-21568.72,-11936.10,-13463.62,-13053.78,-10586.95,-4724.98,-6869.94
1786312051.334000,1827.39,-21570.06,-11931.81,-13466.03,-13055.65,-10588.02,-4729.27,-6869.67
1786312051.334000,1830.07,-21570.59,-11914.10,-13466.30,-13053.24,-10584.80,-4726.32,-6867.26
1786312051.334000,1831.68,-21572.20,-11913.57,-13465.49,-13053.78,-10583.73,-4720.96,-6866.72
1786312051.334000,1829.27,-21573.54,-11933.95,-13463.89,-13054.85,-10586.95,-4719.08,-6866.72
1786312051.334000,1827.93,-21570.06,-11936.10,-13464.96,-13056.73,-10589.09,-4719.08,-6868.60
1786312051.362000,1828.46,-21566.57,-11922.15,-13467.10,-13056.46,-10589.63,-4722.83,-6868.06
1786312051.362000,1828.73,-21566.57,-11916.25,-13469.52,-13055.65,-10587.48,-4724.98,-6867.53
1786312051.362000,1828.19,-21567.91,-11912.23,-13468.18,-13056.46,-10590.43,-4726.86,-6868.87
1786312051.362000,1825.24,-21565.50,-11915.98,-13464.42,-13058.07,-10592.85,-4728.20,-6870.75
1786312051.362000,1826.05,-21564.69,-11927.78,-13463.35,-13054.85,-10587.48,-4724.18,-6869.67
1786312051.365000,1825.78,-21567.38,-11928.05,-13463.89,-13055.12,-10585.87,-4722.57,-6869.94
1786312051.365000,1830.07,-21566.57,-11911.96,-13465.23,-13053.78,-10584.53,-4722.83,-6867.53
1786312051.365000,1833.02,-21566.57,-11912.50,-13464.42,-13053.51,-10585.34,-4723.10,-6866.72
1786312051.365000,1832.75,-21568.45,-11918.66,-13463.62,-13054.04,-10586.95,-4719.62,-6863.77
1786312051.365000,1830.34,-21570.59,-11929.13,-13464.69,-13055.65,-10586.68,-4722.83,-6865.65
1786312051.392000,1830.07,-21570.06,-11926.98,-13466.03,-13054.85,-10586.95,-4725.25,-6868.87
1786312051.392000,1835.44,-21566.84,-11917.32,-13464.96,-13050.02,-10580.78,-4716.93,-6865.65
1786312051.392000,1837.05,-21562.01,-11913.57,-13462.28,-13048.41,-10578.10,-4711.84,-6865.38
1786312051.392000,1836.78,-21561.47,-11917.86,-13459.33,-13050.29,-10577.56,-4712.37,-6866.72
1786312051.392000,1836.24,-21564.69,-11918.66,-13458.52,-13050.29,-10583.19,-4716.40,-6866.72
1786312051.443000,1836.24,-21565.23,-11926.98,-13459.06,-13051.90,-10589.09,-4720.15,-6868.33
1786312051.443000,1834.90,-21566.30,-11917.59,-13461.20,-13056.19,-10589.09,-4724.44,-6869.67
1786312051.443000,1836.78,-21564.69,-11908.74,-13461.74,-13054.04,-10585.34,-4722.57,-6868.06
1786312051.443000,1837.31,-21564.43,-11916.25,-13459.86,-13051.36,-10583.19,-4716.93,-6868.33
1786312051.443000,1834.09,-21559.87,-11918.93,-13457.72,-13052.70,-10582.39,-4714.52,-6868.87
1786312051.444000,1834.90,-21559.60,-11914.91,-13458.25,-13054.85,-10581.58,-4718.01,-6867.53
1786312051.444000,1838.65,-21563.62,-11907.40,-13460.67,-13051.63,-10581.32,-4718.81,-6865.92
1786312051.444000,1838.92,-21563.35,-11909.01,-13459.86,-13050.56,-10581.85,-4715.59,-6866.19
1786312051.444000,1836.24,-21564.16,-11923.76,-13458.52,-13050.02,-10584.00,-4716.66,-6864.85
1786312051.444000,1836.24,-21560.94,-11929.66,-13457.18,-13049.75,-10583.73,-4713.71,-6865.65
1786312051.451000,1838.39,-21558.79,-11920.27,-13457.72,-13046.80,-10582.39,-4712.64,-6864.31
1786312051.451000,1836.24,-21560.94,-11911.15,-13458.52,-13050.83,-10584.27,-4717.74,-6864.85
1786312051.451000,1839.46,-21560.67,-11901.77,-13456.38,-13050.02,-10583.19,-4715.06,-6861.36
1786312051.451000,1839.46,-21560.67,-11911.42,-13453.16,-13047.34,-10583.73,-4714.25,-6860.02
1786312051.451000,1838.39,-21560.13,-11924.30,-13453.69,-13046.00,-10582.39,-4709.42,-6860.82
1786312051.479000,1839.46,-21562.01,-11918.93,-13457.18,-13046.00,-10581.32,-4710.76,-6860.82
1786312051.479000,1839.73,-21558.79,-11903.11,-13457.18,-13047.34,-10580.24,-4714.52,-6862.16
1786312051.479000,1840.53,-21553.43,-11896.13,-13454.77,-13049.22,-10579.71,-4713.98,-6860.29
1786312051.479000,1840.80,-21553.96,-11904.18,-13455.03,-13047.34,-10578.63,-4711.57,-6858.14
1786312051.479000,1841.07,-21554.50,-11915.71,-13453.16,-13046.00,-10578.63,-4710.76,-6857.60
1786312051.483000,1842.14,-21558.79,-11928.59,-13452.89,-13045.19,-10582.12,-4712.64,-6855.99
1786312051.483000,1843.48,-21561.47,-11913.57,-13455.84,-13044.66,-10581.32,-4711.03,-6856.80
1786312051.483000,1842.14,-21563.89,-11907.13,-13456.38,-13046.80,-10579.71,-4708.89,-6858.14
1786312051.483000,1840.53,-21560.13,-11908.74,-13453.42,-13047.34,-10581.05,-4708.89,-6858.95
1786312051.483000,1837.58,-21556.65,-11914.91,-13451.82,-13047.07,-10585.61,-4713.98,-6860.29
1786312051.540000,1840.00,-21558.26,-11918.66,-13455.03,-13046.00,-10584.53,-4715.86,-6857.34
1786312051.540000,1839.73,-21557.99,-11909.55,-13458.52,-13048.95,-10582.92,-4714.52,-6858.14
1786312051.540000,1837.05,-21556.11,-11902.30,-13457.18,-13050.56,-10583.46,-4712.37,-6861.36
1786312051.540000,1835.97,-21558.79,-11910.08,-13455.84,-13051.36,-10583.19,-4709.69,-6862.70
1786312051.540000,1836.51,-21556.11,-11917.06,-13455.30,-13050.02,-10581.05,-4708.89,-6864.31
1786312051.543000,1836.24,-21555.84,-11912.23,-13455.03,-13050.29,-10580.51,-4712.37,-6863.51
1786312051.543000,1835.44,-21556.65,-11901.50,-13456.38,-13052.17,-10581.05,-4714.25,-6863.51
1786312051.543000,1836.78,-21553.96,-11899.08,-13456.64,-13050.29,-10580.51,-4711.84,-6861.36
1786312051.543000,1835.70,-21555.31,-11903.11,-13454.50,-13048.68,-10581.85,-4710.50,-6858.68
1786312051.543000,1836.51,-21554.77,-11908.74,-13455.03,-13047.34,-10580.24,-4707.81,-6857.87
1786312051.547000,1837.05,-21556.65,-11913.30,-13459.06,-13046.80,-10579.71,-4709.15,-6857.60
1786312051.547000,1837.05,-21558.26,-11912.23,-13458.52,-13048.14,-10579.97,-4712.91,-6857.60
1786312051.547000,1833.29,-21558.79,-11909.28,-13455.03,-13052.43,-10583.19,-4715.06,-6859.21
1786312051.547000,1834.09,-21557.99,-11910.62,-13454.50,-13050.29,-10581.85,-4711.57,-6857.60
1786312051.547000,1831.68,-21555.57,-11920.27,-13455.03,-13051.09,-10585.07,-4712.64,-6860.02
1786312051.572000,1830.61,-21558.52,-11919.47,-13459.06,-13052.43,-10584.00,-4713.18,-6862.16
1786312051.572000,1834.90,-21558.79,-11914.37,-13460.40,-13049.48,-10579.71,-4710.23,-6860.82
1786312051.572000,1835.70,-21555.84,-11904.18,-13458.25,-13049.48,-10581.05,-4712.64,-6858.95
1786312051.572000,1834.09,-21557.45,-11905.52,-13456.91,-13049.75,-10584.53,-4713.71,-6858.68
1786312051.572000,1833.02,-21555.31,-11914.64,-13458.25,-13050.83,-10583.73,-4712.91,-6858.95
1786312051.602000,1835.97,-21555.31,-11914.37,-13460.40,-13049.48,-10584.27,-4716.66,-6856.80
1786312051.602000,1836.78,-21558.79,-11909.28,-13460.13,-13050.83,-10585.61,-4719.35,-6858.95
1786312051.602000,1836.78,-21559.60,-11906.59,-13458.52,-13051.36,-10584.53,-4714.25,-6860.82
1786312051.602000,1836.51,-21557.99,-11912.23,-13457.72,-13048.41,-10583.19,-4711.57,-6860.02
1786312051.602000,1838.92,-21557.18,-11920.54,-13457.72,-13046.00,-10579.97,-4706.47,-6858.14
1786312051.616000,1836.78,-21557.99,-11916.52,-13458.25,-13050.56,-10580.24,-4710.23,-6861.63
1786312051.616000,1837.31,-21560.40,-11904.72,-13458.52,-13050.56,-10584.53,-4715.59,-6861.09
1786312051.616000,1837.85,-21562.28,-11903.64,-13459.06,-13050.02,-10583.46,-4716.13,-6861.09
1786312051.616000,1835.70,-21557.72,-11912.76,-13456.64,-13050.29,-10584.80,-4716.66,-6863.77
1786312051.616000,1836.51,-21554.77,-11921.62,-13455.30,-13047.87,-10585.07,-4713.71,-6863.77
1786312051.632000,1838.12,-21554.50,-11919.47,-13455.03,-13048.68,-10582.92,-4712.91,-6863.77
1786312051.632000,1841.07,-21557.45,-11905.25,-13457.45,-13047.61,-10582.12,-4711.84,-6863.51
1786312051.632000,1842.95,-21558.52,-11900.69,-13456.91,-13045.73,-10581.58,-4711.03,-6861.09
1786312051.632000,1842.14,-21556.11,-11911.96,-13452.89,-13044.39,-10583.46,-4711.03,-6859.48
1786312051.632000,1836.51,-21554.77,-11914.64,-13452.08,-13050.56,-10586.95,-4714.79,-6862.97
1786312051.647000,1833.83,-21556.38,-11911.69,-13454.77,-13054.04,-10588.29,-4720.96,-6866.99
1786312051.647000,1836.51,-21556.92,-11907.94,-13455.57,-13052.17,-10586.41,-4717.74,-6865.92
1786312051.647000,1838.39,-21556.92,-11909.01,-13455.84,-13049.75,-10583.46,-4711.84,-6863.51
1786312051.647000,1836.78,-21555.57,-11907.40,-13452.89,-13051.09,-10585.34,-4710.76,-6862.97
1786312051.647000,1834.63,-21556.38,-11916.79,-13452.35,-13054.31,-10586.41,-4713.45,-6862.16
1786312051.691000,1834.63,-21557.45,-11912.23,-13454.50,-13055.92,-10588.29,-4716.93,-6861.63
1786312051.691000,1833.56,-21560.94,-11907.13,-13455.84,-13055.92,-10588.29,-4719.62,-6864.85
1786312051.691000,1834.09,-21562.01,-11910.62,-13454.50,-13054.04,-10588.29,-4714.52,-6864.85
1786312051.691000,1835.44,-21563.62,-11918.13,-13454.77,-13051.90,-10589.09,-4711.57,-6864.04
1786312051.691000,1831.68,-21558.79,-11916.25,-13455.03,-13057.53,-10595.80,-4720.96,-6865.92
1786312051.694000,1834.90,-21553.43,-11910.89,-13456.38,-13056.46,-10592.58,-4721.22,-6862.16
1786312051.694000,1838.39,-21555.84,-11903.11,-13456.38,-13049.48,-10586.95,-4714.25,-6863.24
1786312051.694000,1838.12,-21554.23,-11902.03,-13455.03,-13046.80,-10583.19,-4709.69,-6859.48
1786312051.694000,1837.58,-21553.96,-11904.45,-13454.77,-13048.14,-10586.41,-4710.23,-6857.87
1786312051.694000,1837.58,-21554.77,-11915.71,-13455.84,-13049.48,-10588.29,-4711.03,-6854.65
1786312051.723000,1841.87,-21556.38,-11910.35,-13459.59,-13046.53,-10586.68,-4709.15,-6850.63
1786312051.723000,1840.80,-21557.18,-11901.77,-13458.79,-13046.80,-10585.07,-4709.96,-6855.99
1786312051.723000,1839.19,-21556.11,-11901.23,-13455.03,-13048.68,-10584.27,-4708.62,-6855.46
1786312051.723000,1832.75,-21559.87,-11914.64,-13455.03,-13054.31,-10593.39,-4715.06,-6861.09
1786312051.723000,1835.70,-21559.87,-11924.83,-13466.57,-13044.66,-10597.14,-4708.62,-6868.33
1786312051.724000,1840.26,-21553.96,-11913.30,-13459.86,-13040.10,-10582.12,-4700.57,-6865.38
1786312051.724000,1829.80,-21557.99,-11906.59,-13455.30,-13056.99,-10585.87,-4713.18,-6868.87
1786312051.724000,1820.95,-21562.82,-11912.50,-13458.52,-13066.11,-10596.87,-4722.57,-6868.60
1786312051.724000,1817.46,-21557.99,-11919.20,-13456.38,-13064.77,-10602.50,-4722.57,-6870.21
1786312051.724000,1819.07,-21556.92,-11925.37,-13458.25,-13061.02,-10600.36,-4716.40,-6879.60
1786312051.752000,1823.10,-21541.63,-11908.20,-13456.38,-13058.87,-10589.09,-4713.71,-6871.55
1786312051.752000,1829.80,-21536.53,-11892.65,-13449.94,-13053.24,-10578.90,-4707.55,-6866.72
1786312051.752000,1833.56,-21535.19,-11892.11,-13446.45,-13048.68,-10577.29,-4698.43,-6867.53
1786312051.752000,1838.39,-21530.09,-11900.69,-13443.23,-13040.63,-10570.85,-4686.36,-6869.41
1786312051.752000,1836.24,-21522.05,-11894.79,-13440.01,-13037.95,-10563.08,-4677.50,-6880.94
1786312051.781000,1851.53,-21515.34,-11880.85,-13441.35,-13023.20,-10555.30,-4668.12,-6872.09
1786312051.781000,1844.82,-21507.83,-11865.29,-13451.82,-13035.00,-10558.78,-4679.65,-6872.36
1786312051.781000,1842.14,-21502.47,-11859.66,-13434.38,-13038.76,-10556.91,-4676.70,-6861.36
1786312051.781000,1856.89,-21503.27,-11864.48,-13419.09,-13016.49,-10538.94,-4650.41,-6853.58
1786312051.781000,1870.30,-21497.37,-11862.07,-13417.48,-13005.76,-10529.55,-4639.95,-6842.32
1786312051.784000,1866.28,-21496.30,-11857.51,-13417.48,-13016.49,-10533.57,-4648.27,-6844.46
1786312051.784000,1863.33,-21496.30,-11849.73,-13416.95,-13016.22,-10534.38,-4648.00,-6849.29
1786312051.784000,1864.40,-21490.66,-11845.44,-13412.12,-13013.54,-10534.91,-4645.32,-6850.90
1786312051.784000,1861.72,-21485.57,-11844.64,-13409.44,-13014.35,-10532.50,-4642.90,-6856.80
1786312051.784000,1864.67,-21480.47,-11848.39,-13405.95,-13011.40,-10528.21,-4639.15,-6855.46
1786312051.812000,1867.62,-21478.86,-11848.93,-13403.54,-13011.93,-10529.82,-4639.42,-6852.51
1786312051.812000,1870.84,-21480.20,-11837.66,-13404.07,-13010.32,-10528.74,-4640.49,-6852.78
1786312051.812000,1867.62,-21483.42,-11832.30,-13401.93,-13009.25,-10530.35,-4643.44,-6860.29
1786312051.812000,1860.65,-21484.76,-11836.59,-13401.93,-13011.13,-10535.18,-4647.46,-6866.72
1786312051.812000,1858.23,-21485.30,-11840.88,-13404.61,-13016.49,-10540.81,-4650.95,-6862.16
1786312051.841000,1858.23,-21484.23,-11840.34,-13407.02,-13019.98,-10535.45,-4649.34,-6858.95
1786312051.841000,1857.70,-21492.27,-11843.03,-13404.61,-13023.20,-10536.25,-4652.56,-6859.48
1786312051.841000,1851.53,-21500.32,-11860.73,-13403.27,-13029.37,-10548.32,-4667.31,-6863.77
1786312051.841000,1846.70,-21497.64,-11848.12,-13405.95,-13030.98,-10554.49,-4674.82,-6864.85
1786312051.841000,1849.38,-21496.30,-11837.66,-13408.63,-13027.49,-10553.96,-4668.92,-6859.48
1786312051.856000,1848.31,-21496.03,-11839.00,-13411.05,-13030.17,-10555.30,-4672.94,-6857.60
1786312051.856000,1844.56,-21498.17,-11840.08,-13413.73,-13034.46,-10556.10,-4677.24,-6861.90
1786312051.856000,1840.26,-21501.93,-11841.69,-13416.68,-13040.10,-10554.49,-4675.36,-6866.72
1786312051.856000,1835.97,-21502.73,-11854.83,-13418.82,-13037.68,-10553.42,-4667.85,-6869.41
1786312051.856000,1838.92,-21505.42,-11864.75,-13424.46,-13034.73,-10555.03,-4664.63,-6866.99
1786312051.886000,1840.26,-21507.56,-11858.31,-13425.80,-13036.61,-10556.37,-4668.92,-6859.48
1786312051.886000,1840.80,-21515.07,-11855.36,-13425.80,-13039.29,-10557.98,-4674.82,-6858.14
1786312051.886000,1837.85,-21526.87,-11859.12,-13426.87,-13043.85,-10561.74,-4678.04,-6855.99
1786312051.886000,1834.09,-21538.68,-11889.16,-13428.48,-13047.34,-10570.32,-4685.55,-6854.39
1786312051.886000,1833.83,-21540.02,-11897.21,-13431.43,-13047.87,-10575.95,-4694.94,-6853.31
1786312051.915000,1834.63,-21527.95,-11878.97,-13435.45,-13047.61,-10579.44,-4694.94,-6857.60
1786312051.915000,1835.17,-21522.31,-11864.48,-13437.06,-13045.73,-10575.15,-4690.11,-6865.38
1786312051.915000,1836.78,-21523.92,-11865.83,-13438.14,-13043.58,-10573.27,-4687.43,-6856.53
1786312051.915000,1835.70,-21528.48,-11878.70,-13438.94,-13046.27,-10577.02,-4690.11,-6849.29
1786312051.915000,1834.36,-21534.65,-11896.67,-13440.28,-13046.80,-10577.83,-4693.06,-6849.29
1786312051.953000,1833.83,-21538.68,-11904.72,-13441.09,-13047.87,-10578.36,-4695.74,-6849.56
1786312051.953000,1833.56,-21541.89,-11890.50,-13443.77,-13051.63,-10583.73,-4700.84,-6853.04
1786312051.953000,1832.75,-21544.58,-11884.06,-13445.65,-13053.24,-10588.02,-4702.18,-6853.58
1786312051.953000,1833.83,-21542.43,-11889.16,-13445.11,-13050.29,-10586.95,-4699.77,-6850.90
1786312051.953000,1830.88,-21544.04,-11895.60,-13446.18,-13054.04,-10585.61,-4702.72,-6857.60
1786312051.953000,1830.88,-21546.99,-11897.74,-13449.13,-13055.38,-10587.48,-4708.89,-6859.21
1786312051.953000,1834.90,-21549.94,-11900.16,-13448.60,-13054.58,-10589.09,-4711.84,-6852.24
1786312051.953000,1834.90,-21551.82,-11903.11,-13449.40,-13058.07,-10594.46,-4711.57,-6854.12
1786312051.953000,1831.14,-21548.33,-11902.84,-13451.01,-13060.48,-10593.12,-4711.57,-6856.80
1786312051.953000,1828.19,-21546.72,-11904.18,-13449.40,-13063.43,-10590.70,-4714.25,-6859.48
1786312051.961000,1830.61,-21545.92,-11897.21,-13448.60,-13061.55,-10588.56,-4715.32,-6857.34
1786312051.961000,1835.17,-21544.58,-11885.94,-13449.94,-13059.41,-10586.68,-4711.03,-6857.07
1786312051.961000,1830.07,-21545.65,-11891.84,-13447.52,-13063.43,-10589.63,-4712.91,-6865.65
1786312051.961000,1831.41,-21546.72,-11908.47,-13445.65,-13060.21,-10591.78,-4710.50,-6861.63
1786312051.961000,1833.56,-21549.14,-11910.08,-13447.79,-13059.41,-10593.92,-4712.64,-6858.95
1786312051.964000,1832.75,-21550.75,-11895.87,-13449.67,-13061.55,-10593.65,-4714.79,-6862.97
1786312051.964000,1835.70,-21551.82,-11887.55,-13448.33,-13058.60,-10591.51,-4714.25,-6860.82
1786312051.964000,1835.17,-21554.77,-11897.48,-13445.91,-13058.07,-10592.58,-4711.84,-6861.63
1786312051.964000,1834.09,-21551.01,-11910.35,-13445.38,-13058.07,-10592.31,-4707.55,-6862.97
1786312051.964000,1839.73,-21545.11,-11905.25,-13446.45,-13052.43,-10585.87,-4702.99,-6859.75
1786312052.006000,1841.60,-21548.60,-11898.55,-13446.72,-13051.36,-10586.95,-4706.47,-6858.68
1786312052.006000,1841.34,-21550.75,-11894.79,-13447.79,-13053.51,-10589.09,-4709.42,-6856.26
1786312052.006000,1834.90,-21548.06,-11896.67,-13444.84,-13058.60,-10592.04,-4710.23,-6860.29
1786312052.006000,1833.02,-21547.80,-11901.50,-13442.43,-13058.07,-10592.58,-4707.01,-6861.90
1786312052.006000,1834.63,-21548.06,-11906.86,-13442.96,-13058.07,-10591.24,-4708.89,-6861.90
1786312052.020000,1836.78,-21546.45,-11899.89,-13443.23,-13058.87,-10589.90,-4713.45,-6859.21
1786312052.020000,1837.31,-21547.80,-11894.52,-13445.91,-13060.21,-10589.09,-4711.03,-6865.11
1786312052.020000,1837.05,-21551.28,-11899.89,-13445.38,-13058.87,-10592.31,-4708.89,-6857.60
1786312052.020000,1835.17,-21551.55,-11908.74,-13443.50,-13058.87,-10596.60,-4709.15,-6854.39
1786312052.020000,1836.78,-21551.28,-11917.32,-13442.70,-13058.60,-10596.60,-4710.50,-6852.24
1786312052.024000,1838.92,-21552.62,-11904.45,-13443.77,-13059.94,-10595.80,-4712.37,-6851.44
1786312052.024000,1837.31,-21554.50,-11893.99,-13443.77,-13060.75,-10594.99,-4711.84,-6853.85
1786312052.024000,1837.85,-21548.87,-11898.82,-13444.84,-13059.41,-10592.58,-4708.62,-6852.24
1786312052.024000,1835.17,-21546.72,-11906.86,-13449.40,-13060.48,-10596.60,-4709.15,-6855.99
1786312052.024000,1834.90,-21545.38,-11906.86,-13444.31,-13057.53,-10597.94,-4709.69,-6858.95
1786312052.052000,1835.70,-21545.38,-11902.03,-13439.75,-13058.07,-10594.73,-4711.03,-6854.92
1786312052.052000,1837.58,-21544.58,-11896.40,-13439.75,-13057.26,-10590.97,-4709.69,-6849.29
1786312052.052000,1835.70,-21547.53,-11904.45,-13439.75,-13058.60,-10594.73,-4710.23,-6850.63
1786312052.052000,1833.29,-21550.75,-11912.23,-13439.48,-13060.48,-10596.87,-4713.45,-6854.65
1786312052.052000,1833.02,-21549.14,-11913.30,-13441.62,-13060.21,-10597.94,-4715.59,-6854.65
1786312052.067000,1833.56,-21545.38,-11905.79,-13444.31,-13061.82,-10596.87,-4712.11,-6856.26
1786312052.067000,1833.29,-21545.38,-11900.69,-13445.38,-13063.70,-10597.68,-4712.37,-6860.02
1786312052.067000,1833.83,-21544.58,-11898.82,-13440.28,-13060.21,-10595.53,-4708.35,-6855.46
1786312052.067000,1833.83,-21542.70,-11905.52,-13438.40,-13058.60,-10596.87,-4707.55,-6853.31
1786312052.067000,1829.53,-21548.06,-11917.32,-13443.50,-13063.16,-10604.38,-4713.98,-6857.60
1786312052.109000,1831.95,-21545.65,-11914.64,-13447.52,-13059.41,-10601.70,-4709.69,-6870.48
1786312052.109000,1835.97,-21541.89,-11902.57,-13446.99,-13060.21,-10597.14,-4710.23,-6858.14
1786312052.109000,1826.58,-21540.55,-11901.77,-13441.62,-13068.26,-10597.94,-4714.52,-6855.46
1786312052.109000,1823.10,-21543.24,-11915.45,-13434.65,-13069.87,-10604.65,-4718.27,-6855.46
1786312052.109000,1824.98,-21538.14,-11920.54,-13437.60,-13066.38,-10606.53,-4716.66,-6862.16
1786312052.112000,1822.56,-21528.48,-11905.52,-13442.16,-13061.55,-10594.46,-4705.13,-6886.30
1786312052.112000,1835.97,-21534.38,-11894.52,-13465.76,-13052.17,-10585.07,-4694.67,-6868.06
1786312052.112000,1830.34,-21519.36,-11892.11,-13460.40,-13060.75,-10586.95,-4700.57,-6858.95
1786312052.112000,1840.80,-21488.79,-11879.50,-13412.66,-13045.19,-10568.17,-4680.72,-6856.80
1786312052.112000,1850.72,-21493.08,-11881.11,-13411.31,-13040.63,-10563.08,-4673.21,-6840.97
1786312052.127000,1857.43,-21497.10,-11871.73,-13409.97,-13036.07,-10559.59,-4670.26,-6830.51
1786312052.127000,1863.87,-21495.76,-11863.68,-13406.75,-13029.37,-10556.10,-4663.29,-6831.59
1786312052.127000,1862.53,-21490.40,-11863.68,-13400.85,-13026.42,-10550.47,-4653.63,-6837.22
1786312052.127000,1868.16,-21472.69,-11848.39,-13393.34,-13014.35,-10531.96,-4635.66,-6837.22
1786312052.127000,1866.82,-21472.69,-11845.44,-13399.51,-13019.71,-10537.33,-4642.90,-6851.70
1786312052.157000,1874.06,-21470.82,-11831.49,-13399.24,-13011.66,-10533.84,-4637.27,-6846.34
1786312052.157000,1877.81,-21468.67,-11818.89,-13380.20,-13013.27,-10531.96,-4636.74,-6833.46
1786312052.157000,1875.13,-21465.99,-11813.79,-13372.69,-13017.83,-10533.57,-4637.27,-6825.69
1786312052.157000,1873.52,-21467.06,-11804.67,-13371.35,-13016.49,-10535.99,-4636.47,-6829.98
1786312052.157000,1871.11,-21471.08,-11790.99,-13374.57,-13017.03,-10537.60,-4639.42,-6837.49
1786312052.186000,1873.79,-21462.23,-11754.25,-13370.28,-13012.47,-10529.28,-4632.18,-6843.39
1786312052.186000,1878.62,-21458.48,-11722.06,-13361.69,-13008.71,-10523.38,-4628.69,-6839.90
1786312052.186000,1879.16,-21463.31,-11720.99,-13363.03,-13006.84,-10523.92,-4625.74,-6835.34
1786312052.186000,1872.99,-21468.13,-11737.35,-13362.50,-13010.59,-10530.62,-4630.03,-6840.97
1786312052.186000,1870.04,-21468.13,-11738.15,-13359.28,-13011.93,-10534.11,-4631.37,-6843.66
1786312052.190000,1869.77,-21461.70,-11715.09,-13361.16,-13013.81,-10528.21,-4632.71,-6843.12
1786312052.190000,1867.62,-21457.94,-11694.70,-13361.43,-13018.64,-10536.25,-4642.37,-6847.68
1786312052.190000,1861.18,-21463.31,-11700.06,-13360.89,-13024.27,-10542.96,-4646.39,-6851.44
1786312052.190000,1857.16,-21468.13,-11720.72,-13361.16,-13030.44,-10546.71,-4652.56,-6851.70
1786312052.190000,1856.89,-21470.55,-11738.42,-13364.38,-13030.71,-10553.42,-4661.41,-6848.75
1786312052.217000,1860.38,-21475.38,-11737.88,-13369.47,-13026.42,-10553.42,-4658.46,-6842.85
1786312052.217000,1859.31,-21475.64,-11720.99,-13372.15,-13025.08,-10547.25,-4651.22,-6845.53
1786312052.217000,1858.50,-21472.43,-11710.79,-13374.57,-13027.49,-10547.52,-4651.76,-6844.19
1786312052.217000,1858.77,-21477.79,-11719.64,-13375.10,-13027.76,-10551.54,-4653.36,-6841.51
1786312052.217000,1859.04,-21486.10,-11725.55,-13378.05,-13025.34,-10549.40,-4650.15,-6839.37
1786312052.232000,1858.23,-21485.57,-11738.96,-13383.15,-13026.15,-10551.54,-4650.95,-6839.63
1786312052.232000,1860.11,-21483.96,-11776.78,-13383.96,-13026.69,-10551.01,-4651.22,-6836.68
1786312052.232000,1861.45,-21488.79,-11819.69,-13383.96,-13026.95,-10550.20,-4654.71,-6834.81
1786312052.232000,1856.89,-21498.17,-11856.97,-13383.42,-13033.39,-10560.39,-4662.22,-6835.34
1786312052.232000,1852.60,-21502.20,-11876.55,-13389.86,-13036.88,-10568.17,-4666.51,-6836.68
1786312052.290000,1851.80,-21501.13,-11881.38,-13397.10,-13036.61,-10568.44,-4672.41,-6835.34
1786312052.290000,1853.14,-21502.20,-11879.77,-13398.44,-13037.41,-10568.17,-4676.97,-6832.12
1786312052.290000,1855.55,-21507.83,-11888.62,-13398.98,-13035.80,-10565.76,-4672.68,-6825.95
1786312052.290000,1853.14,-21512.66,-11904.45,-13400.32,-13036.34,-10567.37,-4670.80,-6826.22
1786312052.290000,1852.87,-21511.85,-11908.74,-13403.27,-13039.02,-10568.71,-4673.21,-6826.76
1786312052.293000,1855.02,-21511.85,-11901.23,-13406.75,-13038.49,-10567.64,-4676.97,-6823.81
1786312052.293000,1852.33,-21513.73,-11896.94,-13408.63,-13039.29,-10569.78,-4679.65,-6823.27
1786312052.293000,1850.19,-21517.49,-11906.86,-13407.56,-13041.97,-10574.34,-4685.01,-6827.83
1786312052.293000,1847.51,-21519.63,-11924.83,-13408.36,-13043.58,-10577.02,-4684.75,-6826.49
1786312052.293000,1846.16,-21523.92,-11929.66,-13411.31,-13047.34,-10580.51,-4686.62,-6827.30
1786312052.296000,1847.24,-21525.00,-11924.03,-13414.80,-13051.09,-10584.27,-4693.06,-6829.98
1786312052.296000,1850.19,-21524.73,-11913.30,-13416.68,-13048.14,-10581.05,-4692.52,-6828.10
1786312052.296000,1849.12,-21525.80,-11922.69,-13415.34,-13047.07,-10582.66,-4690.38,-6827.83
1786312052.296000,1846.43,-21525.27,-11941.20,-13414.26,-13047.07,-10583.19,-4689.31,-6830.51
1786312052.296000,1846.43,-21526.61,-11948.17,-13415.87,-13048.14,-10583.73,-4691.18,-6831.32
1786312052.334000,1845.63,-21529.29,-11937.98,-13419.36,-13051.90,-10587.75,-4696.28,-6834.54
1786312052.334000,1844.29,-21532.24,-11926.17,-13421.24,-13054.85,-10593.65,-4700.84,-6834.00
1786312052.334000,1844.82,-21536.26,-11938.78,-13422.04,-13054.85,-10593.12,-4701.38,-6834.00
1786312052.334000,1847.24,-21532.51,-11949.51,-13420.43,-13051.90,-10592.58,-4700.84,-6831.05
1786312052.334000,1846.43,-21530.36,-11942.80,-13419.63,-13054.85,-10593.65,-4706.20,-6835.07
1786312052.339000,1846.43,-21531.17,-11936.64,-13422.85,-13056.99,-10593.65,-4706.74,-6838.83
1786312052.339000,1848.58,-21533.04,-11932.34,-13426.07,-13052.70,-10589.63,-4701.38,-6838.02
1786312052.339000,1850.46,-21533.85,-11940.12,-13423.38,-13051.36,-10592.04,-4698.69,-6832.66
1786312052.339000,1851.53,-21529.82,-11948.17,-13419.63,-13050.56,-10593.39,-4698.43,-6831.59
1786312052.339000,1848.58,-21533.04,-11952.46,-13418.82,-13054.04,-10594.46,-4701.91,-6834.27
1786312052.352000,1844.82,-21532.51,-11942.80,-13419.09,-13058.07,-10596.60,-4705.13,-6837.76
1786312052.352000,1846.16,-21533.31,-11940.12,-13419.36,-13059.14,-10596.07,-4704.86,-6840.71
1786312052.352000,1844.02,-21536.53,-11948.44,-13424.19,-13060.21,-10597.94,-4706.20,-6843.92
1786312052.352000,1838.65,-21537.34,-11959.97,-13424.73,-13062.09,-10603.31,-4709.96,-6845.27
1786312052.352000,1840.26,-21534.65,-11957.56,-13419.36,-13060.75,-10601.70,-4708.08,-6843.39
1786312052.367000,1841.60,-21537.60,-11950.85,-13419.09,-13063.16,-10601.43,-4708.89,-6843.92
1786312052.367000,1840.00,-21541.63,-11951.12,-13424.99,-13066.65,-10607.60,-4713.18,-6846.07
1786312052.367000,1839.46,-21541.89,-11957.29,-13427.14,-13064.77,-10606.80,-4711.30,-6842.85
1786312052.367000,1838.39,-21535.73,-11959.17,-13420.97,-13064.77,-10608.14,-4711.84,-6843.39
1786312052.367000,1838.92,-21535.46,-11959.17,-13433.58,-13063.70,-10605.19,-4711.30,-6843.39
1786312052.397000,1828.73,-21540.55,-11958.90,-13431.97,-13074.70,-10611.89,-4722.57,-6852.78
1786312052.397000,1829.00,-21537.87,-11952.46,-13418.02,-13076.84,-10616.45,-4724.71,-6850.63
1786312052.397000,1810.49,-21551.01,-11969.89,-13483.20,-13091.06,-10632.01,-4735.98,-6870.75
1786312052.397000,1826.32,-21518.29,-11958.63,-13449.94,-13070.41,-10612.70,-4713.45,-6859.75
1786312052.397000,1839.46,-21509.17,-11946.56,-13404.07,-13061.55,-10592.58,-4700.84,-6835.88
1786312052.465000,1831.95,-21525.80,-11948.71,-13408.63,-13068.26,-10599.02,-4708.35,-6840.44
1786312052.465000,1822.02,-21530.63,-11948.17,-13437.60,-13076.31,-10608.41,-4716.40,-6850.36
1786312052.465000,1822.02,-21509.71,-11938.78,-13431.70,-13073.36,-10602.77,-4707.55,-6865.11
1786312052.465000,1840.26,-21482.62,-11923.76,-13422.31,-13052.97,-10580.78,-4683.67,-6846.88
1786312052.465000,1838.39,-21480.47,-11924.30,-13385.30,-13054.04,-10580.51,-4684.21,-6839.90
1786312052.465000,1829.80,-21505.15,-11939.59,-13441.09,-13063.43,-10591.78,-4694.94,-6854.65
1786312052.465000,1853.67,-21481.55,-11900.16,-13380.74,-13034.73,-10560.93,-4660.34,-6845.80
1786312052.465000,1866.28,-21468.67,-11891.31,-13360.35,-13026.69,-10552.08,-4650.68,-6832.66
1786312052.465000,1859.04,-21475.11,-11904.72,-13358.21,-13035.80,-10557.98,-4656.05,-6838.56
1786312052.465000,1854.75,-21481.55,-11905.52,-13357.13,-13037.95,-10563.88,-4661.41,-6844.46
1786312052.465000,1853.14,-21486.91,-11890.77,-13357.40,-13041.71,-10568.44,-4666.24,-6841.78
1786312052.465000,1853.94,-21479.40,-11859.92,-13362.23,-13043.31,-10567.10,-4664.90,-6842.32
1786312052.465000,1857.16,-21466.52,-11816.74,-13345.87,-13037.15,-10556.37,-4653.90,-6845.80
1786312052.465000,1857.70,-21474.03,-11791.80,-13328.43,-13034.20,-10555.03,-4651.49,-6846.88
1786312052.465000,1857.16,-21467.87,-11770.61,-13327.09,-13032.85,-10553.42,-4651.22,-6849.56
1786312052.514000,1857.16,-21463.04,-11748.34,-13324.95,-13033.12,-10556.37,-4655.24,-6847.41
1786312052.514000,1857.16,-21469.74,-11741.37,-13321.73,-13037.41,-10556.91,-4653.10,-6848.48
1786312052.514000,1859.58,-21471.35,-11741.37,-13316.36,-13034.20,-10554.22,-4648.00,-6846.07
1786312052.514000,1862.79,-21466.79,-11737.88,-13307.24,-13029.10,-10551.54,-4645.05,-6843.92
1786312052.514000,1863.87,-21465.45,-11737.62,-13304.29,-13027.22,-10549.13,-4643.17,-6842.58
1786312052.574000,1865.74,-21464.38,-11732.52,-13304.29,-13024.81,-10547.79,-4642.37,-6842.85
1786312052.574000,1870.04,-21461.96,-11719.11,-13304.83,-13019.44,-10544.30,-4638.88,-6841.51
1786312052.574000,1872.45,-21456.06,-11712.94,-13302.15,-13017.03,-10540.81,-4635.66,-6838.56
1786312052.574000,1869.77,-21455.53,-11712.94,-13302.15,-13018.64,-10542.15,-4637.00,-6839.63
1786312052.574000,1864.14,-21457.94,-11709.45,-13305.37,-13019.98,-10544.30,-4641.03,-6842.05
1786312052.577000,1867.09,-21459.55,-11705.43,-13307.51,-13018.64,-10542.96,-4643.17,-6839.37
1786312052.577000,1864.14,-21462.23,-11704.89,-13308.32,-13026.15,-10549.93,-4653.10,-6841.51
1786312052.577000,1860.65,-21466.79,-11714.28,-13310.73,-13032.05,-10560.13,-4660.87,-6840.97
1786312052.577000,1861.72,-21471.08,-11734.40,-13315.83,-13032.32,-10563.08,-4663.56,-6837.22
1786312052.577000,1858.23,-21475.11,-11750.49,-13321.46,-13032.85,-10565.49,-4664.09,-6838.02
1786312052.581000,1857.70,-21475.64,-11746.20,-13328.17,-13034.73,-10564.42,-4662.75,-6838.56
1786312052.581000,1856.89,-21483.15,-11728.76,-13331.12,-13038.76,-10564.42,-4666.78,-6838.56
1786312052.581000,1853.94,-21486.37,-11742.18,-13333.26,-13037.41,-10565.49,-4668.92,-6838.29
1786312052.581000,1852.60,-21481.55,-11755.32,-13338.89,-13034.46,-10566.03,-4664.36,-6836.68
1786312052.581000,1853.41,-21481.01,-11753.98,-13344.80,-13033.39,-10562.00,-4659.53,-6835.07
1786312052.584000,1853.67,-21482.08,-11748.34,-13346.94,-13033.93,-10557.98,-4659.53,-6829.44
1786312052.584000,1850.19,-21486.37,-11756.66,-13349.89,-13039.56,-10562.54,-4667.31,-6829.44
1786312052.584000,1848.04,-21491.47,-11773.83,-13355.79,-13042.78,-10570.05,-4674.29,-6827.30
1786312052.584000,1845.09,-21493.35,-11826.93,-13357.13,-13041.17,-10574.88,-4675.63,-6826.22
1786312052.584000,1842.14,-21496.30,-11910.35,-13359.55,-13041.97,-10573.81,-4678.85,-6826.76
1786312052.606000,1844.82,-21503.27,-11944.15,-13363.30,-13043.58,-10575.68,-4680.99,-6823.27
1786312052.606000,1847.77,-21504.88,-11950.31,-13366.52,-13042.78,-10573.81,-4680.72,-6818.98
1786312052.606000,1848.31,-21505.15,-11953.00,-13367.06,-13043.85,-10573.54,-4681.26,-6816.57
1786312052.606000,1848.58,-21507.03,-11976.60,-13367.06,-13043.85,-10576.22,-4683.67,-6812.27
1786312052.606000,1848.04,-21515.07,-11987.87,-13371.89,-13043.58,-10580.78,-4686.89,-6810.93
1786312052.608000,1846.16,-21512.93,-11968.02,-13376.71,-13047.34,-10581.85,-4690.38,-6813.62
1786312052.608000,1846.70,-21509.98,-11955.68,-13377.79,-13047.34,-10581.32,-4689.57,-6812.27
1786312052.608000,1847.51,-21511.85,-11962.92,-13376.45,-13047.07,-10583.19,-4690.38,-6811.47
1786312052.608000,1844.82,-21515.07,-11977.14,-13376.71,-13049.75,-10585.87,-4696.82,-6812.54
1786312052.608000,1846.43,-21515.07,-11983.04,-13378.05,-13049.48,-10588.29,-4701.11,-6813.35
1786312052.634000,1851.26,-21514.27,-11976.06,-13379.93,-13046.80,-10587.48,-4696.82,-6810.93
1786312052.634000,1851.53,-21523.39,-11981.96,-13380.47,-13047.34,-10587.75,-4694.94,-6812.01
1786312052.634000,1850.46,-21529.82,-11996.72,-13380.20,-13049.48,-10588.02,-4696.28,-6812.01
1786312052.634000,1847.77,-21529.02,-12009.32,-13383.15,-13052.17,-10591.24,-4698.43,-6812.01
1786312052.634000,1848.58,-21527.14,-11996.72,-13385.83,-13051.90,-10596.34,-4702.18,-6812.01
1786312052.639000,1853.67,-21524.46,-11977.94,-13384.76,-13048.41,-10590.97,-4700.84,-6810.40
1786312052.639000,1852.07,-21526.34,-11976.87,-13386.64,-13051.90,-10593.92,-4702.99,-6812.54
1786312052.639000,1848.85,-21530.09,-11983.31,-13387.44,-13054.58,-10596.34,-4703.52,-6813.35
1786312052.639000,1849.65,-21526.61,-11993.77,-13386.64,-13052.70,-10593.92,-4700.30,-6811.74
1786312052.639000,1849.65,-21527.14,-11994.03,-13387.98,-13054.58,-10595.80,-4701.64,-6810.93
1786312052.666000,1850.72,-21531.70,-11985.99,-13389.59,-13053.78,-10597.94,-4703.52,-6809.86
1786312052.666000,1850.46,-21534.65,-11986.26,-13388.25,-13052.17,-10600.09,-4708.89,-6810.67
1786312052.666000,1848.31,-21538.68,-11999.13,-13387.98,-13054.85,-10599.82,-4708.89,-6813.08
1786312052.666000,1849.38,-21532.78,-11997.25,-13386.91,-13054.31,-10597.94,-4704.86,-6811.47
1786312052.666000,1846.16,-21528.48,-11981.43,-13388.78,-13057.80,-10599.55,-4709.69,-6817.64
1786312052.669000,1848.31,-21527.14,-11969.09,-13390.66,-13055.38,-10599.82,-4711.03,-6816.03
1786312052.669000,1848.85,-21529.29,-11965.34,-13391.47,-13056.73,-10597.68,-4712.37,-6816.03
1786312052.669000,1847.51,-21533.04,-11976.60,-13391.20,-13057.80,-10597.41,-4711.57,-6816.30
1786312052.669000,1846.97,-21533.04,-11983.57,-13390.12,-13056.99,-10601.16,-4708.35,-6815.23
1786312052.669000,1847.24,-21533.85,-11985.99,-13393.34,-13057.26,-10603.58,-4709.15,-6817.10
1786312052.697000,1846.97,-21535.19,-11987.87,-13393.34,-13059.14,-10603.31,-4715.86,-6817.64
1786312052.697000,1845.36,-21539.75,-11988.67,-13391.47,-13060.21,-10600.09,-4715.59,-6821.93
1786312052.697000,1843.75,-21540.29,-11980.36,-13391.20,-13061.55,-10603.31,-4714.25,-6824.34
1786312052.697000,1843.48,-21534.92,-11987.60,-13391.20,-13061.02,-10608.41,-4713.45,-6824.61
1786312052.697000,1841.34,-21531.97,-11991.35,-13391.47,-13062.90,-10611.09,-4716.66,-6826.76
1786312052.739000,1841.07,-21535.73,-11981.70,-13393.61,-13064.77,-10610.82,-4722.57,-6827.56
1786312052.739000,1843.21,-21537.60,-11979.82,-13393.34,-13064.77,-10608.67,-4720.96,-6826.22
1786312052.739000,1840.80,-21538.68,-11981.43,-13393.34,-13065.58,-10607.33,-4718.01,-6826.49
1786312052.739000,1842.95,-21536.53,-11980.62,-13393.88,-13063.16,-10606.80,-4717.74,-6824.08
1786312052.739000,1846.70,-21530.63,-11977.67,-13394.15,-13058.87,-10607.06,-4714.52,-6820.59
1786312052.742000,1846.43,-21533.31,-11975.80,-13394.15,-13059.41,-10605.72,-4716.13,-6822.47
1786312052.742000,1843.48,-21536.80,-11976.33,-13393.88,-13062.90,-10604.65,-4715.32,-6826.76
1786312052.742000,1841.87,-21536.53,-11978.48,-13391.47,-13063.97,-10607.87,-4713.18,-6827.30
1786312052.742000,1840.80,-21535.73,-11991.89,-13390.12,-13064.77,-10610.82,-4716.40,-6827.30
1786312052.742000,1843.21,-21535.99,-11994.03,-13392.54,-13063.70,-10610.01,-4718.81,-6826.76
1786312052.746000,1848.85,-21537.87,-11983.31,-13394.68,-13059.94,-10606.53,-4715.86,-6821.39
1786312052.746000,1849.38,-21540.02,-11976.60,-13393.34,-13059.41,-10606.80,-4714.25,-6821.93
1786312052.746000,1847.77,-21538.41,-11982.50,-13391.47,-13059.68,-10610.28,-4715.06,-6824.08
1786312052.746000,1846.16,-21537.60,-11994.30,-13390.12,-13061.55,-10610.55,-4718.81,-6825.69
1786312052.746000,1846.43,-21535.19,-11996.99,-13390.93,-13062.63,-10609.21,-4721.76,-6824.08
1786312052.801000,1848.85,-21535.73,-11987.33,-13390.66,-13061.55,-10607.33,-4723.10,-6824.88
1786312052.801000,1848.85,-21538.14,-11986.52,-13389.86,-13062.36,-10611.09,-4718.27,-6825.69
1786312052.801000,1847.77,-21536.53,-11985.72,-13390.12,-13062.09,-10611.09,-4714.25,-6823.81
1786312052.801000,1845.90,-21533.85,-11982.77,-13390.66,-13061.82,-10611.36,-4713.98,-6826.49
1786312052.801000,1847.51,-21533.31,-11981.16,-13388.25,-13060.21,-10611.36,-4717.74,-6825.42
1786312052.806000,1847.24,-21537.34,-11980.89,-13388.78,-13060.75,-10612.97,-4720.15,-6824.61
1786312052.806000,1848.85,-21538.14,-11978.75,-13391.20,-13059.94,-10611.09,-4718.54,-6822.74
1786312052.806000,1846.70,-21537.34,-11994.03,-13390.39,-13061.02,-10611.09,-4715.06,-6822.74
1786312052.806000,1842.14,-21535.99,-12010.40,-13387.98,-13065.04,-10615.65,-4717.74,-6823.81
1786312052.806000,1840.26,-21537.60,-12002.08,-13390.12,-13067.45,-10616.99,-4722.30,-6824.61
1786312052.807000,1844.29,-21539.21,-11987.87,-13393.61,-13064.50,-10612.70,-4720.42,-6819.79
1786312052.807000,1847.77,-21538.94,-11980.62,-13393.88,-13060.75,-10612.70,-4715.59,-6816.30
1786312052.807000,1845.09,-21540.55,-11992.69,-13391.20,-13061.55,-10615.92,-4715.59,-6816.57
1786312052.807000,1842.14,-21543.50,-12010.13,-13392.00,-13063.43,-10618.87,-4718.27,-6819.79
1786312052.807000,1842.95,-21542.70,-12004.50,-13392.81,-13064.77,-10615.38,-4719.62,-6815.49
1786312052.846000,1844.29,-21540.02,-11989.74,-13393.34,-13066.65,-10614.04,-4723.64,-6816.03
1786312052.846000,1845.36,-21536.53,-11991.35,-13392.81,-13066.11,-10613.77,-4725.25,-6817.10
1786312052.846000,1841.60,-21535.99,-11996.45,-13394.42,-13066.92,-10618.06,-4728.73,-6817.10
1786312052.846000,1841.07,-21534.65,-11990.28,-13391.73,-13064.24,-10617.26,-4725.78,-6816.83
1786312052.846000,1842.41,-21534.92,-11990.28,-13391.20,-13063.16,-10613.50,-4720.96,-6818.44
1786312052.889000,1843.48,-21538.14,-11992.16,-13392.00,-13065.31,-10615.92,-4719.08,-6817.37
1786312052.889000,1844.56,-21543.24,-11993.23,-13390.66,-13065.04,-10615.92,-4722.83,-6816.57
1786312052.889000,1845.63,-21539.21,-11996.18,-13390.12,-13063.43,-10611.36,-4720.96,-6814.42
1786312052.889000,1846.70,-21534.65,-12003.69,-13390.93,-13061.55,-10618.06,-4714.79,-6812.54
1786312052.889000,1846.16,-21533.85,-12003.69,-13391.20,-13059.94,-10617.26,-4713.98,-6813.35
1786312052.893000,1847.51,-21534.38,-11991.08,-13392.00,-13058.87,-10612.70,-4715.32,-6812.01
1786312052.893000,1848.31,-21532.24,-11984.65,-13392.00,-13058.07,-10610.01,-4715.86,-6809.32
1786312052.893000,1846.97,-21532.51,-11987.60,-13389.86,-13060.48,-10611.89,-4720.15,-6810.67
1786312052.893000,1844.29,-21534.38,-12000.47,-13388.25,-13061.82,-10614.57,-4721.49,-6810.13
1786312052.893000,1841.60,-21535.73,-12007.45,-13392.00,-13062.63,-10614.04,-4719.62,-6811.74
1786312052.919000,1848.04,-21540.02,-12009.86,-13392.54,-13058.60,-10610.55,-4715.86,-6807.18
1786312052.919000,1850.19,-21541.89,-12003.96,-13391.47,-13059.41,-10615.38,-4720.96,-6806.11
1786312052.919000,1844.82,-21535.46,-11990.55,-13389.32,-13063.43,-10615.92,-4724.44,-6809.86
1786312052.919000,1842.41,-21529.56,-11987.87,-13389.86,-13063.70,-10613.77,-4721.22,-6812.27
1786312052.919000,1844.56,-21528.75,-11988.67,-13391.73,-13062.36,-10612.70,-4719.62,-6810.40
1786312052.923000,1846.43,-21529.29,-11981.96,-13392.54,-13062.63,-10611.62,-4718.27,-6812.01
1786312052.923000,1849.12,-21532.24,-11981.70,-13391.47,-13062.63,-10612.16,-4719.35,-6811.74
1786312052.923000,1848.85,-21533.58,-11992.96,-13389.32,-13064.24,-10616.72,-4720.96,-6810.40
1786312052.923000,1845.09,-21535.99,-12003.96,-13391.47,-13063.97,-10618.06,-4723.91,-6815.23
1786312052.923000,1849.38,-21533.04,-11998.06,-13392.00,-13058.07,-10611.36,-4720.42,-6809.59
1786312052.926000,1852.07,-21535.73,-11989.74,-13392.81,-13057.26,-10611.36,-4718.54,-6807.98
1786312052.926000,1854.21,-21541.89,-11994.57,-13391.47,-13055.65,-10610.01,-4716.13,-6806.37
1786312052.926000,1855.02,-21541.09,-12017.37,-13387.98,-13058.87,-10612.97,-4723.91,-6805.03
1786312052.926000,1847.77,-21538.68,-12020.05,-13388.25,-13064.77,-10618.87,-4732.49,-6812.01
1786312052.926000,1845.63,-21533.85,-11999.40,-13390.12,-13062.09,-10617.26,-4728.47,-6816.03
1786312052.973000,1851.80,-21528.48,-11980.89,-13390.66,-13057.26,-10611.36,-4717.74,-6810.67
1786312052.973000,1854.21,-21529.02,-11975.26,-13389.32,-13053.51,-10608.41,-4711.03,-6809.32
1786312052.973000,1853.94,-21530.09,-11982.23,-13387.71,-13055.65,-10609.48,-4710.76,-6810.40
1786312052.973000,1849.12,-21531.70,-11993.23,-13386.10,-13059.68,-10612.43,-4716.40,-6813.08
1786312052.973000,1849.65,-21533.31,-11999.13,-13387.98,-13059.41,-10611.89,-4716.93,-6810.93
1786312052.994000,1855.02,-21535.99,-11998.06,-13387.98,-13056.19,-10610.01,-4716.40,-6807.18
1786312052.994000,1855.55,-21537.07,-11988.94,-13386.37,-13056.99,-10611.09,-4717.20,-6806.64
1786312052.994000,1855.55,-21533.31,-11995.91,-13383.96,-13056.73,-10611.89,-4715.06,-6805.57
1786312052.994000,1850.99,-21532.51,-12014.69,-13383.15,-13061.82,-10617.26,-4719.88,-6809.06
1786312052.994000,1846.70,-21535.73,-12008.79,-13385.83,-13065.85,-10618.06,-4725.78,-6812.01
1786312052.997000,1846.16,-21538.41,-11994.30,-13387.71,-13066.38,-10618.06,-4727.93,-6813.08
1786312052.997000,1846.97,-21535.46,-11999.13,-13386.64,-13065.04,-10617.26,-4727.93,-6809.86
1786312052.997000,1846.43,-21532.51,-11999.13,-13386.64,-13064.77,-10618.33,-4726.59,-6808.25
1786312052.997000,1846.16,-21532.78,-12005.84,-13383.96,-13063.97,-10622.62,-4727.93,-6809.06
1786312052.997000,1848.31,-21538.41,-12008.25,-13383.96,-13062.09,-10621.28,-4727.93,-6807.72
1786312053.026000,1849.92,-21536.53,-11996.45,-13388.52,-13062.63,-10620.21,-4725.25,-6806.64
1786312053.026000,1851.53,-21533.58,-11988.40,-13387.98,-13062.90,-10618.60,-4724.18,-6801.81
1786312053.026000,1848.85,-21532.51,-11995.91,-13382.61,-13065.04,-10619.13,-4725.25,-6802.08
1786312053.026000,1844.29,-21532.51,-12009.32,-13381.81,-13066.11,-10621.28,-4732.49,-6806.64
1786312053.026000,1840.26,-21532.78,-12008.79,-13383.15,-13068.26,-10626.11,-4739.20,-6810.67
1786312053.029000,1841.60,-21533.85,-11996.72,-13385.30,-13070.14,-10629.06,-4738.39,-6813.08
1786312053.029000,1842.95,-21535.73,-11994.57,-13385.30,-13070.67,-10627.99,-4734.37,-6812.54
1786312053.029000,1844.82,-21537.87,-12008.52,-13384.76,-13066.38,-10621.28,-4726.86,-6807.72
1786312053.029000,1847.24,-21534.65,-12019.52,-13384.76,-13062.90,-10621.55,-4726.05,-6806.37
1786312053.029000,1845.90,-21531.97,-12006.37,-13385.30,-13065.58,-10625.30,-4731.15,-6811.47
1786312053.072000,1849.65,-21528.48,-11989.21,-13386.10,-13065.31,-10619.94,-4731.15,-6806.64
1786312053.072000,1850.46,-21532.24,-11993.50,-13382.88,-13065.85,-10620.74,-4727.66,-6802.89
1786312053.072000,1848.58,-21534.92,-12010.66,-13381.27,-13067.99,-10626.64,-4729.27,-6802.35
1786312053.072000,1845.09,-21533.31,-12017.37,-13381.01,-13067.99,-10628.52,-4737.59,-6805.03
1786312053.072000,1845.09,-21531.70,-12005.84,-13382.35,-13068.26,-10630.13,-4737.05,-6806.37
1786312053.086000,1847.24,-21532.78,-12000.47,-13384.49,-13066.11,-10627.99,-4734.10,-6805.30
1786312053.086000,1847.77,-21531.97,-11991.35,-13383.96,-13064.77,-10621.82,-4730.61,-6804.76
1786312053.086000,1847.51,-21527.95,-11994.57,-13383.69,-13062.09,-10620.74,-4725.25,-6803.96
1786312053.086000,1848.85,-21527.68,-12003.69,-13383.42,-13059.94,-10621.28,-4725.78,-6801.28
1786312053.086000,1851.80,-21530.63,-12009.86,-13383.69,-13058.34,-10617.79,-4726.05,-6798.60
1786312053.089000,1850.19,-21533.04,-12013.88,-13383.15,-13061.29,-10619.67,-4733.03,-6801.81
1786312053.089000,1846.70,-21535.73,-12003.96,-13384.49,-13068.80,-10627.18,-4743.49,-6805.84
1786312053.089000,1850.46,-21531.97,-11999.94,-13381.81,-13068.26,-10623.43,-4737.05,-6799.13
1786312053.089000,1846.16,-21532.78,-12010.13,-13380.74,-13070.67,-10626.38,-4733.29,-6800.47
1786312053.089000,1846.16,-21531.97,-12014.42,-13381.54,-13069.06,-10624.77,-4735.17,-6801.81
1786312053.117000,1846.16,-21531.17,-11998.06,-13381.81,-13069.60,-10626.11,-4736.51,-6803.96
1786312053.117000,1843.21,-21531.17,-11992.43,-13380.74,-13071.48,-10629.06,-4735.44,-6808.25
1786312053.117000,1843.21,-21529.82,-12001.28,-13380.47,-13070.67,-10630.40,-4734.10,-6807.98
1786312053.117000,1846.16,-21529.29,-12008.52,-13379.66,-13067.45,-10629.33,-4733.56,-6802.35
1786312053.117000,1847.77,-21533.58,-12011.20,-13382.35,-13066.11,-10627.45,-4735.44,-6801.81
1786312053.132000,1848.85,-21532.78,-12004.50,-13382.08,-13066.65,-10626.11,-4736.51,-6802.35
1786312053.132000,1849.12,-21529.56,-11993.23,-13380.74,-13066.65,-10625.04,-4736.51,-6799.94
1786312053.132000,1847.77,-21533.31,-12007.45,-13380.47,-13068.80,-10623.96,-4733.56,-6797.79
1786312053.132000,1844.02,-21535.19,-12029.44,-13380.47,-13072.82,-10626.91,-4736.78,-6799.94
1786312053.132000,1841.07,-21537.60,-12021.93,-13382.88,-13076.04,-10630.40,-4744.02,-6803.42
1786312053.147000,1842.14,-21537.87,-12004.50,-13385.03,-13072.82,-10631.47,-4743.22,-6803.42
1786312053.147000,1843.48,-21532.78,-11995.91,-13383.69,-13072.01,-10630.40,-4741.34,-6803.96
1786312053.147000,1840.80,-21530.63,-12006.10,-13382.88,-13074.16,-10633.08,-4745.36,-6806.37
1786312053.147000,1842.41,-21528.48,-12009.86,-13381.27,-13072.01,-10631.20,-4741.34,-6803.16
1786312053.147000,1844.82,-21529.02,-12014.15,-13380.74,-13070.41,-10627.99,-4737.32,-6801.55
1786312053.179000,1844.56,-21532.51,-12009.86,-13382.61,-13073.62,-10627.45,-4740.80,-6802.62
1786312053.179000,1844.29,-21533.04,-11999.94,-13382.35,-13074.43,-10632.55,-4740.80,-6802.62
1786312053.179000,1844.29,-21533.85,-12011.74,-13379.40,-13074.97,-10636.03,-4741.34,-6802.35
1786312053.179000,1842.14,-21536.26,-12025.42,-13380.47,-13077.11,-10637.37,-4749.39,-6801.81
1786312053.179000,1839.73,-21535.99,-12022.20,-13382.35,-13080.06,-10637.91,-4751.27,-6803.69
1786312053.192000,1843.75,-21534.65,-12008.79,-13383.69,-13075.50,-10633.08,-4744.83,-6801.28
1786312053.192000,1843.75,-21533.85,-12000.74,-13383.96,-13074.16,-10631.47,-4739.73,-6799.13
1786312053.192000,1842.14,-21531.97,-12007.98,-13382.61,-13074.97,-10630.67,-4741.07,-6799.94
1786312053.192000,1840.53,-21529.82,-12018.17,-13379.93,-13077.11,-10635.23,-4746.71,-6801.28
1786312053.192000,1839.46,-21529.29,-12015.22,-13382.35,-13078.18,-10634.15,-4745.63,-6803.69
1786312053.234000,1839.73,-21532.24,-12003.15,-13384.76,-13075.77,-10630.67,-4742.41,-6803.42
1786312053.234000,1840.00,-21534.38,-12005.30,-13383.15,-13074.70,-10636.03,-4744.29,-6805.30
1786312053.234000,1841.87,-21535.99,-12007.45,-13383.42,-13077.38,-10642.47,-4746.97,-6803.42
1786312053.234000,1840.53,-21533.85,-12016.83,-13383.42,-13078.99,-10641.66,-4749.66,-6803.16
1786312053.234000,1840.80,-21533.31,-12018.71,-13383.42,-13078.45,-10640.06,-4749.39,-6801.81
1786312053.239000,1841.07,-21540.29,-12020.05,-13384.49,-13079.79,-10635.50,-4746.71,-6799.67
1786312053.239000,1844.82,-21542.43,-12031.85,-13384.76,-13074.43,-10637.91,-4744.56,-6796.99
1786312053.239000,1841.07,-21542.43,-12031.85,-13385.56,-13078.72,-10643.81,-4753.41,-6800.20
1786312053.239000,1835.17,-21541.09,-12026.22,-13386.37,-13084.62,-10646.49,-4757.70,-6805.30
1786312053.239000,1836.24,-21534.65,-12012.27,-13387.17,-13083.28,-10641.13,-4753.41,-6804.50
1786312053.264000,1837.58,-21530.90,-11999.94,-13385.30,-13080.60,-10637.91,-4750.19,-6803.69
1786312053.264000,1838.65,-21530.63,-12003.42,-13383.15,-13078.18,-10639.25,-4750.19,-6803.42
1786312053.264000,1838.65,-21530.36,-12012.54,-13381.81,-13077.38,-10640.59,-4749.66,-6803.16
1786312053.264000,1837.05,-21531.17,-12018.71,-13381.81,-13077.65,-10640.59,-4747.78,-6807.72
1786312053.264000,1836.78,-21532.51,-12020.32,-13382.88,-13078.72,-10637.91,-4747.24,-6807.45
1786312053.268000,1840.00,-21535.19,-12018.17,-13382.08,-13077.38,-10636.57,-4746.97,-6803.16
1786312053.268000,1839.19,-21538.41,-12015.49,-13381.27,-13078.45,-10638.45,-4749.12,-6804.23
1786312053.268000,1837.58,-21540.55,-12028.37,-13382.88,-13080.87,-10641.66,-4752.61,-6805.30
1786312053.268000,1839.73,-21535.73,-12035.34,-13382.88,-13079.26,-10639.79,-4751.27,-6802.08
1786312053.268000,1839.46,-21534.38,-12021.39,-13385.03,-13080.33,-10642.74,-4751.27,-6804.50
1786312053.297000,1839.46,-21535.73,-12004.50,-13383.15,-13079.52,-10641.66,-4752.07,-6805.84
1786312053.297000,1841.87,-21536.26,-12009.32,-13381.27,-13075.77,-10641.66,-4749.92,-6802.08
1786312053.297000,1839.73,-21533.58,-12014.15,-13380.74,-13077.38,-10643.54,-4750.73,-6804.50
1786312053.297000,1838.92,-21532.51,-12016.03,-13380.47,-13081.13,-10646.76,-4753.41,-6804.76
1786312053.297000,1839.19,-21534.38,-12013.88,-13381.27,-13083.28,-10647.03,-4755.29,-6803.16
1786312053.326000,1838.65,-21535.73,-12009.32,-13380.47,-13086.77,-10645.69,-4756.63,-6803.69
1786312053.326000,1837.58,-21539.48,-12016.03,-13378.05,-13084.89,-10642.74,-4754.48,-6804.76
1786312053.326000,1840.80,-21542.16,-12034.27,-13379.13,-13082.74,-10645.15,-4756.36,-6801.01
1786312053.326000,1840.53,-21542.43,-12044.19,-13378.59,-13084.89,-10648.64,-4764.94,-6802.08
1786312053.326000,1839.73,-21538.68,-12029.44,-13379.93,-13081.67,-10650.52,-4761.46,-6801.81
1786312053.329000,1841.07,-21535.46,-12010.93,-13380.47,-13081.13,-10648.91,-4757.17,-6803.69
1786312053.329000,1840.26,-21533.31,-12004.76,-13378.59,-13082.48,-10648.10,-4758.24,-6803.16
1786312053.329000,1837.31,-21532.24,-12008.25,-13378.59,-13085.43,-10651.05,-4762.26,-6802.08
1786312053.329000,1837.05,-21533.58,-12017.91,-13378.59,-13084.35,-10650.52,-4763.60,-6800.47
1786312053.329000,1839.46,-21535.73,-12024.61,-13379.40,-13084.08,-10648.64,-4764.68,-6796.99
1786312053.384000,1841.87,-21541.36,-12025.42,-13380.20,-13083.55,-10648.91,-4759.85,-6795.38
1786312053.384000,1841.07,-21541.09,-12018.17,-13379.66,-13083.01,-10651.05,-4755.29,-6796.18
1786312053.384000,1842.14,-21533.31,-12020.59,-13378.05,-13078.72,-10647.30,-4755.02,-6794.04
1786312053.384000,1839.19,-21536.80,-12027.03,-13380.74,-13081.13,-10646.76,-4757.70,-6794.57
1786312053.384000,1837.85,-21541.89,-12034.54,-13379.93,-13084.08,-10649.71,-4761.46,-6794.57
1786312053.389000,1835.70,-21541.36,-12019.52,-13380.20,-13089.18,-10655.34,-4767.36,-6798.60
1786312053.389000,1834.90,-21540.29,-12009.06,-13380.20,-13089.72,-10653.47,-4764.68,-6801.28
1786312053.389000,1833.83,-21536.53,-12018.17,-13378.32,-13088.91,-10650.78,-4759.85,-6798.06
1786312053.389000,1838.12,-21534.65,-12031.32,-13379.40,-13083.01,-10647.30,-4757.43,-6791.62
1786312053.389000,1837.58,-21535.99,-12025.42,-13380.74,-13082.21,-10648.10,-4761.73,-6790.82
1786312053.392000,1837.58,-21536.53,-12015.76,-13380.74,-13085.69,-10649.98,-4764.14,-6792.69
1786312053.392000,1835.97,-21538.41,-12014.96,-13380.20,-13088.91,-10653.47,-4766.02,-6792.43
1786312053.392000,1834.09,-21540.55,-12028.10,-13379.40,-13090.25,-10659.10,-4773.26,-6794.57
1786312053.392000,1830.88,-21537.60,-12026.22,-13381.81,-13091.33,-10657.22,-4772.19,-6796.72
1786312053.392000,1831.14,-21537.60,-12015.76,-13383.15,-13092.40,-10656.69,-4767.63,-6795.11
1786312053.417000,1836.78,-21540.02,-12019.78,-13381.01,-13090.52,-10656.15,-4766.82,-6791.62
1786312053.417000,1835.70,-21539.21,-12027.29,-13379.93,-13089.72,-10657.22,-4769.50,-6787.87
1786312053.417000,1833.02,-21540.02,-12024.08,-13379.93,-13091.06,-10659.10,-4768.16,-6790.55
1786312053.417000,1832.22,-21542.70,-12027.83,-13382.08,-13091.06,-10658.03,-4763.87,-6792.96
1786312053.417000,1838.39,-21541.36,-12030.24,-13383.42,-13086.50,-10652.13,-4761.19,-6787.87
1786312053.432000,1842.95,-21541.09,-12023.54,-13383.42,-13084.35,-10648.10,-4761.46,-6785.18
1786312053.432000,1840.53,-21540.02,-12020.05,-13381.27,-13088.11,-10650.52,-4767.63,-6787.06
1786312053.432000,1837.58,-21537.34,-12026.22,-13381.27,-13092.13,-10659.64,-4768.97,-6787.06
1786312053.432000,1832.22,-21539.21,-12028.90,-13381.01,-13096.15,-10660.71,-4770.85,-6792.43
1786312053.432000,1831.41,-21541.36,-12026.76,-13381.27,-13096.42,-10657.49,-4772.19,-6794.57
1786312053.447000,1831.41,-21544.58,-12016.57,-13382.08,-13097.50,-10659.64,-4775.41,-6795.11
1786312053.447000,1834.09,-21545.92,-12020.59,-13381.01,-13093.74,-10659.64,-4772.72,-6792.69
1786312053.447000,1834.36,-21546.45,-12038.29,-13380.47,-13093.20,-10660.71,-4770.58,-6790.01
1786312053.447000,1832.75,-21546.45,-12040.17,-13382.08,-13094.81,-10662.05,-4771.92,-6790.01
1786312053.447000,1833.56,-21543.77,-12023.00,-13383.69,-13094.28,-10661.25,-4770.31,-6788.40
1786312053.492000,1832.75,-21542.43,-12016.83,-13383.42,-13095.62,-10661.51,-4771.92,-6791.09
1786312053.492000,1834.09,-21540.29,-12024.08,-13381.81,-13095.35,-10659.37,-4772.45,-6791.09
1786312053.492000,1834.09,-21538.68,-12031.32,-13379.66,-13095.62,-10660.98,-4775.94,-6788.67
1786312053.492000,1833.29,-21538.14,-12030.24,-13379.93,-13096.96,-10663.66,-4780.77,-6787.33
1786312053.492000,1831.68,-21542.43,-12030.78,-13382.08,-13100.45,-10663.66,-4782.11,-6790.55
1786312053.519000,1831.68,-21545.38,-12018.17,-13383.42,-13100.18,-10664.73,-4779.96,-6790.55
1786312053.519000,1833.02,-21542.16,-12018.17,-13382.08,-13097.50,-10666.88,-4770.58,-6788.94
1786312053.519000,1831.41,-21547.53,-12031.85,-13379.66,-13098.03,-10665.54,-4770.85,-6791.35
1786312053.519000,1829.53,-21548.33,-12036.68,-13381.27,-13098.84,-10664.73,-4772.72,-6790.82
1786312053.519000,1830.61,-21541.89,-12028.90,-13383.15,-13098.30,-10662.05,-4773.26,-6789.74
1786312053.549000,1831.68,-21540.29,-12018.98,-13383.96,-13100.18,-10661.51,-4777.55,-6789.74
1786312053.549000,1831.68,-21541.36,-12020.05,-13383.15,-13101.25,-10660.44,-4776.21,-6788.94
1786312053.549000,1829.80,-21543.77,-12029.17,-13381.01,-13102.86,-10662.85,-4774.60,-6790.01
1786312053.549000,1827.39,-21544.31,-12038.83,-13381.27,-13102.06,-10667.68,-4778.09,-6792.96
1786312053.549000,1832.75,-21543.24,-12032.93,-13384.76,-13098.30,-10664.20,-4778.09,-6788.13
1786312053.552000,1833.83,-21543.50,-12022.20,-13383.96,-13098.30,-10664.20,-4782.11,-6788.94
1786312053.552000,1829.53,-21546.45,-12019.25,-13382.61,-13099.10,-10669.56,-4780.77,-6791.35
1786312053.552000,1830.07,-21546.99,-12029.98,-13382.08,-13098.84,-10668.49,-4775.41,-6791.35
1786312053.552000,1830.34,-21546.19,-12047.95,-13382.08,-13099.91,-10666.88,-4774.87,-6790.55
1786312053.552000,1828.19,-21546.72,-12036.15,-13383.42,-13104.20,-10668.76,-4780.23,-6793.77
1786312053.555000,1828.19,-21548.87,-12014.96,-13384.76,-13108.49,-10671.71,-4785.33,-6793.50
1786312053.555000,1830.34,-21545.38,-12018.17,-13382.61,-13108.22,-10670.90,-4782.92,-6790.28
1786312053.555000,1829.53,-21542.43,-12031.32,-13379.40,-13105.27,-10670.63,-4783.45,-6788.40
1786312053.555000,1830.07,-21541.89,-12040.44,-13382.61,-13101.79,-10670.10,-4786.40,-6787.87
1786312053.555000,1830.34,-21545.38,-12034.00,-13383.96,-13103.13,-10672.24,-4788.28,-6790.28
1786312053.582000,1827.93,-21552.62,-12027.83,-13385.83,-13106.88,-10673.31,-4787.48,-6794.84
1786312053.582000,1828.19,-21553.43,-12029.44,-13385.03,-13107.69,-10676.27,-4784.79,-6796.45
1786312053.582000,1831.68,-21549.67,-12035.88,-13381.27,-13104.47,-10675.46,-4782.92,-6791.09
1786312053.582000,1830.34,-21547.53,-12039.90,-13380.74,-13104.20,-10672.24,-4782.92,-6791.09
1786312053.582000,1828.19,-21546.99,-12029.98,-13382.08,-13107.69,-10671.17,-4787.74,-6794.30
1786312053.585000,1828.19,-21548.06,-12029.98,-13382.08,-13108.49,-10668.76,-4786.67,-6795.11
1786312053.585000,1827.93,-21548.33,-12033.20,-13380.74,-13106.35,-10671.44,-4782.92,-6795.38
1786312053.585000,1823.37,-21551.82,-12034.80,-13379.40,-13111.17,-10679.22,-4788.28,-6795.91
1786312053.585000,1820.95,-21549.40,-12042.05,-13379.93,-13112.25,-10680.29,-4789.62,-6797.25
1786312053.585000,1824.17,-21549.40,-12036.15,-13382.08,-13107.15,-10676.27,-4786.67,-6795.91
1786312053.612000,1826.85,-21551.28,-12027.56,-13381.81,-13109.83,-10673.85,-4788.01,-6796.45
1786312053.612000,1824.71,-21552.09,-12038.02,-13380.74,-13115.20,-10680.02,-4790.96,-6795.91
1786312053.612000,1823.63,-21549.67,-12035.34,-13379.66,-13114.13,-10685.65,-4792.84,-6793.23
1786312053.612000,1824.71,-21546.19,-12029.17,-13380.47,-13110.91,-10684.04,-4790.16,-6793.23
1786312053.612000,1826.85,-21546.99,-12026.49,-13380.47,-13109.30,-10678.41,-4790.16,-6792.69
1786312053.627000,1825.51,-21548.87,-12021.93,-13381.27,-13110.91,-10677.61,-4796.33,-6791.09
1786312053.627000,1822.29,-21548.60,-12032.12,-13378.86,-13113.59,-10681.36,-4799.28,-6794.04
1786312053.627000,1819.34,-21553.43,-12042.31,-13377.79,-13116.00,-10685.38,-4795.25,-6796.72
1786312053.627000,1818.00,-21553.16,-12039.90,-13379.93,-13116.54,-10685.38,-4793.91,-6796.72
1786312053.627000,1818.81,-21549.67,-12032.66,-13383.15,-13116.00,-10682.17,-4795.52,-6794.84
1786312053.684000,1822.83,-21554.50,-12038.02,-13385.30,-13115.73,-10678.14,-4797.13,-6792.43
1786312053.684000,1822.02,-21560.94,-12040.17,-13385.30,-13117.08,-10683.24,-4797.94,-6791.89
1786312053.684000,1818.27,-21555.04,-12041.78,-13383.42,-13117.08,-10688.34,-4794.99,-6792.16
1786312053.684000,1819.61,-21550.48,-12049.02,-13382.08,-13116.54,-10687.53,-4793.64,-6791.89
1786312053.684000,1819.34,-21551.55,-12042.05,-13382.61,-13119.49,-10686.73,-4797.94,-6791.89
1786312053.689000,1816.66,-21551.82,-12024.34,-13383.42,-13121.10,-10687.53,-4799.55,-6793.77
1786312053.689000,1818.54,-21552.36,-12039.63,-13380.20,-13119.76,-10686.99,-4796.59,-6791.35
1786312053.689000,1816.39,-21553.43,-12047.68,-13381.27,-13121.64,-10691.29,-4801.15,-6791.89
1786312053.689000,1813.44,-21552.09,-12035.34,-13383.96,-13122.71,-10691.82,-4804.37,-6795.11
1786312053.689000,1815.86,-21549.94,-12032.12,-13381.27,-13123.24,-10689.41,-4803.30,-6791.89
1786312053.691000,1818.27,-21552.89,-12032.12,-13381.81,-13121.10,-10687.53,-4800.89,-6789.74
1786312053.691000,1816.66,-21555.57,-12033.46,-13382.61,-13121.37,-10687.53,-4799.01,-6788.94
1786312053.691000,1813.98,-21553.96,-12043.39,-13380.74,-13120.83,-10688.34,-4798.20,-6789.74
1786312053.691000,1810.49,-21556.92,-12051.43,-13381.27,-13121.90,-10687.53,-4800.89,-6791.09
1786312053.691000,1813.17,-21557.18,-12045.80,-13383.42,-13122.98,-10689.41,-4805.71,-6791.62
1786312053.731000,1816.66,-21553.43,-12036.41,-13383.96,-13121.64,-10690.21,-4805.45,-6788.40
1786312053.731000,1819.34,-21551.82,-12036.15,-13383.42,-13120.56,-10689.14,-4800.35,-6784.38
1786312053.731000,1817.73,-21552.89,-12038.83,-13383.42,-13121.37,-10692.09,-4801.42,-6784.38
1786312053.731000,1816.93,-21554.77,-12048.75,-13383.15,-13120.83,-10692.09,-4800.89,-6784.11
1786312053.731000,1818.00,-21557.45,-12045.00,-13381.27,-13120.29,-10693.70,-4803.84,-6783.84
1786312053.734000,1819.07,-21557.18,-12034.54,-13382.88,-13120.03,-10692.63,-4806.25,-6784.11
1786312053.734000,1816.93,-21554.50,-12029.98,-13382.61,-13122.44,-10689.68,-4802.23,-6786.26
1786312053.734000,1812.10,-21555.04,-12039.10,-13380.47,-13125.39,-10693.43,-4799.55,-6789.74
1786312053.734000,1812.10,-21556.65,-12051.70,-13381.27,-13125.39,-10694.77,-4800.08,-6787.60
1786312053.734000,1815.59,-21555.84,-12042.85,-13383.42,-13123.24,-10691.82,-4801.15,-6783.04
1786312053.747000,1815.86,-21553.70,-12031.32,-13382.35,-13124.32,-10693.70,-4803.57,-6784.92
1786312053.747000,1814.25,-21554.77,-12034.27,-13381.01,-13126.46,-10694.50,-4805.71,-6786.79
1786312053.747000,1812.64,-21554.77,-12043.39,-13380.74,-13129.15,-10696.38,-4808.13,-6787.06
1786312053.747000,1812.64,-21554.77,-12050.09,-13380.47,-13128.61,-10697.72,-4809.47,-6789.74
1786312053.747000,1815.59,-21556.92,-12044.19,-13381.27,-13125.93,-10695.58,-4808.13,-6787.06
1786312053.777000,1816.12,-21555.31,-12041.51,-13380.74,-13125.93,-10693.97,-4805.18,-6785.72
1786312053.777000,1815.59,-21555.31,-12038.83,-13378.32,-13127.80,-10697.19,-4807.86,-6784.38
1786312053.777000,1816.12,-21556.65,-12041.51,-13378.86,-13126.20,-10698.26,-4806.79,-6782.23
1786312053.777000,1816.66,-21555.84,-12052.24,-13379.13,-13124.59,-10696.11,-4805.71,-6784.38
1786312053.777000,1813.44,-21555.31,-12047.41,-13381.01,-13127.27,-10696.92,-4807.86,-6788.40
1786312053.792000,1812.10,-21555.31,-12028.64,-13381.54,-13129.15,-10695.04,-4809.74,-6785.99
1786312053.792000,1812.64,-21557.72,-12035.61,-13380.47,-13131.29,-10694.24,-4807.32,-6787.06
1786312053.792000,1813.44,-21558.52,-12055.46,-13380.47,-13128.61,-10699.06,-4805.98,-6784.65
1786312053.792000,1814.78,-21553.70,-12049.02,-13381.81,-13127.54,-10698.80,-4807.06,-6782.23
1786312053.792000,1816.39,-21550.75,-12035.07,-13382.08,-13125.93,-10696.65,-4812.42,-6782.50
1786312053.807000,1818.00,-21552.36,-12027.56,-13381.27,-13125.39,-10695.58,-4813.49,-6782.23
1786312053.807000,1815.05,-21555.31,-12043.12,-13379.93,-13126.46,-10698.53,-4807.86,-6784.11
1786312053.807000,1813.98,-21554.77,-12055.46,-13378.05,-13126.46,-10699.60,-4803.03,-6784.38
1786312053.807000,1812.64,-21552.36,-12052.51,-13378.59,-13127.00,-10697.19,-4803.57,-6783.58
1786312053.807000,1815.32,-21550.48,-12036.95,-13382.61,-13126.46,-10693.16,-4804.37,-6783.84
1786312053.837000,1814.78,-21552.09,-12029.44,-13380.74,-13127.00,-10695.04,-4805.98,-6786.53
1786312053.837000,1811.56,-21553.96,-12035.88,-13378.32,-13131.02,-10701.48,-4809.74,-6789.21
1786312053.837000,1810.76,-21553.16,-12048.22,-13375.37,-13131.02,-10703.62,-4810.81,-6789.48
1786312053.837000,1810.76,-21552.09,-12042.85,-13376.45,-13132.36,-10704.43,-4813.76,-6790.28
1786312053.837000,1809.15,-21553.70,-12036.15,-13376.18,-13130.49,-10700.94,-4812.15,-6791.09
1786312053.866000,1809.69,-21556.11,-12041.51,-13374.57,-13130.49,-10701.21,-4812.69,-6792.43
1786312053.866000,1809.69,-21555.57,-12040.71,-13373.76,-13131.29,-10699.60,-4814.57,-6790.55
1786312053.866000,1810.76,-21552.09,-12040.97,-13372.69,-13128.88,-10700.94,-4812.15,-6789.74
1786312053.866000,1818.27,-21547.26,-12042.85,-13373.23,-13124.05,-10698.26,-4807.06,-6781.97
1786312053.866000,1820.15,-21549.94,-12046.61,-13373.76,-13124.32,-10703.62,-4810.01,-6779.02
1786312053.869000,1820.68,-21551.82,-12040.71,-13377.25,-13123.24,-10700.41,-4806.25,-6780.36
1786312053.869000,1819.34,-21551.28,-12039.36,-13375.91,-13125.66,-10695.04,-4805.71,-6781.70
1786312053.869000,1814.25,-21552.62,-12048.48,-13374.30,-13127.27,-10699.33,-4805.98,-6783.31
1786312053.869000,1811.30,-21551.55,-12042.31,-13374.57,-13129.95,-10705.50,-4811.88,-6785.72
1786312053.869000,1809.15,-21553.43,-12036.15,-13375.10,-13134.51,-10704.43,-4818.05,-6788.40
1786312053.897000,1809.42,-21553.96,-12043.66,-13375.64,-13133.97,-10701.21,-4815.64,-6787.06
1786312053.897000,1807.54,-21553.16,-12041.51,-13373.23,-13134.51,-10703.89,-4814.83,-6786.26
1786312053.897000,1805.39,-21555.31,-12049.56,-13371.35,-13136.12,-10707.38,-4815.64,-6787.33
1786312053.897000,1803.79,-21554.77,-12050.90,-13373.76,-13136.39,-10709.26,-4815.10,-6787.60
1786312053.897000,1803.79,-21552.36,-12044.19,-13375.37,-13139.34,-10711.13,-4822.34,-6786.53
1786312053.926000,1803.79,-21552.89,-12039.63,-13376.45,-13141.75,-10710.60,-4824.22,-6787.87
1786312053.926000,1802.71,-21553.96,-12043.66,-13374.84,-13141.75,-10711.94,-4822.61,-6788.40
1786312053.926000,1800.03,-21554.77,-12055.73,-13375.10,-13142.56,-10715.43,-4825.56,-6790.55
1786312053.926000,1802.18,-21556.11,-12055.46,-13377.79,-13139.61,-10711.94,-4819.39,-6789.48
1786312053.926000,1804.86,-21555.31,-12041.24,-13376.71,-13136.12,-10707.11,-4814.57,-6786.53
1786312053.929000,1803.25,-21552.09,-12038.29,-13376.45,-13137.73,-10706.84,-4815.64,-6784.65
1786312053.929000,1804.05,-21554.77,-12041.51,-13376.71,-13138.80,-10709.79,-4816.98,-6781.43
1786312053.929000,1801.91,-21553.43,-12046.87,-13374.57,-13140.41,-10715.16,-4820.20,-6782.77
1786312053.929000,1800.57,-21551.01,-12048.75,-13375.10,-13142.56,-10715.69,-4822.88,-6783.04
1786312053.929000,1801.10,-21554.77,-12045.53,-13376.71,-13142.02,-10714.35,-4823.68,-6781.97
1786312053.957000,1805.39,-21558.26,-12044.73,-13378.05,-13138.53,-10711.94,-4821.81,-6778.48
1786312053.957000,1806.74,-21560.67,-12059.21,-13375.37,-13135.85,-10713.01,-4821.54,-6775.53
1786312053.957000,1802.18,-21559.33,-12067.80,-13376.71,-13139.34,-10713.28,-4823.15,-6777.67
1786312053.957000,1800.84,-21557.18,-12065.11,-13376.98,-13142.56,-10714.62,-4824.49,-6780.09
1786312053.957000,1800.84,-21556.11,-12051.70,-13375.91,-13143.63,-10715.96,-4830.39,-6782.23
1786312054.006000,1801.10,-21553.43,-12038.56,-13376.98,-13142.56,-10714.89,-4830.93,-6781.43
1786312054.006000,1800.57,-21553.43,-12043.39,-13375.91,-13141.75,-10714.62,-4825.56,-6779.82
1786312054.006000,1797.62,-21556.92,-12061.09,-13374.03,-13144.70,-10718.38,-4825.56,-6780.62
1786312054.006000,1796.01,-21557.45,-12054.38,-13376.71,-13146.85,-10717.30,-4825.03,-6782.23
1786312054.006000,1798.15,-21557.18,-12050.36,-13376.71,-13146.58,-10717.30,-4826.37,-6781.97
1786312054.006000,1797.35,-21560.13,-12047.68,-13378.32,-13147.12,-10719.99,-4827.44,-6784.65
1786312054.006000,1796.81,-21560.40,-12055.19,-13377.79,-13146.04,-10719.45,-4826.90,-6783.84
1786312054.006000,1794.40,-21555.31,-12060.02,-13374.57,-13145.78,-10721.59,-4827.71,-6784.92
1786312054.006000,1793.59,-21555.04,-12058.94,-13375.64,-13146.85,-10722.94,-4829.59,-6786.26
1786312054.006000,1795.47,-21558.79,-12055.73,-13377.25,-13146.04,-10721.86,-4831.73,-6783.31
1786312054.046000,1797.62,-21559.87,-12047.41,-13377.52,-13146.04,-10720.52,-4830.39,-6780.89
1786312054.046000,1795.20,-21559.33,-12053.85,-13375.10,-13146.58,-10723.47,-4829.85,-6781.43
1786312054.046000,1793.86,-21559.33,-12063.50,-13375.10,-13148.46,-10725.62,-4831.73,-6779.82
1786312054.046000,1795.74,-21561.74,-12062.43,-13375.64,-13148.73,-10725.89,-4834.68,-6779.82
1786312054.046000,1792.52,-21559.87,-12059.21,-13378.05,-13152.21,-10727.23,-4838.17,-6780.36
1786312054.049000,1794.93,-21561.47,-12053.04,-13377.79,-13152.48,-10723.74,-4836.83,-6777.41
1786312054.049000,1793.33,-21561.21,-12051.70,-13377.52,-13152.75,-10726.69,-4837.10,-6779.55
1786312054.049000,1789.30,-21558.79,-12059.21,-13377.25,-13153.82,-10731.25,-4841.39,-6783.04
1786312054.049000,1789.30,-21560.67,-12066.45,-13381.01,-13153.29,-10726.96,-4840.85,-6781.16
1786312054.049000,1794.67,-21563.62,-12066.99,-13380.74,-13148.73,-10722.67,-4832.80,-6775.26
1786312054.052000,1797.35,-21567.91,-12061.09,-13380.47,-13147.12,-10721.33,-4828.24,-6774.46
1786312054.052000,1797.62,-21567.11,-12061.09,-13379.13,-13145.78,-10721.33,-4829.05,-6773.65
1786312054.052000,1793.59,-21561.21,-12070.21,-13378.05,-13150.87,-10728.57,-4836.56,-6776.87
1786312054.052000,1788.77,-21559.87,-12067.80,-13379.66,-13154.09,-10733.66,-4843.00,-6781.16
1786312054.052000,1790.64,-21563.35,-12054.12,-13382.08,-13154.09,-10732.59,-4841.12,-6784.11
1786312054.077000,1796.01,-21564.96,-12049.82,-13378.86,-13150.87,-10726.15,-4834.95,-6780.62
1786312054.077000,1794.93,-21562.01,-12058.41,-13377.25,-13150.07,-10724.55,-4833.88,-6782.50
1786312054.077000,1793.33,-21559.33,-12063.50,-13378.05,-13150.87,-10727.23,-4834.95,-6785.45
1786312054.077000,1793.33,-21562.28,-12067.53,-13377.79,-13152.75,-10729.64,-4837.90,-6783.84
1786312054.077000,1793.33,-21564.96,-12065.65,-13379.93,-13154.63,-10727.23,-4841.66,-6785.18
1786312054.135000,1794.13,-21564.16,-12061.89,-13379.93,-13152.75,-10725.89,-4840.85,-6788.13
1786312054.135000,1790.11,-21563.08,-12062.97,-13375.91,-13155.97,-10730.71,-4840.31,-6791.09
1786312054.135000,1790.64,-21559.33,-12066.19,-13374.30,-13155.43,-10733.40,-4841.66,-6790.01
1786312054.135000,1790.91,-21561.47,-12066.19,-13375.64,-13157.58,-10731.25,-4843.00,-6789.74
1786312054.135000,1788.77,-21567.91,-12060.82,-13378.05,-13160.53,-10734.47,-4846.48,-6793.23
1786312054.139000,1788.50,-21568.72,-12053.04,-13377.52,-13158.65,-10734.74,-4844.07,-6792.96
1786312054.139000,1788.50,-21565.23,-12067.80,-13372.42,-13157.04,-10737.69,-4842.46,-6792.43
1786312054.139000,1787.42,-21563.89,-12079.60,-13371.89,-13159.19,-10741.44,-4846.48,-6792.96
1786312054.139000,1790.11,-21563.89,-12075.57,-13374.30,-13157.31,-10734.74,-4845.14,-6789.74
1786312054.139000,1790.11,-21565.50,-12065.92,-13376.45,-13157.31,-10735.81,-4849.17,-6791.62
1786312054.141000,1787.96,-21564.69,-12055.19,-13376.45,-13159.19,-10737.96,-4849.97,-6791.09
1786312054.141000,1787.96,-21562.82,-12064.58,-13373.76,-13159.19,-10738.76,-4844.07,-6786.53
1786312054.141000,1789.57,-21562.82,-12073.70,-13370.81,-13157.85,-10737.96,-4844.61,-6784.92
1786312054.141000,1787.69,-21564.43,-12068.87,-13371.08,-13158.11,-10738.76,-4849.17,-6786.79
1786312054.141000,1789.30,-21566.57,-12062.16,-13374.03,-13157.85,-10737.42,-4848.36,-6786.53
1786312054.145000,1790.64,-21565.50,-12060.55,-13373.76,-13155.16,-10735.01,-4845.14,-6783.31
1786312054.145000,1789.84,-21564.16,-12066.72,-13371.35,-13156.24,-10735.81,-4845.68,-6782.23
1786312054.145000,1786.08,-21566.30,-12069.67,-13372.42,-13159.72,-10737.96,-4847.82,-6783.84
1786312054.145000,1787.69,-21563.62,-12069.40,-13372.96,-13159.19,-10736.08,-4847.29,-6781.16
1786312054.145000,1793.86,-21559.87,-12067.80,-13373.23,-13153.02,-10735.81,-4841.12,-6776.87
1786312054.167000,1791.98,-21560.94,-12067.26,-13373.23,-13153.82,-10734.47,-4840.58,-6780.89
1786312054.167000,1786.62,-21562.55,-12065.11,-13372.69,-13158.11,-10735.54,-4844.61,-6783.84
1786312054.167000,1783.94,-21561.47,-12073.96,-13370.54,-13160.53,-10739.30,-4848.63,-6780.36
1786312054.167000,1780.45,-21563.89,-12074.50,-13373.23,-13163.21,-10740.91,-4850.24,-6781.16
1786312054.167000,1785.28,-21566.84,-12065.65,-13376.98,-13157.31,-10737.15,-4846.48,-6777.67
1786312054.197000,1786.89,-21568.99,-12062.70,-13375.37,-13155.16,-10737.15,-4846.75,-6776.60
1786312054.197000,1783.67,-21567.91,-12069.94,-13374.84,-13158.11,-10737.96,-4848.09,-6778.48
1786312054.197000,1781.52,-21564.69,-12082.28,-13372.96,-13158.38,-10739.30,-4849.70,-6778.75
1786312054.197000,1779.91,-21563.35,-12082.55,-13375.91,-13159.99,-10739.83,-4849.70,-6779.28
1786312054.197000,1783.13,-21563.08,-12065.65,-13377.79,-13158.38,-10737.15,-4848.63,-6776.87
1786312054.226000,1783.94,-21563.35,-12058.94,-13375.37,-13158.38,-10741.71,-4847.82,-6774.99
1786312054.226000,1780.72,-21563.08,-12066.19,-13373.76,-13159.99,-10742.78,-4849.70,-6777.41
1786312054.226000,1776.70,-21562.55,-12079.06,-13374.57,-13165.36,-10743.32,-4858.82,-6779.02
1786312054.226000,1776.96,-21562.82,-12080.94,-13375.37,-13165.89,-10745.20,-4860.16,-6781.16
1786312054.226000,1777.77,-21567.91,-12068.33,-13375.91,-13164.82,-10745.47,-4857.48,-6784.38
1786312054.229000,1777.77,-21568.18,-12069.14,-13376.71,-13161.06,-10742.25,-4853.19,-6781.43
1786312054.229000,1778.57,-21564.69,-12069.94,-13375.91,-13160.26,-10741.71,-4850.78,-6776.87
1786312054.229000,1779.11,-21562.82,-12074.77,-13373.49,-13161.06,-10742.52,-4847.56,-6778.75
1786312054.229000,1780.45,-21565.23,-12076.38,-13372.42,-13159.99,-10741.71,-4846.48,-6778.21
1786312054.229000,1779.11,-21565.23,-12068.87,-13374.03,-13160.80,-10744.13,-4849.97,-6778.48
1786312054.272000,1778.30,-21562.82,-12061.09,-13374.57,-13162.14,-10744.13,-4851.31,-6779.82
1786312054.272000,1778.84,-21563.35,-12070.21,-13371.89,-13162.41,-10747.88,-4854.53,-6779.55
1786312054.272000,1777.77,-21565.50,-12082.28,-13371.62,-13164.28,-10752.44,-4857.75,-6779.02
1786312054.272000,1775.89,-21568.18,-12082.55,-13372.69,-13165.89,-10747.34,-4858.02,-6782.23
1786312054.272000,1776.96,-21570.59,-12076.92,-13375.91,-13165.36,-10746.00,-4857.75,-6781.43
1786312054.274000,1780.45,-21571.13,-12067.80,-13377.25,-13164.28,-10746.54,-4859.36,-6775.80
1786312054.274000,1780.18,-21569.79,-12068.87,-13376.18,-13164.01,-10747.61,-4855.87,-6774.46
1786312054.274000,1776.43,-21567.11,-12081.21,-13374.57,-13167.23,-10748.15,-4855.07,-6776.60
1786312054.274000,1775.89,-21567.38,-12090.33,-13373.76,-13167.23,-10750.29,-4860.70,-6777.67
1786312054.274000,1776.43,-21570.06,-12076.11,-13375.10,-13168.04,-10751.10,-4860.43,-6778.48
1786312054.286000,1776.43,-21572.20,-12066.45,-13375.64,-13168.04,-10751.90,-4859.63,-6779.28
1786312054.286000,1773.21,-21570.86,-12074.23,-13375.10,-13168.57,-10754.05,-4860.16,-6781.16
1786312054.286000,1770.26,-21570.59,-12083.35,-13374.57,-13168.57,-10753.78,-4859.89,-6781.70
1786312054.286000,1774.01,-21568.99,-12080.67,-13376.18,-13166.96,-10750.03,-4859.36,-6779.82
1786312054.286000,1778.04,-21567.91,-12072.89,-13377.52,-13165.36,-10749.22,-4860.43,-6775.80
1786312054.331000,1775.09,-21568.45,-12076.38,-13376.71,-13167.50,-10748.15,-4861.77,-6780.36
1786312054.331000,1771.06,-21571.13,-12081.47,-13376.71,-13169.92,-10751.64,-4862.58,-6783.84
1786312054.331000,1768.38,-21573.28,-12082.28,-13375.64,-13170.72,-10755.66,-4862.58,-6784.65
1786312054.331000,1767.84,-21572.47,-12084.69,-13375.91,-13172.33,-10756.20,-4864.99,-6786.53
1786312054.331000,1771.60,-21569.25,-12077.45,-13378.59,-13170.72,-10753.51,-4864.45,-6783.84
1786312054.334000,1775.89,-21568.72,-12070.48,-13376.45,-13167.77,-10751.37,-4860.43,-6778.48
1786312054.334000,1772.14,-21574.08,-12078.52,-13374.57,-13169.92,-10753.51,-4859.89,-6780.62
1786312054.334000,1769.72,-21570.59,-12089.52,-13375.37,-13170.72,-10754.85,-4859.09,-6782.77
1786312054.334000,1770.53,-21564.69,-12082.55,-13376.71,-13170.18,-10753.51,-4864.19,-6782.23
1786312054.334000,1769.99,-21565.50,-12068.33,-13377.25,-13170.72,-10752.71,-4864.99,-6780.62
1786312054.360000,1769.19,-21568.99,-12065.38,-13376.45,-13171.52,-10753.51,-4866.60,-6780.36
1786312054.360000,1768.38,-21567.91,-12076.65,-13375.10,-13172.87,-10757.27,-4869.01,-6780.09
1786312054.360000,1766.50,-21568.18,-12087.38,-13375.37,-13173.13,-10759.15,-4868.75,-6780.89
1786312054.360000,1769.99,-21570.86,-12090.86,-13376.45,-13170.18,-10755.12,-4864.45,-6779.28
1786312054.360000,1770.79,-21575.42,-12091.40,-13379.13,-13169.92,-10754.32,-4861.50,-6779.02
1786312054.434000,1769.72,-21574.89,-12077.99,-13377.25,-13169.11,-10753.78,-4862.04,-6780.36
1786312054.434000,1768.11,-21571.94,-12071.82,-13375.37,-13170.72,-10755.12,-4862.31,-6782.50
1786312054.434000,1769.99,-21568.99,-12084.43,-13374.30,-13168.04,-10757.27,-4860.43,-6783.58
1786312054.434000,1771.06,-21568.99,-12092.20,-13375.91,-13169.11,-10755.66,-4863.11,-6782.23
1786312054.434000,1772.40,-21568.18,-12085.77,-13378.05,-13170.18,-10755.39,-4867.40,-6784.38
1786312054.452000,1769.45,-21567.91,-12064.85,-13378.05,-13171.52,-10756.20,-4870.62,-6786.53
1786312054.452000,1770.53,-21567.38,-12072.89,-13374.57,-13170.18,-10758.07,-4868.75,-6783.31
1786312054.452000,1769.99,-21569.79,-12097.57,-13374.03,-13170.45,-10760.75,-4871.70,-6784.38
1786312054.452000,1767.31,-21568.99,-12089.25,-13375.91,-13172.06,-10760.22,-4872.50,-6785.18
1786312054.452000,1769.72,-21569.52,-12073.70,-13376.18,-13170.18,-10757.00,-4865.80,-6784.11
1786312054.456000,1769.45,-21567.38,-12062.16,-13374.03,-13172.06,-10757.80,-4863.92,-6786.53
1786312054.456000,1771.06,-21567.91,-12070.48,-13372.42,-13170.18,-10758.61,-4863.65,-6782.50
1786312054.456000,1768.38,-21569.52,-12083.89,-13371.89,-13172.33,-10759.15,-4867.14,-6784.92
1786312054.456000,1764.36,-21573.28,-12084.43,-13372.69,-13176.62,-10763.71,-4873.57,-6789.48
1786312054.456000,1765.97,-21572.74,-12079.87,-13375.10,-13176.89,-10763.44,-4877.33,-6786.26
1786312054.458000,1768.65,-21570.59,-12079.33,-13376.45,-13176.08,-10758.61,-4874.92,-6781.16
1786312054.458000,1769.72,-21567.91,-12082.55,-13372.42,-13175.28,-10760.22,-4871.96,-6779.02
1786312054.458000,1767.84,-21569.52,-12091.94,-13370.54,-13173.40,-10761.83,-4869.28,-6780.36
1786312054.458000,1765.16,-21570.86,-12089.25,-13372.69,-13174.74,-10760.75,-4868.21,-6780.36
1786312054.458000,1769.72,-21566.57,-12079.33,-13371.35,-13171.26,-10759.41,-4866.06,-6778.21
1786312054.461000,1770.53,-21564.16,-12079.06,-13370.54,-13168.31,-10760.75,-4864.19,-6779.02
1786312054.461000,1768.11,-21560.13,-12073.96,-13369.20,-13170.18,-10758.61,-4864.72,-6780.36
1786312054.461000,1767.04,-21561.74,-12076.65,-13367.33,-13172.60,-10760.22,-4867.94,-6779.82
1786312054.461000,1767.31,-21565.50,-12076.38,-13368.40,-13173.67,-10762.10,-4869.01,-6780.62
1786312054.461000,1769.99,-21567.91,-12067.26,-13370.28,-13172.60,-10759.95,-4865.80,-6777.14
1786312054.512000,1771.33,-21568.99,-12072.89,-13367.86,-13171.26,-10758.34,-4867.14,-6777.67
1786312054.512000,1771.87,-21562.01,-12077.99,-13363.30,-13170.18,-10758.88,-4867.67,-6776.87
1786312054.512000,1775.09,-21559.33,-12079.33,-13363.03,-13165.36,-10760.22,-4864.19,-6770.97
1786312054.512000,1775.09,-21558.26,-12077.72,-13367.33,-13164.01,-10758.61,-4864.72,-6771.77
1786312054.512000,1775.35,-21557.18,-12066.45,-13368.67,-13163.21,-10753.51,-4863.65,-6771.51
1786312054.513000,1772.94,-21559.87,-12067.53,-13364.64,-13165.36,-10755.93,-4861.24,-6773.11
1786312054.513000,1770.26,-21562.01,-12081.74,-13364.64,-13165.89,-10756.73,-4858.29,-6770.97
1786312054.513000,1767.04,-21562.55,-12083.89,-13364.64,-13167.23,-10758.88,-4862.31,-6771.51
1786312054.513000,1768.11,-21562.82,-12083.08,-13365.18,-13169.65,-10760.22,-4865.80,-6772.04
1786312054.513000,1768.92,-21562.55,-12079.87,-13367.06,-13171.52,-10757.54,-4867.14,-6772.58
1786312054.513000,1770.53,-21562.01,-12068.33,-13366.25,-13169.38,-10758.88,-4867.14,-6769.63
1786312054.513000,1769.99,-21565.50,-12072.09,-13365.72,-13166.96,-10759.41,-4865.26,-6769.63
1786312054.513000,1769.99,-21565.50,-12081.47,-13364.64,-13167.50,-10758.61,-4863.92,-6770.97
1786312054.513000,1769.19,-21566.30,-12093.28,-13367.06,-13169.11,-10763.71,-4869.82,-6771.51
1786312054.513000,1772.67,-21565.50,-12084.69,-13367.86,-13168.04,-10763.97,-4871.16,-6768.82
1786312054.527000,1771.33,-21562.01,-12077.72,-13365.18,-13170.18,-10762.90,-4869.82,-6770.43
1786312054.527000,1768.65,-21562.28,-12077.99,-13365.18,-13170.45,-10761.29,-4866.60,-6772.31
1786312054.527000,1765.97,-21562.01,-12084.43,-13365.72,-13168.57,-10765.85,-4867.14,-6773.38
1786312054.527000,1767.58,-21562.55,-12080.67,-13366.79,-13168.31,-10768.00,-4869.28,-6773.92
1786312054.527000,1769.99,-21564.69,-12077.45,-13367.33,-13169.38,-10763.97,-4868.75,-6774.72
1786312054.557000,1770.53,-21562.28,-12069.14,-13368.40,-13168.57,-10759.95,-4865.80,-6774.99
1786312054.557000,1770.26,-21560.40,-12069.14,-13364.91,-13169.92,-10761.83,-4868.75,-6775.53
1786312054.557000,1768.65,-21561.47,-12075.31,-13365.18,-13172.06,-10764.24,-4868.75,-6776.87
1786312054.557000,1768.38,-21562.55,-12074.50,-13366.79,-13171.52,-10762.90,-4869.82,-6776.60
1786312054.557000,1767.31,-21563.35,-12069.67,-13367.33,-13171.26,-10762.90,-4870.89,-6776.07
1786312054.573000,1768.11,-21566.03,-12072.62,-13365.72,-13169.92,-10762.90,-4870.09,-6773.92
1786312054.573000,1769.99,-21563.89,-12088.45,-13364.91,-13168.04,-10763.17,-4867.40,-6773.92
1786312054.573000,1769.19,-21560.67,-12092.47,-13365.72,-13168.04,-10765.05,-4867.14,-6773.92
1786312054.573000,1769.72,-21557.45,-12081.21,-13367.06,-13166.70,-10762.90,-4863.92,-6772.58
1786312054.573000,1772.40,-21559.06,-12065.92,-13367.59,-13164.01,-10760.49,-4859.89,-6770.16
1786312054.586000,1770.79,-21560.67,-12065.65,-13366.52,-13164.28,-10761.83,-4860.70,-6772.31
1786312054.586000,1768.11,-21559.87,-12075.84,-13365.98,-13164.55,-10761.02,-4860.97,-6773.38
1786312054.586000,1764.63,-21561.74,-12082.55,-13366.79,-13168.57,-10765.31,-4864.72,-6775.80
1786312054.586000,1765.16,-21564.69,-12080.40,-13367.06,-13173.40,-10766.92,-4870.89,-6777.14
1786312054.586000,1766.77,-21565.77,-12075.04,-13367.86,-13174.74,-10770.14,-4874.92,-6776.60
1786312054.645000,1768.11,-21561.21,-12068.06,-13368.40,-13171.52,-10769.34,-4869.82,-6776.07
1786312054.645000,1767.84,-21560.94,-12068.33,-13364.91,-13169.38,-10766.92,-4868.75,-6777.14
1786312054.645000,1768.11,-21561.21,-12085.23,-13363.30,-13168.84,-10766.66,-4868.75,-6774.72
1786312054.645000,1771.33,-21559.33,-12086.30,-13364.11,-13167.50,-10764.24,-4867.40,-6772.58
1786312054.645000,1773.21,-21560.67,-12074.77,-13365.18,-13165.36,-10762.90,-4864.45,-6773.65
1786312054.648000,1772.40,-21562.01,-12069.67,-13363.30,-13166.16,-10763.71,-4863.11,-6777.67
1786312054.648000,1768.65,-21562.55,-12079.06,-13362.50,-13168.57,-10768.27,-4863.38,-6779.02
1786312054.648000,1764.89,-21561.47,-12083.35,-13364.11,-13169.65,-10770.68,-4864.72,-6779.55
1786312054.648000,1771.33,-21557.18,-12079.87,-13365.45,-13162.67,-10763.17,-4861.77,-6774.19
1786312054.648000,1775.09,-21561.74,-12079.60,-13366.79,-13162.67,-10763.17,-4864.72,-6771.51
1786312054.651000,1771.87,-21564.43,-12068.60,-13364.64,-13167.23,-10766.92,-4868.48,-6774.46
1786312054.651000,1769.72,-21563.89,-12068.06,-13363.84,-13167.50,-10767.73,-4866.06,-6773.92
1786312054.651000,1771.60,-21561.21,-12076.65,-13361.96,-13164.28,-10763.97,-4862.85,-6772.04
1786312054.651000,1773.74,-21560.67,-12079.06,-13363.03,-13162.67,-10762.90,-4863.11,-6768.82
1786312054.651000,1771.87,-21556.92,-12072.89,-13362.23,-13165.89,-10765.31,-4864.99,-6770.16
1786312054.692000,1767.84,-21557.18,-12066.72,-13362.50,-13168.57,-10766.12,-4866.06,-6774.46
1786312054.692000,1767.04,-21557.72,-12071.82,-13361.96,-13168.31,-10766.92,-4866.06,-6777.67
1786312054.692000,1768.11,-21554.77,-12077.99,-13359.28,-13166.16,-10766.12,-4862.85,-6772.58
1786312054.692000,1768.11,-21554.23,-12081.74,-13357.67,-13165.36,-10765.31,-4862.58,-6770.16
1786312054.692000,1769.72,-21556.11,-12072.89,-13359.28,-13166.16,-10767.46,-4866.60,-6770.16
1786312054.765000,1766.50,-21557.99,-12072.89,-13359.28,-13168.04,-10768.00,-4867.14,-6779.55
1786312054.765000,1766.50,-21557.99,-12074.50,-13359.28,-13166.16,-10766.39,-4861.24,-6777.67
1786312054.765000,1766.23,-21554.50,-12078.52,-13357.94,-13166.43,-10766.12,-4860.70,-6766.41
1786312054.765000,1767.58,-21556.65,-12080.40,-13360.62,-13166.16,-10767.46,-4862.58,-6765.60
1786312054.765000,1769.72,-21557.99,-12074.50,-13359.28,-13166.70,-10766.66,-4861.77,-6765.07
1786312054.768000,1768.11,-21560.67,-12079.60,-13359.82,-13168.57,-10766.92,-4862.58,-6767.48
1786312054.768000,1762.48,-21563.89,-12091.94,-13360.08,-13171.26,-10770.95,-4866.06,-6771.24
1786312054.768000,1761.14,-21562.28,-12087.64,-13367.59,-13170.45,-10770.68,-4867.14,-6779.28
1786312054.768000,1761.94,-21556.65,-12073.70,-13371.08,-13166.16,-10771.48,-4866.06,-6792.16
1786312054.768000,1768.38,-21554.50,-12062.43,-13367.59,-13156.50,-10769.07,-4859.89,-6790.55
1786312054.773000,1771.06,-21550.48,-12057.60,-13357.13,-13158.38,-10762.90,-4856.68,-6780.89
1786312054.773000,1763.28,-21550.48,-12067.53,-13352.04,-13175.55,-10769.34,-4870.09,-6765.34
1786312054.773000,1752.56,-21558.79,-12086.30,-13357.67,-13186.01,-10786.24,-4884.30,-6778.21
1786312054.773000,1741.02,-21560.40,-12089.25,-13371.62,-13183.86,-10795.89,-4884.03,-6812.27
1786312054.773000,1747.73,-21552.09,-12067.26,-13377.79,-13155.43,-10765.31,-4844.61,-6835.34
1786312054.775000,1761.41,-21537.07,-12061.63,-13355.79,-13173.67,-10768.27,-4863.11,-6778.21
1786312054.775000,1764.63,-21547.80,-12071.82,-13346.94,-13186.01,-10780.87,-4882.16,-6758.36
1786312054.775000,1754.43,-21560.94,-12087.11,-13367.59,-13185.74,-10786.24,-4881.62,-6782.50
1786312054.775000,1758.46,-21545.11,-12072.36,-13393.34,-13169.65,-10774.43,-4861.24,-6799.67
1786312054.775000,1776.16,-21526.34,-12047.68,-13355.52,-13157.58,-10755.39,-4842.46,-6769.63
1786312054.794000,1779.38,-21527.41,-12042.31,-13322.80,-13162.14,-10753.24,-4845.68,-6759.17
1786312054.794000,1763.55,-21532.78,-12051.97,-13347.48,-13164.55,-10749.22,-4840.58,-6793.50
1786312054.794000,1762.75,-21528.48,-12054.92,-13380.74,-13142.02,-10744.93,-4818.32,-6858.41
1786312054.794000,1808.61,-21489.86,-12027.56,-13336.48,-13111.71,-10734.20,-4809.47,-6799.94
1786312054.794000,1806.74,-21493.08,-12011.20,-13313.68,-13131.29,-10729.10,-4825.56,-6729.93
1786312054.797000,1798.69,-21498.98,-12006.64,-13290.35,-13147.65,-10731.25,-4830.66,-6713.57
1786312054.797000,1790.64,-21501.39,-12013.08,-13277.47,-13165.62,-10739.30,-4833.07,-6726.71
1786312054.797000,1797.88,-21507.83,-12006.91,-13275.59,-13164.55,-10738.76,-4829.05,-6730.20
1786312054.797000,1802.71,-21504.61,-11961.58,-13269.43,-13160.53,-10733.66,-4825.03,-6737.71
1786312054.797000,1805.93,-21504.34,-11906.86,-13261.11,-13157.31,-10730.98,-4823.68,-6735.30
1786312054.826000,1807.27,-21505.68,-11887.82,-13250.38,-13153.29,-10729.37,-4820.20,-6740.12
1786312054.826000,1804.59,-21504.34,-11879.50,-13240.99,-13152.75,-10729.91,-4822.08,-6751.39
1786312054.826000,1805.66,-21497.37,-11867.70,-13231.61,-13154.09,-10726.69,-4821.54,-6753.80
1786312054.826000,1802.71,-21488.79,-11842.49,-13226.51,-13158.92,-10728.57,-4824.22,-6761.04
1786312054.826000,1800.57,-21490.13,-11825.06,-13228.92,-13162.41,-10725.35,-4828.78,-6767.75
1786312054.829000,1801.37,-21481.55,-11820.23,-13227.58,-13155.16,-10719.18,-4821.54,-6771.77
1786312054.829000,1804.59,-21476.72,-11832.30,-13218.20,-13145.78,-10710.33,-4804.64,-6772.58
1786312054.829000,1805.93,-21490.13,-11869.31,-13219.00,-13149.80,-10711.13,-4807.59,-6770.16
1786312054.829000,1798.69,-21500.59,-11885.14,-13223.56,-13160.53,-10718.11,-4819.13,-6764.53
1786312054.829000,1790.11,-21500.32,-11871.19,-13229.19,-13173.13,-10730.45,-4847.56,-6765.87
1786312054.885000,1788.50,-21499.78,-11873.34,-13232.95,-13169.65,-10733.13,-4841.92,-6768.29
1786312054.885000,1783.94,-21497.10,-11884.60,-13238.31,-13162.41,-10722.94,-4820.20,-6771.77
1786312054.885000,1784.47,-21495.22,-11899.08,-13242.60,-13157.04,-10720.52,-4816.44,-6770.97
1786312054.885000,1783.13,-21504.34,-11907.13,-13247.70,-13162.67,-10722.13,-4822.34,-6768.82
1786312054.885000,1778.84,-21515.07,-11892.11,-13252.80,-13176.89,-10728.57,-4836.56,-6768.02
1786312054.899000,1773.74,-21517.49,-11886.75,-13257.09,-13182.79,-10739.83,-4850.51,-6769.09
1786312054.899000,1769.99,-21512.93,-11898.55,-13259.77,-13175.01,-10741.17,-4844.87,-6769.63
1786312054.899000,1766.23,-21518.83,-11915.71,-13266.74,-13168.31,-10741.17,-4834.68,-6768.29
1786312054.899000,1764.63,-21521.78,-11906.06,-13275.33,-13168.04,-10737.15,-4833.07,-6765.60
1786312054.899000,1764.89,-21519.63,-11885.67,-13278.54,-13169.65,-10736.62,-4837.10,-6758.63
1786312054.902000,1764.63,-21521.78,-11878.70,-13282.03,-13168.31,-10740.91,-4837.90,-6751.39
1786312054.902000,1761.41,-21529.82,-11897.21,-13286.86,-13167.77,-10741.17,-4837.90,-6748.17
1786312054.902000,1761.94,-21537.87,-11911.42,-13290.88,-13166.16,-10740.64,-4842.46,-6742.00
1786312054.902000,1761.94,-21541.89,-11914.91,-13295.44,-13164.28,-10742.52,-4845.14,-6738.25
1786312054.902000,1759.53,-21542.16,-11905.25,-13300.54,-13165.09,-10742.78,-4849.43,-6734.22
1786312054.906000,1757.12,-21541.89,-11896.67,-13302.95,-13168.04,-10740.64,-4851.85,-6731.27
1786312054.906000,1755.24,-21535.99,-11897.74,-13307.51,-13167.23,-10740.37,-4851.85,-6726.18
1786312054.906000,1755.51,-21533.85,-11901.23,-13308.32,-13163.21,-10737.69,-4852.38,-6728.59
1786312054.906000,1759.26,-21532.51,-11961.04,-13306.44,-13160.53,-10734.20,-4849.17,-6728.86
1786312054.906000,1761.94,-21536.53,-12038.02,-13311.00,-13160.53,-10733.13,-4847.82,-6722.42
1786312054.932000,1763.28,-21542.43,-12078.52,-13313.68,-13159.99,-10734.47,-4848.36,-6720.28
1786312054.932000,1760.33,-21542.16,-12099.18,-13312.34,-13160.80,-10737.69,-4851.58,-6723.23
1786312054.932000,1755.77,-21544.85,-12113.39,-13314.75,-13163.48,-10738.49,-4856.14,-6728.32
1786312054.932000,1756.31,-21547.26,-12115.81,-13315.29,-13164.55,-10739.03,-4862.31,-6732.88
1786312054.932000,1759.80,-21546.72,-12105.35,-13317.70,-13162.94,-10737.96,-4860.70,-6738.25
1786312054.947000,1760.33,-21547.80,-12105.88,-13320.39,-13162.67,-10737.96,-4857.21,-6742.00
1786312054.947000,1761.67,-21549.40,-12121.44,-13318.78,-13160.26,-10736.62,-4856.41,-6736.64
1786312054.947000,1761.41,-21548.33,-12129.49,-13318.78,-13161.33,-10739.30,-4860.43,-6734.22
1786312054.947000,1760.33,-21549.14,-12123.32,-13319.85,-13162.94,-10741.98,-4862.58,-6734.22
1786312054.947000,1763.28,-21552.36,-12119.83,-13322.53,-13160.53,-10740.91,-4860.70,-6736.37
1786312054.977000,1763.02,-21551.82,-12118.49,-13325.48,-13160.80,-10740.37,-4857.21,-6741.20
1786312054.977000,1757.65,-21553.43,-12127.34,-13331.12,-13162.14,-10743.86,-4857.75,-6757.56
1786312054.977000,1758.72,-21551.01,-12125.19,-13333.80,-13158.11,-10746.81,-4858.55,-6760.24
1786312054.977000,1760.07,-21541.36,-12108.57,-13318.78,-13163.21,-10744.39,-4864.19,-6758.63
1786312054.977000,1762.48,-21546.19,-12099.18,-13318.51,-13170.18,-10749.49,-4871.16,-6747.63
1786312054.992000,1763.55,-21546.99,-12097.84,-13318.78,-13166.16,-10752.98,-4870.09,-6753.80
1786312054.992000,1763.28,-21547.26,-12105.88,-13321.46,-13159.45,-10751.37,-4861.50,-6763.46
1786312054.992000,1763.82,-21535.73,-12102.66,-13323.61,-13164.28,-10756.46,-4870.36,-6755.95
1786312054.992000,1750.41,-21542.43,-12099.71,-13317.70,-13177.96,-10761.29,-4880.28,-6762.12
1786312054.992000,1754.43,-21544.85,-12090.06,-13325.48,-13174.21,-10752.71,-4870.09,-6759.97
1786312055.028000,1759.26,-21539.75,-12084.43,-13311.27,-13171.79,-10750.03,-4865.53,-6754.07
1786312055.028000,1763.82,-21534.65,-12084.16,-13305.37,-13165.89,-10745.47,-4858.55,-6758.09
1786312055.028000,1760.87,-21531.70,-12086.57,-13305.37,-13160.26,-10739.57,-4849.70,-6760.24
1786312055.028000,1762.75,-21520.44,-12072.89,-13309.39,-13151.94,-10736.08,-4844.61,-6773.65
1786312055.028000,1780.45,-21505.42,-12050.63,-13300.81,-13143.09,-10726.42,-4833.07,-6755.41
1786312055.034000,1771.87,-21508.37,-12048.48,-13307.78,-13145.24,-10722.67,-4828.24,-6767.48
1786312055.034000,1783.40,-21498.98,-12038.29,-13318.51,-13131.56,-10711.40,-4817.78,-6758.63
1786312055.034000,1789.57,-21476.72,-12028.37,-13288.20,-13127.27,-10704.43,-4810.01,-6739.32
1786312055.034000,1785.81,-21490.13,-12029.98,-13257.89,-13142.82,-10709.26,-4820.73,-6744.68
1786312055.034000,1796.81,-21498.17,-12018.17,-13257.36,-13140.41,-10712.48,-4821.81,-6731.27
1786312055.052000,1792.52,-21494.42,-11990.01,-13260.04,-13140.68,-10708.45,-4814.83,-6734.76
1786312055.052000,1798.15,-21483.69,-11944.15,-13257.36,-13138.27,-10701.75,-4806.52,-6742.54
1786312055.052000,1803.52,-21484.76,-11901.77,-13236.97,-13135.05,-10699.33,-4805.98,-6733.69
1786312055.052000,1808.88,-21486.37,-11867.97,-13231.07,-13130.49,-10702.55,-4808.93,-6722.69
1786312055.052000,1810.49,-21489.06,-11852.41,-13227.58,-13128.34,-10699.60,-4804.91,-6726.18
1786312055.067000,1809.42,-21487.45,-11851.34,-13224.90,-13126.46,-10693.70,-4797.67,-6731.00
1786312055.067000,1806.47,-21485.57,-11846.51,-13219.80,-13128.07,-10695.04,-4798.20,-6740.12
1786312055.067000,1804.05,-21487.45,-11855.90,-13215.24,-13126.20,-10698.80,-4799.01,-6746.02
1786312055.067000,1798.42,-21484.76,-11847.59,-13215.51,-13127.54,-10699.87,-4800.62,-6752.46
1786312055.067000,1797.62,-21483.96,-11836.59,-13215.78,-13133.44,-10698.53,-4806.79,-6755.14
1786312055.109000,1794.67,-21486.64,-11827.47,-13214.98,-13138.53,-10699.87,-4811.88,-6753.53
1786312055.109000,1790.64,-21491.20,-11853.76,-13215.78,-13139.07,-10707.65,-4810.81,-6752.73
1786312055.109000,1788.50,-21494.96,-11871.73,-13219.80,-13137.46,-10715.43,-4816.44,-6752.46
1786312055.109000,1786.89,-21490.93,-11850.00,-13226.24,-13140.95,-10717.03,-4825.56,-6753.53
1786312055.109000,1787.96,-21487.71,-11835.25,-13231.87,-13140.68,-10711.94,-4820.73,-6754.07
1786312055.112000,1788.50,-21491.74,-11837.39,-13234.56,-13135.85,-10707.92,-4808.40,-6748.97
1786312055.112000,1782.33,-21497.64,-11848.66,-13236.43,-13141.75,-10709.79,-4807.86,-6747.63
1786312055.112000,1779.38,-21515.61,-11877.90,-13242.60,-13148.99,-10722.40,-4820.73,-6747.90
1786312055.112000,1779.11,-21531.17,-11899.35,-13248.50,-13147.38,-10732.59,-4829.85,-6745.76
1786312055.112000,1772.67,-21522.31,-11872.26,-13257.09,-13148.73,-10729.64,-4830.93,-6753.00
1786312055.141000,1772.94,-21505.68,-11842.49,-13262.99,-13147.12,-10722.67,-4827.17,-6752.73
1786312055.141000,1771.33,-21505.15,-11850.27,-13262.99,-13148.73,-10723.74,-4830.39,-6750.85
1786312055.141000,1771.33,-21512.93,-11861.80,-13267.55,-13149.80,-10726.15,-4832.00,-6748.71
1786312055.141000,1771.06,-21523.66,-11863.41,-13272.64,-13151.94,-10725.89,-4836.29,-6746.02
1786312055.141000,1772.14,-21525.53,-11855.63,-13276.67,-13153.29,-10726.15,-4841.12,-6740.93
1786312055.169000,1770.79,-21525.53,-11863.95,-13277.47,-13152.21,-10726.42,-4839.51,-6734.76
1786312055.169000,1768.92,-21529.56,-11883.53,-13279.35,-13149.80,-10728.57,-4835.22,-6732.08
1786312055.169000,1768.92,-21531.70,-11886.21,-13283.64,-13147.65,-10728.84,-4838.17,-6729.93
1786312055.169000,1765.70,-21539.21,-11880.58,-13290.88,-13152.21,-10729.64,-4842.46,-6730.74
1786312055.169000,1765.70,-21541.36,-11872.26,-13294.91,-13155.43,-10729.37,-4846.48,-6728.32
1786312055.173000,1767.04,-21541.89,-11872.26,-13297.59,-13148.73,-10730.71,-4847.56,-6722.69
1786312055.173000,1763.28,-21539.48,-11881.11,-13299.47,-13150.07,-10733.13,-4844.07,-6722.15
1786312055.173000,1761.14,-21537.34,-11926.98,-13300.27,-13151.41,-10730.71,-4843.53,-6725.10
1786312055.173000,1764.63,-21537.07,-12021.93,-13300.27,-13148.46,-10728.03,-4843.80,-6720.54
1786312055.173000,1767.31,-21540.29,-12054.92,-13303.76,-13147.38,-10724.01,-4844.07,-6717.59
1786312055.201000,1764.36,-21540.29,-12067.80,-13305.90,-13149.26,-10724.55,-4845.14,-6721.62
1786312055.201000,1758.72,-21540.55,-12088.98,-13309.12,-13151.41,-10730.18,-4847.82,-6726.18
1786312055.201000,1760.33,-21542.16,-12099.98,-13309.66,-13151.68,-10733.40,-4851.04,-6726.98
1786312055.201000,1761.67,-21546.19,-12101.86,-13311.54,-13152.75,-10732.32,-4853.46,-6727.52
1786312055.201000,1762.75,-21549.40,-12099.71,-13313.68,-13154.36,-10731.79,-4855.87,-6727.52
1786312055.217000,1763.82,-21551.01,-12104.01,-13312.88,-13153.82,-10732.06,-4857.75,-6727.52
1786312055.217000,1760.60,-21549.14,-12120.64,-13312.07,-13152.48,-10735.27,-4855.87,-6729.93
1786312055.217000,1761.41,-21549.94,-12125.19,-13314.75,-13150.34,-10737.15,-4852.65,-6730.74
1786312055.217000,1759.80,-21551.82,-12120.10,-13316.63,-13154.09,-10738.76,-4854.26,-6732.61
1786312055.217000,1763.28,-21548.60,-12113.12,-13318.24,-13153.82,-10740.37,-4857.21,-6732.88
1786312055.232000,1764.36,-21547.80,-12113.12,-13317.70,-13152.75,-10741.44,-4861.24,-6729.66
1786312055.232000,1761.94,-21552.09,-12125.19,-13314.75,-13151.41,-10742.52,-4861.24,-6732.61
1786312055.232000,1760.60,-21548.60,-12113.66,-13316.90,-13151.14,-10739.83,-4853.99,-6734.76
1786312055.232000,1763.28,-21545.92,-12097.57,-13319.05,-13149.53,-10739.03,-4851.31,-6737.44
1786312055.232000,1766.77,-21546.45,-12083.89,-13318.24,-13149.80,-10738.22,-4852.12,-6739.05
1786312055.289000,1766.23,-21546.72,-12084.16,-13317.70,-13149.26,-10736.88,-4852.92,-6737.44
1786312055.289000,1767.04,-21545.92,-12093.28,-13316.10,-13147.12,-10735.01,-4851.85,-6736.64
1786312055.289000,1767.04,-21543.77,-12098.37,-13314.75,-13146.58,-10736.62,-4850.24,-6739.32
1786312055.289000,1767.04,-21544.85,-12087.38,-13318.78,-13148.46,-10738.76,-4853.19,-6742.81
1786312055.289000,1773.21,-21545.65,-12069.40,-13317.44,-13147.12,-10734.74,-4847.82,-6737.44
1786312055.292000,1775.62,-21548.33,-12076.11,-13312.88,-13144.43,-10737.15,-4847.56,-6735.03
1786312055.292000,1772.40,-21541.89,-12087.64,-13311.80,-13147.38,-10741.98,-4854.80,-6738.25
1786312055.292000,1771.87,-21540.55,-12091.94,-13313.41,-13145.51,-10738.49,-4853.99,-6740.66
1786312055.292000,1775.09,-21542.70,-12085.23,-13313.15,-13143.90,-10740.64,-4851.85,-6742.81
1786312055.292000,1775.09,-21541.89,-12073.96,-13315.02,-13143.09,-10739.83,-4851.04,-6745.49
1786312055.296000,1773.74,-21539.21,-12068.33,-13312.88,-13142.02,-10735.54,-4848.36,-6746.56
1786312055.296000,1772.14,-21538.41,-12075.04,-13309.66,-13142.56,-10733.93,-4846.48,-6748.44
1786312055.296000,1775.35,-21538.14,-12080.94,-13309.39,-13141.22,-10733.13,-4843.27,-6745.49
1786312055.296000,1775.35,-21537.87,-12076.65,-13310.73,-13142.82,-10733.93,-4842.19,-6744.68
1786312055.296000,1775.35,-21538.68,-12062.70,-13312.34,-13145.24,-10737.69,-4847.82,-6746.29
1786312055.320000,1773.74,-21540.55,-12068.33,-13309.66,-13146.04,-10741.98,-4849.43,-6749.51
1786312055.320000,1773.74,-21539.75,-12085.77,-13309.66,-13144.17,-10743.86,-4851.04,-6748.71
1786312055.320000,1772.40,-21543.77,-12091.13,-13310.19,-13144.17,-10745.20,-4853.73,-6751.12
1786312055.320000,1772.67,-21546.72,-12083.35,-13311.00,-13146.04,-10742.52,-4849.97,-6751.39
1786312055.320000,1773.21,-21544.58,-12076.38,-13312.88,-13146.58,-10743.86,-4852.38,-6752.19
1786312055.351000,1774.28,-21540.55,-12068.33,-13311.27,-13143.09,-10741.44,-4851.04,-6751.39
1786312055.351000,1774.01,-21539.75,-12082.55,-13308.05,-13142.02,-10741.44,-4848.90,-6750.32
1786312055.351000,1775.35,-21538.14,-12091.40,-13307.78,-13141.48,-10741.98,-4846.48,-6746.02
1786312055.351000,1776.43,-21535.99,-12079.06,-13310.19,-13143.09,-10742.52,-4847.29,-6744.95
1786312055.351000,1775.09,-21535.99,-12065.11,-13312.07,-13143.90,-10742.78,-4848.63,-6746.83
1786312055.356000,1773.48,-21538.68,-12076.11,-13311.54,-13143.09,-10743.32,-4845.68,-6745.49
1786312055.356000,1772.40,-21536.80,-12080.94,-13310.73,-13142.82,-10743.86,-4845.95,-6744.95
1786312055.356000,1772.40,-21539.21,-12083.89,-13312.34,-13141.22,-10746.00,-4847.56,-6745.22
1786312055.356000,1777.50,-21540.55,-12080.94,-13313.15,-13135.31,-10743.32,-4840.31,-6743.88
1786312055.356000,1781.52,-21540.02,-12072.89,-13312.07,-13131.29,-10744.66,-4839.24,-6741.46
1786312055.381000,1777.77,-21540.29,-12073.70,-13310.19,-13133.17,-10743.32,-4841.12,-6744.41
1786312055.381000,1773.74,-21536.80,-12083.08,-13310.46,-13136.12,-10746.81,-4841.66,-6747.90
1786312055.381000,1772.94,-21534.92,-12076.65,-13312.34,-13136.66,-10746.27,-4843.27,-6748.17
1786312055.381000,1775.09,-21535.99,-12069.40,-13313.15,-13137.19,-10745.47,-4847.02,-6748.44
1786312055.381000,1776.70,-21538.41,-12073.70,-13312.61,-13135.31,-10744.13,-4844.61,-6744.95
1786312055.411000,1779.11,-21535.19,-12077.72,-13313.15,-13134.24,-10742.52,-4841.12,-6740.66
1786312055.411000,1780.45,-21533.04,-12082.01,-13312.34,-13133.17,-10744.93,-4840.58,-6738.78
1786312055.411000,1779.91,-21538.68,-12086.30,-13311.00,-13133.71,-10749.49,-4843.53,-6738.78
1786312055.411000,1775.62,-21541.36,-12081.47,-13312.61,-13140.41,-10751.64,-4851.31,-6742.27
1786312055.411000,1768.11,-21542.43,-12071.55,-13316.90,-13148.19,-10752.44,-4855.87,-6749.51
1786312055.414000,1768.65,-21541.89,-12072.89,-13316.63,-13144.17,-10750.83,-4848.09,-6750.05
1786312055.414000,1771.87,-21538.68,-12091.13,-13314.75,-13136.66,-10748.69,-4842.19,-6747.63
1786312055.414000,1772.40,-21540.02,-12094.08,-13315.56,-13136.39,-10747.88,-4844.34,-6745.76
1786312055.414000,1772.40,-21540.55,-12075.57,-13319.05,-13137.19,-10750.29,-4845.14,-6747.10
1786312055.414000,1772.67,-21535.99,-12061.09,-13318.78,-13137.46,-10750.03,-4845.68,-6745.76
1786312055.427000,1774.01,-21533.85,-12063.50,-13316.90,-13136.12,-10751.37,-4847.29,-6741.73
1786312055.427000,1771.87,-21534.92,-12082.82,-13315.83,-13135.05,-10750.56,-4844.34,-6741.20
1786312055.427000,1772.67,-21536.26,-12094.62,-13316.90,-13134.51,-10744.93,-4840.05,-6740.93
1786312055.427000,1772.94,-21537.60,-12082.28,-13317.70,-13138.00,-10745.73,-4845.14,-6740.93
1786312055.427000,1770.53,-21540.55,-12074.50,-13319.58,-13140.68,-10747.34,-4850.51,-6742.27
1786312055.484000,1772.67,-21540.29,-12073.16,-13320.12,-13136.66,-10750.83,-4843.00,-6741.20
1786312055.484000,1771.87,-21536.26,-12082.55,-13318.51,-13135.85,-10754.59,-4838.44,-6744.15
1786312055.484000,1770.53,-21538.94,-12098.37,-13317.70,-13137.73,-10751.90,-4841.12,-6744.95
1786312055.484000,1771.06,-21544.31,-12101.05,-13320.12,-13137.46,-10751.64,-4845.68,-6743.61
1786312055.484000,1771.06,-21540.02,-12071.82,-13324.95,-13135.85,-10749.76,-4841.92,-6743.61
1786312055.486000,1774.28,-21534.65,-12066.45,-13323.07,-13131.29,-10746.00,-4837.63,-6738.78
1786312055.486000,1772.67,-21534.12,-12079.06,-13319.58,-13133.97,-10748.42,-4838.44,-6736.90
1786312055.486000,1772.67,-21533.31,-12087.64,-13321.19,-13135.85,-10750.56,-4842.46,-6736.64
1786312055.486000,1770.53,-21535.46,-12073.16,-13323.07,-13136.39,-10750.29,-4845.14,-6739.05
1786312055.486000,1772.94,-21536.53,-12063.77,-13323.34,-13135.31,-10748.95,-4844.61,-6736.10
1786312055.491000,1773.21,-21536.80,-12067.53,-13322.53,-13133.97,-10748.69,-4844.61,-6734.22
1786312055.491000,1771.06,-21541.89,-12087.64,-13320.92,-13136.66,-10753.24,-4849.17,-6735.03
1786312055.491000,1772.67,-21542.70,-12085.23,-13323.07,-13134.78,-10751.37,-4848.63,-6733.15
1786312055.491000,1774.82,-21539.48,-12078.26,-13324.95,-13131.29,-10748.15,-4841.92,-6732.88
1786312055.491000,1773.21,-21542.43,-12073.70,-13326.56,-13132.36,-10749.22,-4835.75,-6737.71
1786312055.543000,1773.21,-21541.09,-12079.33,-13326.82,-13133.97,-10748.95,-4833.88,-6739.32
1786312055.543000,1772.40,-21531.97,-12080.13,-13323.07,-13131.83,-10746.00,-4838.71,-6740.93
1786312055.543000,1772.67,-21529.82,-12075.84,-13321.46,-13132.10,-10747.08,-4844.34,-6740.93
1786312055.543000,1771.06,-21530.09,-12073.16,-13323.87,-13133.97,-10748.15,-4844.34,-6743.07
1786312055.543000,1769.72,-21535.19,-12061.63,-13324.95,-13134.24,-10748.69,-4840.31,-6747.37
1786312055.543000,1771.33,-21536.80,-12068.33,-13323.07,-13132.36,-10746.81,-4834.15,-6746.56
1786312055.543000,1773.74,-21533.85,-12075.57,-13321.73,-13129.68,-10744.13,-4832.54,-6746.02
1786312055.543000,1775.09,-21536.53,-12075.84,-13323.34,-13129.68,-10743.59,-4837.10,-6747.63
1786312055.543000,1778.57,-21536.80,-12071.01,-13323.87,-13127.80,-10745.20,-4839.51,-6747.63
1786312055.543000,1779.11,-21533.04,-12066.99,-13324.14,-13128.88,-10743.86,-4838.44,-6748.71
1786312055.561000,1782.06,-21532.24,-12070.21,-13322.80,-13125.66,-10745.20,-4838.97,-6742.27
1786312055.561000,1781.79,-21530.63,-12076.92,-13322.00,-13124.59,-10744.13,-4833.61,-6740.66
1786312055.561000,1781.79,-21531.17,-12071.82,-13323.07,-13127.00,-10744.93,-4830.66,-6742.27
1786312055.561000,1783.40,-21533.58,-12071.01,-13323.61,-13126.46,-10743.86,-4829.59,-6743.34
1786312055.561000,1784.47,-21533.31,-12067.80,-13324.14,-13125.39,-10743.05,-4829.05,-6740.66
1786312055.591000,1785.81,-21536.53,-12064.31,-13321.46,-13122.98,-10741.44,-4824.49,-6738.78
1786312055.591000,1784.47,-21539.21,-12074.77,-13322.53,-13122.44,-10742.78,-4825.56,-6741.73
1786312055.591000,1783.40,-21533.58,-12071.55,-13323.61,-13123.24,-10746.00,-4833.07,-6744.41
1786312055.591000,1785.81,-21531.17,-12061.63,-13324.14,-13122.71,-10743.86,-4833.61,-6742.27
1786312055.591000,1787.16,-21531.97,-12056.26,-13322.26,-13123.24,-10741.17,-4830.39,-6743.61
1786312055.594000,1783.94,-21531.17,-12060.29,-13319.85,-13127.54,-10742.52,-4831.73,-6749.78
1786312055.594000,1783.13,-21529.82,-12073.43,-13319.58,-13126.46,-10745.47,-4833.88,-6749.24
1786312055.594000,1782.06,-21529.56,-12076.65,-13319.05,-13127.54,-10749.22,-4837.36,-6748.17
1786312055.594000,1785.81,-21529.82,-12062.97,-13321.73,-13125.12,-10747.88,-4836.02,-6748.17
1786312055.594000,1785.55,-21531.17,-12062.16,-13321.19,-13125.39,-10743.32,-4831.20,-6747.63
1786312055.620000,1782.60,-21531.70,-12067.80,-13319.58,-13125.93,-10741.98,-4831.20,-6750.05
1786312055.620000,1782.86,-21529.02,-12072.62,-13317.44,-13125.66,-10745.20,-4829.59,-6748.97
1786312055.620000,1781.26,-21525.80,-12069.40,-13316.90,-13127.00,-10748.15,-4829.05,-6751.12
1786312055.620000,1780.45,-21523.92,-12058.94,-13317.17,-13127.80,-10747.08,-4834.95,-6755.68
1786312055.620000,1781.26,-21523.39,-12047.14,-13318.24,-13127.27,-10746.00,-4837.63,-6757.56
1786312055.637000,1780.72,-21527.14,-12051.43,-13318.24,-13124.59,-10744.66,-4829.85,-6755.95
1786312055.637000,1786.62,-21527.68,-12062.16,-13320.92,-13118.95,-10743.05,-4819.93,-6746.56
1786312055.637000,1784.74,-21524.73,-12065.92,-13320.92,-13122.17,-10743.59,-4823.68,-6746.83
1786312055.637000,1784.74,-21523.92,-12067.26,-13319.05,-13124.59,-10743.59,-4828.51,-6746.83
1786312055.637000,1783.13,-21525.53,-12057.60,-13319.05,-13124.59,-10748.42,-4831.73,-6747.10
1786312055.652000,1781.26,-21526.07,-12058.41,-13317.97,-13124.32,-10749.22,-4828.24,-6748.71
1786312055.652000,1777.50,-21526.61,-12074.50,-13317.70,-13125.66,-10749.22,-4827.98,-6751.39
1786312055.652000,1776.16,-21526.34,-12081.21,-13319.58,-13128.34,-10746.54,-4831.46,-6753.00
1786312055.652000,1780.72,-21527.14,-12074.50,-13321.73,-13125.66,-10746.27,-4831.73,-6751.12
1786312055.652000,1782.06,-21528.75,-12064.85,-13322.26,-13122.98,-10747.88,-4829.59,-6749.51
1786312055.667000,1779.65,-21526.61,-12056.80,-13323.61,-13121.90,-10747.34,-4829.85,-6747.63
1786312055.667000,1784.21,-21522.31,-12058.14,-13319.58,-13117.61,-10742.25,-4824.22,-6741.20
1786312055.667000,1782.33,-21525.27,-12061.89,-13321.73,-13120.29,-10743.86,-4827.17,-6741.46
1786312055.667000,1780.99,-21530.09,-12052.78,-13324.14,-13123.78,-10745.47,-4828.51,-6743.61
1786312055.667000,1783.13,-21526.34,-12048.22,-13322.53,-13122.44,-10742.52,-4826.37,-6743.61
1786312055.711000,1782.33,-21523.12,-12067.26,-13319.58,-13119.76,-10743.05,-4824.49,-6741.46
1786312055.711000,1780.18,-21523.12,-12077.99,-13319.31,-13118.15,-10746.27,-4829.05,-6743.34
1786312055.711000,1780.72,-21527.14,-12070.75,-13322.80,-13120.56,-10747.08,-4830.12,-6744.95
1786312055.711000,1778.04,-21527.95,-12063.24,-13326.56,-13124.32,-10745.73,-4826.90,-6744.68
1786312055.711000,1778.30,-21527.68,-12056.53,-13329.77,-13124.32,-10745.20,-4825.56,-6741.20
1786312055.714000,1786.35,-21525.27,-12056.80,-13325.48,-13117.88,-10740.64,-4820.47,-6732.88
1786312055.714000,1783.13,-21523.92,-12062.16,-13324.14,-13119.22,-10742.52,-4823.15,-6732.35
1786312055.714000,1781.26,-21526.34,-12068.33,-13326.56,-13120.29,-10747.34,-4824.76,-6735.56
1786312055.714000,1779.91,-21529.82,-12058.94,-13327.09,-13122.44,-10748.69,-4827.17,-6737.44
1786312055.714000,1781.26,-21534.12,-12052.78,-13326.82,-13121.10,-10747.34,-4825.29,-6734.76
1786312055.770000,1779.65,-21529.82,-12055.73,-13325.75,-13120.56,-10745.73,-4825.56,-6736.10
1786312055.770000,1777.23,-21523.92,-12066.19,-13324.41,-13122.44,-10744.39,-4824.76,-6738.25
1786312055.770000,1777.77,-21525.80,-12070.75,-13327.63,-13122.17,-10747.61,-4828.78,-6739.05
1786312055.770000,1774.82,-21527.14,-12067.26,-13328.97,-13125.12,-10752.17,-4836.02,-6740.93
1786312055.770000,1777.23,-21528.75,-12058.94,-13327.63,-13125.39,-10751.37,-4833.88,-6739.86
1786312055.773000,1779.11,-21527.95,-12062.43,-13328.70,-13124.59,-10746.54,-4826.37,-6736.37
1786312055.773000,1775.62,-21525.53,-12072.09,-13327.09,-13124.59,-10747.34,-4826.37,-6738.78
1786312055.773000,1776.70,-21526.61,-12075.31,-13328.97,-13122.98,-10744.39,-4826.90,-6739.86
1786312055.773000,1777.23,-21529.02,-12060.55,-13330.85,-13122.44,-10745.47,-4828.78,-6742.27
1786312055.773000,1779.11,-21530.36,-12052.78,-13329.77,-13122.44,-10746.54,-4828.51,-6742.54
1786312055.777000,1779.38,-21527.95,-12060.82,-13328.43,-13121.90,-10748.15,-4827.17,-6743.88
1786312055.777000,1779.65,-21525.27,-12068.33,-13328.17,-13121.64,-10747.88,-4828.24,-6744.95
1786312055.777000,1780.72,-21525.80,-12057.07,-13328.97,-13119.76,-10745.20,-4828.24,-6746.02
1786312055.777000,1778.57,-21528.75,-12048.22,-13329.77,-13120.56,-10744.39,-4827.17,-6747.10
1786312055.777000,1777.23,-21526.07,-12050.09,-13328.43,-13121.10,-10747.08,-4828.24,-6748.97
1786312055.801000,1782.06,-21522.31,-12057.60,-13326.82,-13115.20,-10746.54,-4823.95,-6744.15
1786312055.801000,1783.94,-21523.39,-12062.97,-13326.82,-13113.05,-10741.44,-4823.95,-6743.34
1786312055.801000,1782.86,-21525.27,-12061.36,-13327.63,-13114.93,-10741.98,-4826.64,-6743.34
1786312055.801000,1782.33,-21527.41,-12064.04,-13328.97,-13115.47,-10744.66,-4825.29,-6743.88
1786312055.801000,1783.40,-21525.53,-12055.46,-13327.63,-13115.20,-10745.47,-4824.49,-6745.49
1786312055.831000,1783.40,-21522.58,-12050.09,-13325.75,-13115.73,-10745.47,-4822.88,-6746.83
1786312055.831000,1782.06,-21521.24,-12058.14,-13325.48,-13117.61,-10744.13,-4821.81,-6746.02
1786312055.831000,1781.26,-21522.58,-12062.97,-13326.56,-13119.49,-10743.86,-4824.49,-6745.76
1786312055.831000,1782.06,-21523.12,-12049.56,-13327.09,-13120.56,-10743.05,-4825.83,-6744.15
1786312055.831000,1783.13,-21523.66,-12046.07,-13327.09,-13117.08,-10741.71,-4823.15,-6744.15
1786312055.834000,1783.67,-21525.53,-12049.82,-13325.75,-13113.86,-10746.81,-4823.15,-6745.49
1786312055.834000,1783.67,-21525.27,-12062.70,-13324.41,-13113.86,-10747.08,-4823.68,-6746.02
1786312055.834000,1784.47,-21524.46,-12065.11,-13326.82,-13113.59,-10742.52,-4823.95,-6746.56
1786312055.834000,1782.86,-21523.39,-12054.38,-13327.90,-13114.93,-10741.71,-4827.98,-6748.17
1786312055.834000,1787.42,-21520.71,-12046.07,-13325.75,-13112.25,-10740.10,-4825.83,-6744.68
1786312055.861000,1782.86,-21519.10,-12052.24,-13322.26,-13117.08,-10741.98,-4826.64,-6746.02
1786312055.861000,1780.99,-21518.83,-12058.41,-13323.34,-13117.88,-10747.34,-4823.15,-6747.37
1786312055.861000,1782.60,-21521.24,-12058.41,-13324.95,-13117.08,-10747.88,-4822.34,-6747.10
1786312055.861000,1784.47,-21519.63,-12047.95,-13328.17,-13116.00,-10739.57,-4818.59,-6746.56
1786312055.861000,1783.94,-21519.90,-12043.66,-13326.56,-13114.39,-10740.64,-4821.00,-6744.95
1786312055.877000,1783.40,-21520.17,-12048.48,-13322.80,-13113.05,-10743.59,-4820.20,-6743.61
1786312055.877000,1779.38,-21523.12,-12061.63,-13321.73,-13115.20,-10746.81,-4821.81,-6745.76
1786312055.877000,1780.18,-21520.71,-12065.11,-13323.87,-13117.34,-10746.00,-4825.03,-6746.02
1786312055.877000,1780.18,-21517.22,-12050.09,-13327.09,-13117.88,-10746.54,-4825.29,-6743.07
1786312055.877000,1781.79,-21518.29,-12043.66,-13327.09,-13115.20,-10745.47,-4821.81,-6740.39
1786312055.892000,1784.74,-21516.95,-12051.17,-13326.82,-13110.10,-10741.98,-4818.32,-6737.98
1786312055.892000,1779.91,-21518.02,-12062.97,-13325.75,-13113.05,-10745.20,-4822.61,-6742.27
1786312055.892000,1776.43,-21517.22,-12058.94,-13325.75,-13116.81,-10747.61,-4827.17,-6747.10
1786312055.892000,1779.38,-21515.88,-12047.68,-13327.09,-13114.93,-10742.78,-4826.64,-6744.41
1786312055.892000,1779.38,-21516.68,-12050.09,-13327.63,-13115.73,-10741.17,-4824.49,-6744.41
1786312055.936000,1777.23,-21518.83,-12056.26,-13327.63,-13117.88,-10742.52,-4820.73,-6746.02
1786312055.936000,1778.04,-21518.56,-12060.02,-13327.09,-13116.27,-10747.08,-4821.54,-6747.10
1786312055.936000,1781.79,-21516.68,-12058.14,-13326.82,-13112.78,-10747.34,-4821.81,-6742.54
1786312055.936000,1781.79,-21516.68,-12048.75,-13327.09,-13114.39,-10747.34,-4824.49,-6742.27
1786312055.936000,1782.86,-21518.29,-12041.78,-13328.17,-13114.39,-10744.13,-4819.66,-6742.27
1786312055.939000,1783.13,-21516.95,-12044.73,-13325.48,-13113.86,-10739.03,-4813.22,-6740.66
1786312055.939000,1782.60,-21516.95,-12056.26,-13324.68,-13110.37,-10740.64,-4814.57,-6742.27
1786312055.939000,1781.26,-21520.17,-12059.48,-13325.75,-13110.64,-10741.44,-4821.00,-6741.46
1786312055.939000,1781.52,-21522.58,-12058.41,-13328.17,-13111.71,-10741.98,-4824.22,-6740.12
1786312055.939000,1783.13,-21522.85,-12057.33,-13327.36,-13110.37,-10740.91,-4820.73,-6738.25
1786312055.952000,1782.60,-21519.10,-12054.12,-13326.29,-13109.83,-10741.44,-4817.78,-6739.59
1786312055.952000,1783.67,-21516.15,-12052.24,-13326.29,-13107.69,-10742.78,-4815.37,-6738.25
1786312055.952000,1783.67,-21518.02,-12055.19,-13327.09,-13109.30,-10743.86,-4820.20,-6735.30
1786312055.952000,1780.72,-21518.29,-12048.75,-13329.77,-13113.05,-10744.13,-4825.03,-6736.64
1786312055.952000,1780.45,-21519.10,-12044.46,-13328.43,-13112.52,-10744.13,-4821.54,-6737.17
1786312055.967000,1778.84,-21521.78,-12056.26,-13327.63,-13112.78,-10749.22,-4820.47,-6740.12
1786312055.967000,1776.70,-21523.66,-12072.36,-13328.97,-13113.86,-10747.61,-4820.20,-6740.12
1786312055.967000,1777.23,-21525.27,-12067.53,-13330.85,-13116.27,-10746.54,-4823.68,-6741.46
1786312055.967000,1776.70,-21523.66,-12057.60,-13330.31,-13117.88,-10747.61,-4827.98,-6746.29
1786312055.967000,1775.09,-21519.36,-12045.00,-13331.12,-13119.76,-10747.88,-4827.71,-6748.17
1786312055.997000,1772.40,-21520.44,-12051.70,-13331.38,-13119.76,-10749.22,-4823.68,-6746.02
1786312055.997000,1773.21,-21522.05,-12070.21,-13328.97,-13119.22,-10749.76,-4822.88,-6745.49
1786312055.997000,1775.35,-21521.51,-12070.75,-13330.31,-13118.95,-10749.49,-4824.22,-6744.68
1786312055.997000,1776.43,-21519.90,-12054.65,-13333.26,-13117.61,-10747.34,-4826.10,-6745.76
1786312055.997000,1775.35,-21518.83,-12044.73,-13333.26,-13116.81,-10746.00,-4822.08,-6746.02
1786312056.012000,1775.35,-21519.90,-12048.22,-13331.12,-13114.39,-10744.66,-4819.66,-6748.17
1786312056.012000,1771.60,-21519.63,-12055.99,-13332.19,-13115.20,-10750.03,-4822.34,-6750.05
1786312056.012000,1775.09,-21519.63,-12059.48,-13333.26,-13114.93,-10748.15,-4821.81,-6747.10
1786312056.012000,1775.35,-21522.31,-12058.14,-13332.46,-13116.00,-10744.66,-4826.64,-6748.71
1786312056.012000,1775.62,-21523.12,-12051.70,-13331.65,-13115.20,-10744.93,-4825.29,-6747.37
1786312056.056000,1775.89,-21520.17,-12060.29,-13331.12,-13113.05,-10744.66,-4819.39,-6746.29
1786312056.056000,1774.28,-21515.88,-12069.67,-13330.04,-13116.27,-10747.88,-4821.00,-6747.63
1786312056.056000,1774.01,-21515.61,-12060.02,-13334.07,-13118.42,-10746.81,-4823.68,-6747.37
1786312056.056000,1774.82,-21518.56,-12061.63,-13335.14,-13116.81,-10747.88,-4822.61,-6748.71
1786312056.056000,1777.23,-21521.78,-12053.85,-13332.19,-13113.59,-10745.73,-4820.20,-6747.37
1786312056.069000,1777.23,-21523.66,-12053.58,-13330.31,-13113.05,-10743.86,-4818.05,-6744.95
1786312056.069000,1776.96,-21520.71,-12063.77,-13330.31,-13115.20,-10744.93,-4818.32,-6747.63
1786312056.069000,1776.70,-21521.24,-12058.94,-13333.80,-13114.93,-10746.54,-4820.47,-6748.97
1786312056.069000,1774.55,-21518.29,-12045.00,-13333.53,-13114.93,-10746.00,-4822.61,-6749.51
1786312056.069000,1777.23,-21516.95,-12046.34,-13331.65,-13114.93,-10748.42,-4824.76,-6750.05
1786312056.073000,1775.89,-21517.75,-12056.53,-13333.53,-13114.39,-10746.00,-4824.49,-6751.12
1786312056.073000,1775.62,-21514.27,-12056.26,-13330.04,-13111.98,-10742.78,-4819.39,-6749.51
1786312056.073000,1776.70,-21512.39,-12054.38,-13329.77,-13111.71,-10742.78,-4818.32,-6748.44
1786312056.073000,1779.91,-21514.80,-12049.82,-13330.58,-13113.32,-10741.17,-4816.98,-6745.22
1786312056.073000,1780.45,-21515.07,-12050.63,-13330.58,-13112.78,-10740.10,-4816.17,-6746.02
1786312056.101000,1777.77,-21516.95,-12048.75,-13329.77,-13114.39,-10745.47,-4818.05,-6748.44
1786312056.101000,1778.04,-21517.22,-12059.21,-13327.09,-13112.25,-10744.66,-4816.17,-6746.02
1786312056.101000,1779.11,-21517.75,-12065.92,-13325.22,-13110.91,-10743.32,-4819.39,-6748.97
1786312056.101000,1779.91,-21517.22,-12057.07,-13330.31,-13112.25,-10743.32,-4819.13,-6748.97
1786312056.101000,1778.04,-21519.63,-12047.68,-13330.85,-13113.86,-10744.39,-4817.78,-6748.97
1786312056.117000,1781.52,-21509.71,-12045.00,-13325.75,-13109.83,-10741.44,-4816.98,-6746.02
1786312056.117000,1781.79,-21507.56,-12054.38,-13323.61,-13109.30,-10740.10,-4815.37,-6744.15
1786312056.117000,1780.45,-21507.83,-12053.04,-13322.80,-13110.37,-10740.64,-4816.17,-6746.83
1786312056.117000,1780.72,-21511.59,-12040.17,-13326.56,-13115.20,-10741.98,-4820.73,-6746.02
1786312056.117000,1780.45,-21514.54,-12040.97,-13326.82,-13116.27,-10744.13,-4824.49,-6744.68
1786312056.144000,1778.57,-21517.75,-12055.99,-13325.22,-13114.39,-10747.08,-4820.47,-6750.05
1786312056.144000,1778.57,-21515.61,-12053.58,-13325.48,-13112.25,-10748.69,-4816.98,-6750.58
1786312056.144000,1779.11,-21513.46,-12048.22,-13324.95,-13112.78,-10747.34,-4818.05,-6747.10
1786312056.144000,1781.52,-21515.61,-12044.73,-13327.90,-13113.59,-10746.54,-4818.86,-6745.49
1786312056.144000,1785.01,-21515.61,-12040.17,-13326.29,-13111.44,-10746.54,-4816.17,-6742.81
1786312056.159000,1784.74,-21513.20,-12050.36,-13323.34,-13110.37,-10745.20,-4818.05,-6744.15
1786312056.159000,1785.55,-21513.20,-12063.50,-13323.87,-13107.69,-10745.47,-4816.44,-6740.66
1786312056.159000,1783.40,-21516.95,-12066.72,-13324.95,-13107.96,-10742.78,-4815.10,-6741.73
1786312056.159000,1781.26,-21517.22,-12059.48,-13326.56,-13110.10,-10741.71,-4815.64,-6745.49
1786312056.159000,1779.38,-21514.27,-12057.07,-13327.63,-13113.05,-10743.59,-4819.66,-6744.95
1786312056.177000,1776.96,-21513.20,-12055.19,-13326.56,-13115.47,-10742.78,-4816.44,-6745.76
1786312056.177000,1775.89,-21511.85,-12053.58,-13326.82,-13114.39,-10746.54,-4815.10,-6748.44
1786312056.177000,1777.23,-21508.90,-12044.73,-13327.36,-13112.25,-10748.69,-4816.44,-6744.95
1786312056.177000,1776.96,-21509.98,-12038.83,-13327.09,-13112.52,-10748.15,-4818.86,-6744.95
1786312056.177000,1775.89,-21510.51,-12038.83,-13328.17,-13113.86,-10747.88,-4819.93,-6744.95
1786312056.207000,1776.70,-21510.24,-12050.09,-13329.51,-13112.25,-10748.15,-4819.13,-6743.61
1786312056.207000,1775.35,-21512.66,-12059.75,-13328.97,-13109.03,-10746.54,-4815.91,-6741.46
1786312056.207000,1777.23,-21516.95,-12066.45,-13328.43,-13108.49,-10745.47,-4816.17,-6739.05
1786312056.207000,1776.43,-21519.63,-12061.36,-13329.77,-13111.71,-10745.20,-4818.59,-6740.12
1786312056.207000,1776.70,-21514.54,-12049.02,-13330.31,-13112.78,-10744.13,-4816.98,-6741.20
1786312056.209000,1774.82,-21510.51,-12051.43,-13328.97,-13111.17,-10742.78,-4813.76,-6741.46
1786312056.209000,1774.55,-21508.90,-12059.48,-13329.51,-13111.17,-10745.73,-4814.03,-6740.66
1786312056.209000,1774.01,-21507.83,-12056.80,-13330.58,-13112.25,-10744.39,-4821.54,-6738.78
1786312056.209000,1775.35,-21507.83,-12038.29,-13332.73,-13110.64,-10741.71,-4823.68,-6742.00
1786312056.209000,1776.96,-21509.17,-12040.44,-13331.65,-13107.69,-10743.05,-4813.49,-6739.59
1786312056.240000,1778.57,-21511.59,-12053.04,-13330.85,-13104.47,-10744.13,-4806.79,-6736.90
1786312056.240000,1776.16,-21514.80,-12065.65,-13329.77,-13107.69,-10747.88,-4809.47,-6740.66
1786312056.240000,1777.23,-21516.68,-12065.11,-13330.85,-13107.15,-10743.32,-4811.88,-6740.12
1786312056.240000,1779.11,-21514.80,-12060.82,-13331.38,-13105.81,-10741.44,-4813.76,-6739.59
1786312056.240000,1774.82,-21511.05,-12051.17,-13330.58,-13111.17,-10747.61,-4819.66,-6745.49
1786312056.266000,1772.67,-21509.44,-12047.41,-13328.97,-13112.52,-10748.69,-4822.34,-6744.15
1786312056.266000,1775.62,-21507.56,-12050.36,-13329.24,-13110.91,-10748.15,-4821.00,-6742.81
1786312056.266000,1779.91,-21507.56,-12048.75,-13328.97,-13107.42,-10746.00,-4817.25,-6740.93
1786312056.266000,1783.13,-21509.98,-12044.73,-13330.04,-13104.20,-10742.78,-4813.76,-6738.78
1786312056.266000,1784.74,-21510.51,-12042.05,-13328.97,-13101.25,-10741.17,-4808.40,-6739.05
1786312056.269000,1783.13,-21511.59,-12052.51,-13327.90,-13099.91,-10741.98,-4806.52,-6740.66
1786312056.269000,1779.91,-21511.05,-12060.82,-13328.17,-13102.32,-10746.00,-4810.81,-6742.54
1786312056.269000,1777.23,-21511.05,-12058.41,-13328.97,-13108.49,-10746.00,-4815.10,-6742.00
1786312056.269000,1776.96,-21508.64,-12042.05,-13330.31,-13110.10,-10743.32,-4816.98,-6740.12
1786312056.269000,1779.91,-21511.59,-12051.70,-13328.97,-13108.49,-10742.25,-4812.69,-6740.66
1786312056.324000,1777.77,-21514.54,-12066.19,-13327.09,-13108.22,-10745.20,-4814.30,-6740.12
1786312056.324000,1776.96,-21510.24,-12063.24,-13326.82,-13106.88,-10747.61,-4814.57,-6742.54
1786312056.324000,1779.11,-21508.90,-12059.75,-13329.77,-13105.01,-10746.27,-4817.78,-6742.81
1786312056.324000,1781.52,-21509.17,-12045.00,-13332.19,-13103.93,-10742.78,-4819.39,-6740.12
1786312056.324000,1780.72,-21509.98,-12039.36,-13332.19,-13105.01,-10743.86,-4813.76,-6739.86
1786312056.327000,1779.91,-21508.90,-12049.29,-13329.51,-13103.40,-10745.47,-4808.13,-6739.59
1786312056.327000,1779.38,-21508.90,-12059.75,-13325.75,-13105.27,-10746.81,-4812.42,-6741.20
1786312056.327000,1779.38,-21509.71,-12054.12,-13326.82,-13106.08,-10742.52,-4814.30,-6742.27
1786312056.327000,1783.67,-21510.24,-12039.10,-13330.31,-13104.20,-10739.30,-4809.47,-6738.51
1786312056.327000,1784.47,-21509.71,-12037.22,-13328.70,-13102.32,-10741.98,-4807.59,-6737.71
1786312056.330000,1781.79,-21509.17,-12050.63,-13326.29,-13103.66,-10742.52,-4807.06,-6738.25
1786312056.330000,1780.45,-21511.59,-12066.19,-13325.75,-13104.20,-10743.32,-4808.40,-6738.51
1786312056.330000,1779.91,-21511.32,-12061.36,-13327.09,-13105.01,-10744.39,-4811.88,-6738.78
1786312056.330000,1778.57,-21509.71,-12046.07,-13328.17,-13106.08,-10744.39,-4812.15,-6739.32
1786312056.330000,1779.91,-21510.51,-12047.41,-13327.63,-13106.88,-10745.73,-4813.76,-6740.12
1786312056.369000,1779.11,-21513.20,-12066.19,-13326.82,-13107.96,-10747.61,-4818.32,-6740.93
1786312056.369000,1777.23,-21511.05,-12071.01,-13326.29,-13108.22,-10749.76,-4820.20,-6740.12
1786312056.369000,1777.23,-21508.90,-12056.80,-13326.82,-13108.49,-10749.22,-4815.37,-6742.27
1786312056.369000,1778.84,-21507.83,-12042.05,-13328.17,-13105.54,-10744.93,-4811.08,-6743.61
1786312056.369000,1778.04,-21506.76,-12040.71,-13327.09,-13103.93,-10742.78,-4808.66,-6746.56
1786312056.373000,1776.16,-21507.83,-12052.24,-13326.02,-13103.66,-10746.27,-4807.06,-6746.56
1786312056.373000,1775.35,-21508.90,-12061.63,-13325.48,-13105.81,-10749.22,-4812.42,-6746.29
1786312056.373000,1776.70,-21506.49,-12054.12,-13327.09,-13108.76,-10748.69,-4818.05,-6745.49
1786312056.373000,1779.38,-21509.44,-12047.95,-13329.24,-13110.91,-10749.49,-4821.54,-6744.68
1786312056.373000,1782.33,-21512.93,-12048.75,-13326.82,-13105.54,-10746.00,-4813.49,-6740.12
1786312056.387000,1785.81,-21514.54,-12062.97,-13327.09,-13099.37,-10739.57,-4802.76,-6734.76
1786312056.387000,1782.60,-21510.51,-12075.57,-13327.90,-13099.91,-10745.20,-4804.64,-6736.90
1786312056.387000,1781.79,-21507.83,-12064.85,-13329.51,-13102.06,-10746.00,-4811.62,-6740.66
1786312056.387000,1781.79,-21505.68,-12047.41,-13330.58,-13102.32,-10744.66,-4813.49,-6742.27
1786312056.387000,1782.06,-21504.61,-12035.88,-13327.09,-13101.79,-10743.59,-4806.79,-6740.66
1786312056.459000,1780.72,-21504.88,-12044.73,-13324.14,-13101.79,-10746.00,-4806.25,-6739.32
1786312056.459000,1778.30,-21504.61,-12054.92,-13326.29,-13105.01,-10748.69,-4808.40,-6739.32
1786312056.459000,1777.50,-21507.03,-12056.80,-13331.65,-13105.81,-10748.42,-4809.74,-6739.86
1786312056.459000,1779.11,-21511.59,-12058.14,-13329.51,-13103.66,-10746.54,-4809.47,-6739.86
1786312056.459000,1781.26,-21511.59,-12054.92,-13328.17,-13100.98,-10744.66,-4809.47,-6738.51
1786312056.476000,1785.81,-21507.83,-12053.58,-13327.63,-13096.96,-10743.32,-4806.79,-6733.42
1786312056.476000,1784.47,-21503.54,-12054.65,-13326.29,-13096.96,-10741.98,-4804.91,-6734.76
1786312056.476000,1785.28,-21503.54,-12049.82,-13328.70,-13098.57,-10741.44,-4804.91,-6736.37
1786312056.476000,1788.77,-21510.24,-12044.19,-13330.04,-13096.42,-10740.91,-4805.98,-6730.47
1786312056.476000,1789.30,-21508.90,-12055.46,-13328.43,-13096.15,-10740.64,-4806.79,-6728.59
1786312056.479000,1786.08,-21505.15,-12062.43,-13325.75,-13098.30,-10740.37,-4807.59,-6728.32
1786312056.479000,1781.79,-21504.34,-12068.06,-13325.48,-13100.18,-10744.39,-4812.15,-6732.88
1786312056.479000,1784.74,-21505.95,-12060.29,-13329.51,-13097.50,-10746.54,-4807.59,-6730.74
1786312056.479000,1792.52,-21506.22,-12038.02,-13329.77,-13091.06,-10741.44,-4800.08,-6723.76
1786312056.479000,1791.18,-21506.22,-12040.71,-13327.63,-13092.94,-10737.96,-4798.74,-6724.03
1786312056.482000,1788.77,-21505.42,-12050.90,-13323.61,-13093.47,-10740.64,-4800.08,-6726.18
1786312056.482000,1784.47,-21502.73,-12053.58,-13324.95,-13095.35,-10742.78,-4801.69,-6729.93
1786312056.482000,1782.60,-21502.47,-12058.94,-13326.29,-13099.10,-10744.13,-4802.76,-6733.69
1786312056.482000,1782.86,-21506.49,-12058.94,-13327.09,-13101.52,-10746.54,-4805.71,-6731.27
1786312056.482000,1783.94,-21507.83,-12047.41,-13328.17,-13098.57,-10744.39,-4805.71,-6729.93
1786312056.485000,1785.28,-21503.27,-12051.43,-13327.36,-13095.89,-10742.52,-4801.42,-6728.59
1786312056.485000,1786.35,-21500.86,-12054.12,-13324.95,-13094.55,-10741.44,-4802.23,-6725.91
1786312056.485000,1788.77,-21504.34,-12050.90,-13325.75,-13094.81,-10741.98,-4803.30,-6725.10
1786312056.485000,1792.25,-21505.95,-12048.48,-13326.29,-13091.86,-10741.71,-4799.01,-6723.23
1786312056.485000,1792.25,-21502.20,-12048.22,-13326.02,-13089.45,-10743.86,-4796.59,-6726.18
1786312056.507000,1791.18,-21499.52,-12054.38,-13324.41,-13090.25,-10741.44,-4794.99,-6724.30
1786312056.507000,1786.62,-21502.20,-12058.14,-13323.61,-13095.08,-10742.78,-4800.35,-6728.32
1786312056.507000,1786.35,-21501.93,-12054.12,-13324.14,-13097.50,-10744.93,-4805.71,-6732.08
1786312056.507000,1787.69,-21503.54,-12048.22,-13327.63,-13096.96,-10747.34,-4807.06,-6725.91
1786312056.507000,1787.69,-21505.68,-12051.17,-13325.48,-13096.15,-10743.59,-4801.42,-6725.37
1786312056.569000,1789.84,-21502.47,-12056.26,-13321.46,-13091.59,-10739.30,-4799.01,-6721.88
1786312056.569000,1788.50,-21497.91,-12056.80,-13321.46,-13091.86,-10738.22,-4802.76,-6720.28
1786312056.569000,1786.62,-21497.10,-12050.90,-13322.80,-13094.28,-10737.69,-4802.76,-6725.37
1786312056.569000,1789.84,-21500.32,-12048.48,-13322.80,-13092.94,-10737.42,-4799.55,-6728.05
1786312056.569000,1790.11,-21502.20,-12055.19,-13320.92,-13090.79,-10739.83,-4796.59,-6723.49
1786312056.569000,1790.64,-21500.32,-12054.38,-13321.46,-13086.77,-10738.22,-4791.50,-6722.42
1786312056.569000,1788.77,-21495.49,-12051.43,-13321.73,-13088.91,-10736.35,-4792.03,-6724.03
1786312056.569000,1789.57,-21496.03,-12046.34,-13321.73,-13092.67,-10737.69,-4795.52,-6724.30
1786312056.569000,1788.50,-21495.22,-12037.75,-13321.46,-13094.81,-10740.37,-4799.81,-6725.37
1786312056.569000,1791.18,-21496.83,-12040.97,-13321.73,-13090.79,-10738.49,-4797.13,-6720.81
1786312056.569000,1797.35,-21495.22,-12053.04,-13319.31,-13083.28,-10734.47,-4792.30,-6714.64
1786312056.569000,1795.74,-21493.62,-12054.92,-13319.05,-13083.01,-10737.42,-4793.38,-6716.25
1786312056.569000,1793.86,-21493.88,-12043.66,-13319.85,-13086.23,-10736.35,-4794.18,-6720.01
1786312056.569000,1793.33,-21494.15,-12039.36,-13319.05,-13087.30,-10733.40,-4796.86,-6721.88
1786312056.569000,1794.13,-21493.62,-12041.51,-13317.70,-13086.23,-10738.49,-4800.35,-6722.69
1786312056.597000,1796.28,-21494.69,-12043.39,-13317.70,-13084.62,-10738.22,-4795.52,-6720.81
1786312056.597000,1794.13,-21490.40,-12049.29,-13317.70,-13084.89,-10737.96,-4792.30,-6723.23
1786312056.597000,1791.18,-21490.93,-12046.07,-13316.90,-13084.89,-10739.03,-4791.50,-6724.83
1786312056.597000,1791.98,-21496.03,-12044.19,-13317.44,-13086.50,-10736.08,-4790.43,-6724.30
1786312056.597000,1792.52,-21496.30,-12045.53,-13319.31,-13089.45,-10737.15,-4792.03,-6722.15
1786312056.626000,1789.84,-21493.62,-12055.19,-13316.63,-13088.91,-10741.44,-4800.08,-6723.23
1786312056.626000,1791.18,-21491.20,-12058.94,-13317.70,-13086.50,-10740.10,-4797.40,-6720.54
1786312056.626000,1791.18,-21494.96,-12053.58,-13321.73,-13087.04,-10736.88,-4793.11,-6717.59
1786312056.626000,1789.57,-21497.10,-12043.39,-13321.73,-13090.25,-10740.10,-4795.52,-6719.20
1786312056.626000,1791.98,-21495.76,-12046.07,-13319.05,-13085.43,-10740.37,-4796.86,-6717.86
1786312056.629000,1793.59,-21491.74,-12041.51,-13315.83,-13082.74,-10738.49,-4793.11,-6716.52
1786312056.629000,1793.06,-21490.13,-12043.66,-13317.70,-13081.67,-10739.30,-4790.43,-6718.13
1786312056.629000,1792.52,-21491.47,-12047.41,-13321.46,-13082.74,-10738.76,-4790.16,-6719.47
1786312056.629000,1793.86,-21490.93,-12038.56,-13321.46,-13082.48,-10733.13,-4787.74,-6720.54
1786312056.629000,1794.93,-21494.42,-12039.36,-13317.17,-13080.87,-10734.47,-4789.08,-6719.74
1786312056.657000,1794.93,-21494.15,-12051.70,-13317.44,-13080.06,-10733.93,-4788.82,-6720.81
1786312056.657000,1796.81,-21486.91,-12057.87,-13319.05,-13080.87,-10734.74,-4788.01,-6718.13
1786312056.657000,1796.81,-21488.25,-12049.02,-13317.97,-13083.55,-10737.15,-4792.03,-6718.13
1786312056.657000,1796.81,-21489.06,-12035.07,-13316.10,-13082.74,-10733.93,-4789.62,-6718.67
1786312056.657000,1793.86,-21486.37,-12033.46,-13314.75,-13083.82,-10732.32,-4788.01,-6722.15
1786312056.686000,1795.20,-21488.25,-12042.31,-13313.95,-13081.67,-10735.27,-4789.62,-6723.23
1786312056.686000,1799.76,-21489.86,-12050.09,-13314.22,-13079.79,-10735.81,-4788.55,-6718.40
1786312056.686000,1799.23,-21489.32,-12045.53,-13315.02,-13081.13,-10735.81,-4790.96,-6717.32
1786312056.686000,1797.88,-21489.59,-12045.26,-13316.36,-13080.87,-10736.08,-4791.77,-6718.13
1786312056.686000,1799.49,-21488.25,-12045.53,-13317.44,-13078.18,-10735.27,-4786.94,-6716.79
1786312056.699000,1796.54,-21486.37,-12045.53,-13316.63,-13079.26,-10734.47,-4785.60,-6718.40
1786312056.699000,1795.20,-21484.23,-12047.14,-13316.10,-13081.67,-10734.47,-4786.13,-6718.93
1786312056.699000,1796.28,-21485.57,-12048.22,-13316.10,-13080.87,-10733.40,-4788.55,-6716.52
1786312056.699000,1795.47,-21485.57,-12038.29,-13316.36,-13078.99,-10734.47,-4789.35,-6718.13
1786312056.699000,1792.52,-21485.30,-12039.90,-13316.36,-13080.33,-10737.42,-4787.48,-6722.42
1786312056.731000,1790.11,-21490.40,-12054.12,-13316.36,-13082.48,-10738.22,-4787.48,-6718.93
1786312056.731000,1790.91,-21489.32,-12053.85,-13319.05,-13081.94,-10737.15,-4789.08,-6717.06
1786312056.731000,1792.52,-21486.10,-12048.22,-13319.31,-13081.67,-10734.74,-4790.16,-6715.45
1786312056.731000,1793.86,-21486.10,-12039.63,-13317.97,-13082.21,-10735.27,-4790.16,-6717.32
1786312056.731000,1791.98,-21485.03,-12038.56,-13316.63,-13082.21,-10737.42,-4789.35,-6718.93
1786312056.734000,1791.98,-21484.50,-12048.22,-13316.10,-13082.21,-10740.10,-4791.50,-6718.13
1786312056.734000,1790.64,-21482.35,-12047.95,-13315.29,-13083.28,-10738.76,-4793.38,-6720.81
1786312056.734000,1791.45,-21487.71,-12041.78,-13317.70,-13082.74,-10735.27,-4792.84,-6721.88
1786312056.734000,1792.52,-21491.20,-12042.05,-13320.66,-13081.94,-10737.15,-4790.96,-6720.54
1786312056.734000,1792.25,-21489.06,-12047.68,-13319.58,-13083.55,-10740.64,-4788.01,-6717.86
1786312056.774000,1790.64,-21490.40,-12051.97,-13316.63,-13084.89,-10740.10,-4789.35,-6717.32
1786312056.774000,1792.25,-21491.74,-12065.65,-13315.02,-13084.08,-10741.17,-4795.52,-6714.64
1786312056.774000,1792.52,-21491.74,-12067.53,-13316.36,-13083.55,-10740.10,-4799.81,-6715.98
1786312056.774000,1791.98,-21488.25,-12049.82,-13320.12,-13082.74,-10736.62,-4796.06,-6716.52
1786312056.774000,1791.45,-21486.91,-12046.34,-13316.63,-13081.94,-10736.88,-4790.16,-6716.79
1786312056.777000,1790.64,-21484.50,-12051.17,-13315.56,-13080.87,-10738.49,-4789.35,-6716.52
1786312056.777000,1790.64,-21482.89,-12055.73,-13316.90,-13080.33,-10743.59,-4789.62,-6715.45
1786312056.777000,1789.30,-21487.45,-12053.85,-13317.70,-13082.74,-10744.66,-4793.91,-6716.79
1786312056.777000,1791.18,-21493.08,-12043.92,-13318.24,-13082.21,-10739.03,-4791.50,-6715.98
1786312056.777000,1792.25,-21487.18,-12041.78,-13317.70,-13080.87,-10738.49,-4787.74,-6712.76
1786312056.792000,1794.13,-21485.30,-12048.75,-13315.02,-13077.92,-10737.69,-4785.87,-6709.81
1786312056.792000,1796.54,-21485.84,-12059.48,-13314.75,-13074.16,-10736.08,-4785.33,-6708.74
1786312056.792000,1796.81,-21487.71,-12055.46,-13316.36,-13076.04,-10736.08,-4786.67,-6711.96
1786312056.792000,1793.86,-21489.06,-12049.29,-13319.05,-13078.72,-10735.01,-4788.82,-6711.96
1786312056.792000,1793.06,-21486.37,-12040.97,-13320.12,-13078.72,-10737.42,-4789.35,-6710.08
1786312056.807000,1795.20,-21482.35,-12048.22,-13313.41,-13076.04,-10738.22,-4786.67,-6707.67
1786312056.807000,1794.40,-21484.23,-12052.24,-13315.02,-13076.57,-10737.96,-4785.33,-6708.47
1786312056.807000,1793.86,-21483.42,-12046.87,-13317.44,-13077.65,-10735.01,-4785.06,-6711.96
1786312056.807000,1793.59,-21483.69,-12042.05,-13319.31,-13077.65,-10734.74,-4786.13,-6712.76
1786312056.807000,1793.33,-21483.42,-12039.36,-13316.90,-13077.65,-10734.20,-4788.28,-6712.76
1786312056.837000,1791.45,-21485.03,-12047.41,-13313.68,-13078.72,-10736.08,-4796.06,-6714.91
1786312056.837000,1791.98,-21487.45,-12063.77,-13314.75,-13077.38,-10739.30,-4795.52,-6715.72
1786312056.837000,1794.93,-21488.79,-12055.46,-13318.24,-13076.04,-10737.15,-4786.67,-6713.57
1786312056.837000,1797.35,-21486.91,-12052.24,-13316.63,-13073.36,-10732.59,-4780.23,-6709.81
1786312056.837000,1793.86,-21481.01,-12045.80,-13314.75,-13075.50,-10734.47,-4782.11,-6711.42
1786312056.852000,1791.45,-21477.52,-12042.05,-13313.68,-13079.52,-10740.64,-4785.60,-6710.62
1786312056.852000,1790.91,-21477.52,-12047.41,-13314.22,-13079.52,-10742.78,-4788.82,-6709.01
1786312056.852000,1791.18,-21481.81,-12045.80,-13316.90,-13076.04,-10741.17,-4791.23,-6707.94
1786312056.852000,1794.13,-21484.23,-12043.66,-13318.24,-13075.77,-10739.57,-4790.69,-6706.86
1786312056.852000,1797.88,-21483.96,-12049.56,-13315.29,-13072.55,-10734.47,-4786.13,-6703.91
1786312056.867000,1796.81,-21481.28,-12055.19,-13313.41,-13070.41,-10734.47,-4783.99,-6703.38
1786312056.867000,1792.52,-21480.47,-12061.63,-13315.56,-13076.84,-10737.42,-4789.35,-6707.40
1786312056.867000,1789.84,-21481.81,-12049.02,-13317.70,-13078.18,-10736.08,-4788.82,-6710.08
1786312056.867000,1792.79,-21482.35,-12036.15,-13317.70,-13076.84,-10735.81,-4786.13,-6706.60
1786312056.867000,1793.06,-21481.28,-12042.05,-13315.29,-13076.84,-10736.08,-4784.26,-6705.25
1786312056.924000,1792.52,-21478.86,-12058.14,-13314.22,-13077.38,-10740.37,-4785.60,-6704.72
1786312056.924000,1792.52,-21480.20,-12059.48,-13316.90,-13077.65,-10742.52,-4789.35,-6708.47
1786312056.924000,1793.59,-21482.08,-12054.65,-13318.78,-13078.18,-10738.76,-4788.82,-6708.21
1786312056.924000,1794.13,-21482.35,-12058.41,-13318.78,-13079.52,-10737.96,-4789.08,-6710.08
1786312056.924000,1795.47,-21478.33,-12050.36,-13318.24,-13076.31,-10736.88,-4786.67,-6710.08
1786312056.956000,1796.01,-21475.64,-12044.19,-13316.90,-13072.55,-10735.54,-4782.92,-6711.96
1786312056.956000,1791.45,-21476.99,-12048.48,-13315.29,-13076.31,-10737.42,-4787.74,-6715.72
1786312056.956000,1794.67,-21477.25,-12045.00,-13313.95,-13076.04,-10737.42,-4789.08,-6713.30
1786312056.956000,1796.54,-21479.40,-12038.29,-13314.75,-13075.23,-10735.81,-4786.40,-6711.96
1786312056.956000,1796.54,-21481.28,-12039.90,-13312.07,-13076.04,-10734.74,-4787.74,-6710.62
1786312056.959000,1798.69,-21477.52,-12051.43,-13309.12,-13073.62,-10733.13,-4786.67,-6707.94
1786312056.959000,1800.03,-21478.86,-12069.40,-13309.66,-13075.77,-10733.40,-4784.79,-6707.13
1786312056.959000,1799.23,-21481.01,-12058.14,-13310.73,-13078.99,-10735.27,-4786.67,-6706.86
1786312056.959000,1797.88,-21479.94,-12036.41,-13311.54,-13074.43,-10733.93,-4783.18,-6710.62
1786312056.959000,1799.23,-21474.57,-12039.63,-13310.46,-13072.28,-10735.27,-4780.77,-6710.62
1786312056.962000,1792.79,-21474.30,-12051.70,-13307.51,-13076.84,-10740.10,-4785.06,-6712.76
1786312056.962000,1794.13,-21472.96,-12048.48,-13307.51,-13075.50,-10740.37,-4784.52,-6711.16
1786312056.962000,1798.42,-21471.35,-12039.90,-13307.78,-13072.28,-10736.88,-4784.26,-6707.94
1786312056.962000,1797.35,-21476.18,-12033.46,-13308.32,-13076.31,-10736.08,-4786.94,-6708.21
1786312056.962000,1797.88,-21478.06,-12034.80,-13308.32,-13076.84,-10737.96,-4787.48,-6704.72
1786312056.965000,1796.81,-21476.72,-12050.36,-13306.98,-13077.11,-10740.10,-4790.16,-6706.06
1786312056.965000,1794.93,-21475.11,-12055.73,-13306.98,-13077.38,-10739.83,-4788.01,-6707.13
1786312056.965000,1795.74,-21474.84,-12049.29,-13309.12,-13075.23,-10739.57,-4784.79,-6706.06
1786312056.965000,1798.15,-21476.72,-12049.29,-13309.39,-13073.62,-10737.15,-4781.04,-6706.06
1786312056.965000,1796.01,-21478.59,-12051.70,-13306.98,-13075.23,-10733.13,-4781.57,-6706.60
1786312056.987000,1795.20,-21475.64,-12053.31,-13305.64,-13074.70,-10733.93,-4782.38,-6707.13
1786312056.987000,1793.33,-21470.01,-12043.12,-13306.71,-13074.16,-10735.81,-4782.65,-6711.96
1786312056.987000,1793.06,-21472.16,-12040.97,-13309.66,-13074.16,-10735.81,-4783.99,-6712.76
1786312056.987000,1796.81,-21473.50,-12038.02,-13309.93,-13074.70,-10734.74,-4781.31,-6710.08
1786312056.987000,1796.81,-21472.43,-12034.00,-13308.05,-13075.77,-10734.74,-4780.77,-6707.94
1786312057.017000,1796.01,-21474.30,-12048.75,-13308.32,-13075.23,-10731.25,-4781.84,-6707.13
1786312057.017000,1795.47,-21472.16,-12054.65,-13308.59,-13074.43,-10735.54,-4785.33,-6704.99
1786312057.017000,1794.13,-21468.94,-12040.97,-13308.59,-13075.77,-10740.64,-4790.16,-6706.33
1786312057.017000,1794.67,-21470.01,-12039.10,-13308.85,-13076.04,-10741.17,-4789.08,-6706.60
1786312057.017000,1792.25,-21475.11,-12049.02,-13308.85,-13076.04,-10737.96,-4786.13,-6708.21
1786312057.046000,1787.16,-21476.18,-12054.65,-13309.93,-13078.18,-10737.96,-4786.40,-6711.96
1786312057.046000,1784.21,-21476.99,-12064.85,-13312.61,-13080.87,-10743.86,-4788.82,-6716.52
1786312057.046000,1783.13,-21475.64,-12051.70,-13314.22,-13082.48,-10743.86,-4789.08,-6715.72
1786312057.046000,1787.96,-21472.69,-12038.83,-13311.80,-13078.18,-10737.42,-4783.99,-6712.76
1786312057.046000,1787.16,-21479.40,-12047.14,-13312.88,-13076.84,-10739.30,-4782.38,-6712.50
1786312057.049000,1787.69,-21475.64,-12052.24,-13312.07,-13078.72,-10739.57,-4784.79,-6709.81
1786312057.049000,1787.96,-21472.16,-12052.24,-13312.07,-13076.84,-10740.64,-4786.13,-6708.74
1786312057.049000,1788.77,-21470.82,-12049.56,-13311.27,-13076.57,-10737.96,-4787.48,-6710.08
1786312057.049000,1789.30,-21473.77,-12042.05,-13311.00,-13076.31,-10736.88,-4788.01,-6710.35
1786312057.049000,1789.57,-21474.84,-12048.22,-13310.19,-13075.50,-10738.49,-4787.21,-6710.62
1786312057.104000,1789.30,-21475.91,-12060.82,-13310.19,-13075.77,-10739.83,-4788.28,-6711.42
1786312057.104000,1789.30,-21475.38,-12062.97,-13310.73,-13076.57,-10738.76,-4785.87,-6714.37
1786312057.104000,1790.11,-21474.57,-12054.65,-13313.15,-13074.70,-10738.76,-4785.33,-6710.08
1786312057.104000,1794.93,-21476.72,-12042.05,-13313.68,-13070.67,-10737.42,-4782.11,-6706.86
1786312057.104000,1795.47,-21479.40,-12050.90,-13310.46,-13070.41,-10737.42,-4779.96,-6704.72
1786312057.107000,1791.45,-21474.84,-12055.73,-13308.05,-13072.28,-10741.17,-4782.92,-6706.60
1786312057.107000,1790.37,-21473.50,-12056.53,-13309.12,-13073.36,-10742.52,-4787.74,-6708.47
1786312057.107000,1790.91,-21474.03,-12055.99,-13309.93,-13074.43,-10741.71,-4791.50,-6706.86
1786312057.107000,1791.45,-21474.30,-12047.68,-13310.73,-13076.04,-10740.91,-4788.55,-6708.47
1786312057.107000,1789.03,-21474.30,-12048.22,-13311.54,-13077.65,-10742.52,-4788.55,-6711.69
1786312057.110000,1787.42,-21474.57,-12057.60,-13312.61,-13077.38,-10740.64,-4786.13,-6711.16
1786312057.110000,1789.30,-21473.23,-12066.19,-13312.34,-13074.70,-10740.64,-4785.06,-6710.08
1786312057.110000,1790.64,-21475.11,-12052.24,-13311.54,-13074.16,-10743.32,-4786.67,-6712.50
1786312057.110000,1793.06,-21472.43,-12039.10,-13311.00,-13072.82,-10739.57,-4781.04,-6708.74
1786312057.110000,1795.20,-21468.67,-12036.15,-13309.39,-13070.14,-10737.15,-4777.82,-6705.25
1786312057.151000,1793.33,-21469.74,-12050.36,-13308.05,-13072.28,-10741.17,-4779.96,-6704.45
1786312057.151000,1792.79,-21472.96,-12058.94,-13309.39,-13073.62,-10741.44,-4782.92,-6706.86
1786312057.151000,1791.98,-21473.77,-12050.09,-13312.07,-13074.70,-10737.15,-4785.33,-6709.28
1786312057.151000,1789.84,-21475.38,-12046.87,-13313.41,-13077.38,-10740.37,-4789.62,-6710.08
1786312057.151000,1788.23,-21473.50,-12053.58,-13312.07,-13077.38,-10740.37,-4786.67,-6710.08
1786312057.156000,1790.91,-21470.82,-12059.48,-13307.78,-13074.70,-10737.96,-4782.11,-6709.28
1786312057.156000,1791.18,-21473.50,-12062.43,-13309.66,-13074.70,-10741.71,-4781.04,-6710.62
1786312057.156000,1795.47,-21473.50,-12055.46,-13311.27,-13070.94,-10739.03,-4781.31,-6708.47
1786312057.156000,1791.45,-21472.69,-12047.95,-13309.93,-13075.50,-10738.49,-4786.13,-6710.62
1786312057.156000,1786.08,-21470.82,-12044.46,-13307.51,-13080.06,-10745.20,-4790.96,-6712.23
1786312057.167000,1790.11,-21472.43,-12055.46,-13308.59,-13074.97,-10749.49,-4785.06,-6707.40
1786312057.167000,1791.98,-21474.30,-12056.26,-13309.66,-13073.36,-10742.52,-4781.04,-6706.06
1786312057.167000,1791.98,-21468.94,-12042.05,-13309.66,-13072.82,-10738.49,-4782.65,-6707.40
1786312057.167000,1795.74,-21468.94,-12033.46,-13310.19,-13068.80,-10735.27,-4778.89,-6704.99
1786312057.167000,1796.81,-21469.21,-12043.66,-13308.32,-13066.65,-10735.81,-4776.75,-6701.23
1786312057.197000,1795.20,-21472.16,-12060.82,-13304.29,-13068.80,-10740.10,-4777.28,-6702.84
1786312057.197000,1791.45,-21475.11,-12057.33,-13305.37,-13074.16,-10743.59,-4782.38,-6708.47
1786312057.197000,1793.33,-21470.82,-12048.22,-13307.51,-13073.62,-10739.57,-4781.84,-6706.60
1786312057.197000,1797.62,-21465.18,-12038.83,-13307.51,-13069.87,-10733.13,-4778.62,-6703.38
1786312057.197000,1795.47,-21462.77,-12036.15,-13304.29,-13067.45,-10733.93,-4781.31,-6702.84
1786312057.226000,1794.40,-21463.84,-12050.36,-13303.22,-13067.45,-10739.03,-4780.77,-6705.79
1786312057.226000,1796.28,-21464.92,-12060.29,-13301.34,-13066.92,-10738.49,-4777.55,-6704.45
1786312057.226000,1794.67,-21469.21,-12056.26,-13304.03,-13069.06,-10733.93,-4774.33,-6707.94
1786312057.226000,1794.67,-21467.60,-12041.78,-13303.76,-13069.87,-10732.06,-4773.26,-6708.47
1786312057.226000,1795.74,-21464.65,-12035.34,-13302.95,-13067.45,-10732.59,-4771.65,-6703.38
1786312057.229000,1796.81,-21463.04,-12037.22,-13300.54,-13064.77,-10735.54,-4773.53,-6700.96
1786312057.229000,1797.88,-21463.57,-12049.56,-13300.54,-13064.77,-10737.15,-4776.48,-6699.89
1786312057.229000,1799.49,-21465.45,-12043.39,-13303.49,-13063.97,-10735.27,-4777.28,-6698.82
1786312057.229000,1800.84,-21461.96,-12034.80,-13301.61,-13063.70,-10733.40,-4775.94,-6697.21
1786312057.229000,1800.30,-21460.62,-12030.24,-13300.00,-13063.97,-10732.59,-4771.65,-6697.21
1786312057.269000,1798.96,-21461.96,-12040.97,-13300.81,-13062.90,-10733.40,-4770.58,-6698.01
1786312057.269000,1799.23,-21465.18,-12054.12,-13301.88,-13061.55,-10733.13,-4773.53,-6698.01
1786312057.269000,1798.69,-21465.45,-12053.31,-13302.15,-13064.77,-10733.93,-4776.21,-6699.62
1786312057.269000,1800.30,-21463.31,-12035.61,-13303.76,-13064.24,-10734.47,-4777.55,-6698.28
1786312057.269000,1799.23,-21459.28,-12034.80,-13302.15,-13066.38,-10735.81,-4775.94,-6699.62
1786312057.273000,1798.69,-21460.62,-12052.24,-13300.54,-13064.77,-10734.74,-4773.26,-6701.23
1786312057.273000,1797.35,-21463.57,-12052.78,-13300.27,-13065.58,-10732.86,-4772.72,-6703.11
1786312057.273000,1797.88,-21464.38,-12043.39,-13302.15,-13065.31,-10734.74,-4776.21,-6703.65
1786312057.273000,1803.52,-21462.23,-12032.93,-13301.34,-13060.21,-10732.32,-4775.41,-6697.48
1786312057.273000,1804.59,-21460.62,-12038.83,-13296.78,-13059.14,-10731.25,-4771.38,-6698.01
1786312057.287000,1801.37,-21459.28,-12045.53,-13296.52,-13061.55,-10731.52,-4770.58,-6700.43
1786312057.287000,1800.57,-21460.62,-12042.31,-13297.59,-13061.55,-10730.45,-4769.77,-6701.77
1786312057.287000,1800.30,-21457.41,-12034.54,-13298.12,-13061.29,-10728.03,-4769.24,-6700.69
1786312057.287000,1802.18,-21456.33,-12026.76,-13300.27,-13063.43,-10731.52,-4772.45,-6700.43
1786312057.287000,1799.23,-21459.28,-12038.83,-13300.54,-13064.77,-10733.93,-4773.26,-6703.38
1786312057.317000,1801.10,-21459.55,-12046.87,-13298.93,-13061.29,-10734.20,-4768.97,-6699.35
1786312057.317000,1801.91,-21458.21,-12048.22,-13298.39,-13060.21,-10733.66,-4771.38,-6698.55
1786312057.317000,1802.98,-21459.28,-12044.19,-13300.00,-13058.87,-10732.32,-4774.60,-6696.67
1786312057.317000,1802.71,-21459.28,-12035.34,-13299.47,-13059.41,-10731.25,-4776.21,-6693.99
1786312057.317000,1800.03,-21459.01,-12034.80,-13298.12,-13060.75,-10732.59,-4772.99,-6696.67
1786312057.332000,1795.20,-21461.43,-12045.26,-13298.93,-13064.24,-10735.27,-4770.85,-6699.62
1786312057.332000,1796.54,-21459.28,-12051.43,-13300.00,-13063.43,-10733.40,-4771.65,-6699.09
1786312057.332000,1799.49,-21457.67,-12045.26,-13300.54,-13060.48,-10731.25,-4771.92,-6697.48
1786312057.332000,1800.03,-21461.43,-12036.68,-13298.12,-13060.75,-10732.06,-4773.53,-6696.67
1786312057.332000,1800.03,-21463.04,-12035.88,-13298.12,-13060.75,-10734.20,-4774.60,-6696.40
1786312057.360000,1798.15,-21461.70,-12049.02,-13300.00,-13062.36,-10735.27,-4773.53,-6697.74
1786312057.360000,1800.57,-21460.09,-12048.75,-13300.27,-13059.94,-10732.59,-4768.70,-6696.40
1786312057.360000,1807.54,-21460.09,-12039.36,-13300.81,-13054.85,-10729.91,-4766.02,-6691.31
1786312057.360000,1808.88,-21458.21,-12034.27,-13300.27,-13052.17,-10730.71,-4767.63,-6691.04
1786312057.360000,1805.93,-21456.87,-12037.49,-13297.32,-13052.17,-10731.79,-4765.75,-6694.53
1786312057.377000,1801.37,-21457.94,-12051.70,-13296.25,-13054.31,-10733.93,-4766.55,-6697.21
1786312057.377000,1799.49,-21459.28,-12059.48,-13300.00,-13056.19,-10733.40,-4770.58,-6694.53
1786312057.377000,1802.71,-21458.75,-12043.66,-13299.47,-13053.24,-10729.10,-4766.29,-6691.84
1786312057.377000,1804.32,-21458.21,-12032.93,-13298.39,-13051.90,-10727.50,-4763.07,-6692.65
1786312057.377000,1800.30,-21456.87,-12039.36,-13295.98,-13054.85,-10728.57,-4765.21,-6694.79
1786312057.406000,1799.23,-21456.60,-12048.22,-13295.17,-13057.26,-10733.40,-4770.58,-6696.40
1786312057.406000,1798.42,-21460.62,-12049.82,-13301.34,-13058.60,-10734.47,-4771.92,-6697.21
1786312057.406000,1803.52,-21457.41,-12037.49,-13302.42,-13053.78,-10728.30,-4765.48,-6691.04
1786312057.406000,1806.74,-21456.06,-12031.32,-13301.34,-13050.29,-10729.10,-4766.02,-6689.70
1786312057.406000,1805.93,-21460.62,-12040.97,-13300.00,-13048.14,-10726.15,-4762.53,-6689.97
1786312057.408000,1804.32,-21458.21,-12054.65,-13297.59,-13048.68,-10726.42,-4762.53,-6691.04
1786312057.408000,1803.25,-21455.26,-12048.22,-13300.00,-13050.29,-10728.57,-4768.43,-6689.43
1786312057.408000,1802.71,-21456.06,-12036.15,-13302.95,-13051.09,-10729.64,-4768.43,-6689.43
1786312057.408000,1804.59,-21455.80,-12031.32,-13301.88,-13047.87,-10726.96,-4760.65,-6688.63
1786312057.408000,1805.66,-21457.14,-12036.68,-13299.47,-13047.61,-10725.62,-4758.51,-6688.36
1786312057.437000,1799.49,-21456.87,-12051.97,-13298.66,-13052.17,-10729.10,-4761.73,-6691.04
1786312057.437000,1799.49,-21453.11,-12048.75,-13300.27,-13052.97,-10728.30,-4765.21,-6691.31
1786312057.437000,1803.52,-21453.11,-12040.97,-13301.34,-13052.43,-10726.96,-4764.68,-6690.77
1786312057.437000,1802.18,-21456.33,-12037.49,-13300.27,-13054.85,-10730.45,-4767.90,-6693.18
1786312057.437000,1801.37,-21459.28,-12040.44,-13297.86,-13056.46,-10732.06,-4768.97,-6693.45
1786312057.466000,1798.96,-21458.48,-12045.53,-13296.78,-13056.19,-10731.25,-4769.77,-6695.06
1786312057.466000,1799.23,-21458.75,-12046.87,-13297.59,-13054.31,-10733.93,-4772.19,-6696.40
1786312057.466000,1801.37,-21459.55,-12044.73,-13298.12,-13054.31,-10732.59,-4771.11,-6696.40
1786312057.466000,1802.18,-21456.87,-12036.68,-13298.12,-13051.90,-10729.64,-4768.70,-6697.21
1786312057.466000,1800.57,-21457.14,-12042.85,-13295.98,-13052.17,-10730.98,-4767.90,-6697.74
1786312057.469000,1797.88,-21457.94,-12055.73,-13294.10,-13054.04,-10736.88,-4769.50,-6699.89
1786312057.469000,1797.88,-21458.21,-12055.73,-13296.78,-13056.73,-10736.62,-4772.19,-6701.23
1786312057.469000,1801.91,-21456.60,-12046.34,-13297.59,-13054.04,-10731.52,-4772.19,-6698.82
1786312057.469000,1801.91,-21453.38,-12034.00,-13298.12,-13054.31,-10733.66,-4769.77,-6698.28
1786312057.469000,1800.30,-21458.21,-12040.17,-13296.25,-13053.78,-10736.08,-4768.16,-6699.09
1786312057.511000,1800.03,-21457.94,-12049.56,-13295.44,-13054.31,-10735.81,-4768.70,-6698.01
1786312057.511000,1802.71,-21453.38,-12046.34,-13295.44,-13052.17,-10732.59,-4766.02,-6696.14
1786312057.511000,1804.59,-21452.85,-12032.12,-13294.10,-13050.56,-10730.45,-4763.87,-6695.33
1786312057.511000,1802.71,-21455.80,-12024.88,-13293.57,-13052.70,-10731.25,-4767.36,-6699.09
1786312057.511000,1799.76,-21454.72,-12037.22,-13292.22,-13054.85,-10732.59,-4767.36,-6698.28
1786312057.541000,1798.69,-21454.45,-12054.12,-13293.30,-13056.73,-10733.93,-4769.24,-6698.55
1786312057.541000,1799.49,-21456.06,-12056.26,-13296.78,-13056.19,-10736.35,-4771.11,-6699.09
1786312057.541000,1801.37,-21456.87,-12042.85,-13299.20,-13055.38,-10739.03,-4773.26,-6697.74
1786312057.541000,1802.71,-21458.48,-12036.68,-13298.12,-13055.92,-10738.49,-4772.72,-6695.60
1786312057.541000,1803.25,-21456.33,-12042.31,-13297.05,-13052.97,-10735.81,-4766.55,-6694.26
1786312057.556000,1800.57,-21456.06,-12050.36,-13297.05,-13051.36,-10733.66,-4764.14,-6695.87
1786312057.556000,1801.37,-21454.45,-12048.75,-13298.66,-13050.83,-10731.79,-4765.21,-6697.48
1786312057.556000,1803.25,-21455.80,-12051.97,-13298.66,-13050.83,-10732.86,-4766.55,-6695.06
1786312057.556000,1800.03,-21457.67,-12048.75,-13298.66,-13054.04,-10734.20,-4767.36,-6696.40
1786312057.556000,1798.42,-21457.14,-12041.51,-13298.39,-13054.58,-10734.74,-4765.75,-6696.67
1786312057.558000,1796.28,-21460.62,-12047.68,-13298.93,-13056.73,-10737.69,-4771.11,-6695.60
1786312057.558000,1798.42,-21457.14,-12049.02,-13300.54,-13054.85,-10736.88,-4771.65,-6692.38
1786312057.558000,1802.71,-21456.60,-12038.02,-13300.27,-13052.70,-10734.47,-4768.16,-6690.77
1786312057.558000,1804.59,-21455.26,-12038.29,-13298.66,-13050.56,-10732.59,-4764.68,-6688.89
1786312057.558000,1802.71,-21454.19,-12048.75,-13297.59,-13050.29,-10731.25,-4765.21,-6690.50
1786312057.598000,1798.96,-21452.58,-12049.02,-13299.20,-13052.70,-10733.40,-4767.09,-6693.18
1786312057.598000,1797.35,-21453.11,-12046.61,-13301.34,-13054.31,-10739.30,-4772.72,-6693.72
1786312057.598000,1793.33,-21457.94,-12044.46,-13300.27,-13058.87,-10743.86,-4776.75,-6698.82
1786312057.598000,1797.35,-21457.94,-12040.97,-13301.34,-13055.38,-10736.62,-4770.31,-6693.72
1786312057.598000,1802.18,-21452.04,-12044.73,-13300.00,-13050.02,-10732.59,-4762.26,-6688.09
1786312057.599000,1801.10,-21455.53,-12055.46,-13301.08,-13050.29,-10733.13,-4762.53,-6688.89
1786312057.599000,1797.88,-21458.75,-12054.38,-13301.34,-13054.85,-10735.01,-4767.09,-6692.65
1786312057.599000,1797.35,-21458.21,-12045.00,-13301.61,-13054.85,-10735.81,-4768.43,-6694.26
1786312057.599000,1797.88,-21456.87,-12032.66,-13301.34,-13052.70,-10733.13,-4764.68,-6695.33
1786312057.599000,1798.69,-21456.06,-12036.95,-13300.81,-13052.17,-10735.01,-4766.02,-6698.28
1786312057.646000,1801.91,-21452.85,-12046.61,-13298.66,-13047.61,-10733.40,-4766.82,-6695.33
1786312057.646000,1802.71,-21453.92,-12046.61,-13298.12,-13049.22,-10733.93,-4767.63,-6695.06
1786312057.646000,1800.57,-21453.92,-12041.24,-13300.00,-13050.83,-10737.15,-4770.04,-6698.82
1786312057.646000,1804.86,-21452.31,-12031.32,-13301.61,-13048.41,-10733.93,-4766.29,-6697.74
1786312057.646000,1807.27,-21451.24,-12033.46,-13297.32,-13046.00,-10729.64,-4759.58,-6692.65
1786312057.649000,1806.47,-21453.11,-12050.90,-13297.32,-13046.80,-10729.91,-4757.17,-6691.84
1786312057.649000,1805.66,-21452.31,-12065.11,-13297.59,-13047.61,-10732.86,-4759.85,-6693.45
1786312057.649000,1804.05,-21452.58,-12039.36,-13298.93,-13050.29,-10733.93,-4765.75,-6697.74
1786312057.649000,1802.71,-21453.92,-12026.76,-13300.00,-13051.36,-10732.59,-4765.75,-6701.23
1786312057.649000,1805.66,-21454.72,-12040.17,-13298.39,-13047.87,-10731.52,-4761.46,-6691.31
1786312057.652000,1804.05,-21452.04,-12044.19,-13296.25,-13047.07,-10733.93,-4760.65,-6690.50
1786312057.652000,1805.39,-21449.89,-12040.97,-13297.32,-13047.34,-10732.32,-4761.46,-6691.84
1786312057.652000,1802.71,-21454.72,-12031.59,-13299.47,-13050.56,-10732.59,-4763.87,-6696.40
1786312057.652000,1801.91,-21455.80,-12030.78,-13300.27,-13050.83,-10732.06,-4761.99,-6697.21
1786312057.652000,1803.52,-21452.58,-12037.49,-13295.44,-13046.00,-10733.66,-4758.78,-6696.67
1786312057.677000,1802.71,-21449.89,-12047.41,-13295.71,-13046.80,-10738.49,-4763.07,-6691.04
1786312057.677000,1800.84,-21449.36,-12048.75,-13296.25,-13050.83,-10738.76,-4768.70,-6693.72
1786312057.677000,1799.23,-21453.92,-12040.17,-13300.00,-13052.97,-10736.35,-4766.55,-6693.99
1786312057.677000,1800.03,-21456.60,-12033.20,-13301.34,-13053.24,-10736.88,-4764.68,-6695.06
1786312057.677000,1800.57,-21457.41,-12044.73,-13302.68,-13047.34,-10737.96,-4759.31,-6707.13
1786312057.706000,1806.74,-21454.72,-12053.58,-13303.49,-13040.10,-10732.59,-4751.53,-6700.96
1786312057.706000,1801.91,-21455.26,-12047.68,-13300.81,-13052.70,-10736.08,-4763.87,-6689.16
1786312057.706000,1795.47,-21460.36,-12043.39,-13303.22,-13062.90,-10745.47,-4774.33,-6691.84
1786312057.706000,1793.33,-21457.94,-12042.85,-13304.03,-13063.43,-10747.08,-4774.06,-6693.99
1786312057.706000,1791.98,-21452.31,-12045.53,-13300.00,-13057.26,-10743.86,-4767.09,-6704.18
1786312057.709000,1783.94,-21454.19,-12053.04,-13304.03,-13053.24,-10739.83,-4758.78,-6725.37
1786312057.709000,1781.26,-21454.45,-12053.04,-13303.49,-13062.09,-10744.66,-4768.43,-6728.05
1786312057.709000,1796.01,-21439.97,-12034.00,-13295.44,-13056.19,-10741.71,-4766.55,-6708.21
1786312057.709000,1804.05,-21430.85,-12019.25,-13298.39,-13047.87,-10732.32,-4756.63,-6687.02
1786312057.709000,1796.28,-21439.43,-12029.98,-13305.37,-13051.36,-10730.45,-4754.48,-6687.02
1786312057.765000,1791.18,-21439.43,-12040.97,-13292.49,-13047.34,-10727.23,-4742.68,-6720.28
1786312057.765000,1790.11,-21431.12,-12031.59,-13296.78,-13045.73,-10718.64,-4739.73,-6722.69
1786312057.765000,1775.89,-21430.58,-12018.71,-13328.43,-13044.66,-10718.64,-4735.98,-6754.61
1786312057.765000,1827.93,-21397.06,-11987.33,-13296.25,-13003.35,-10686.46,-4695.21,-6742.81
1786312057.765000,1837.58,-21403.76,-11999.13,-13280.69,-13022.66,-10701.48,-4722.30,-6674.68
1786312057.768000,1818.00,-21408.86,-12010.66,-13293.30,-13039.29,-10719.18,-4737.85,-6665.56
1786312057.768000,1822.02,-21404.30,-11995.11,-13264.33,-13027.76,-10704.43,-4720.15,-6678.16
1786312057.768000,1850.19,-21398.93,-11977.94,-13244.21,-13018.64,-10688.34,-4707.81,-6652.15
1786312057.768000,1849.12,-21390.35,-11964.53,-13257.36,-13017.83,-10683.78,-4703.79,-6674.41
1786312057.768000,1851.26,-21373.45,-11956.48,-13260.84,-12996.91,-10673.85,-4685.55,-6691.84
1786312057.773000,1854.48,-21377.48,-11954.87,-13210.68,-13024.00,-10688.07,-4710.50,-6672.26
1786312057.773000,1847.24,-21395.71,-11931.54,-13230.53,-13045.19,-10691.02,-4717.74,-6684.87
1786312057.773000,1853.67,-21378.82,-11873.07,-13229.73,-13036.88,-10677.07,-4704.33,-6680.04
1786312057.773000,1863.06,-21379.89,-11838.20,-13206.93,-13029.10,-10681.90,-4701.64,-6674.95
1786312057.773000,1862.26,-21380.69,-11827.74,-13174.74,-13025.34,-10684.31,-4705.67,-6658.58
1786312057.811000,1854.48,-21380.43,-11818.35,-13169.92,-13038.22,-10685.38,-4711.30,-6649.20
1786312057.811000,1871.91,-21378.28,-11808.96,-13162.94,-13037.15,-10682.97,-4712.91,-6662.34
1786312057.811000,1884.25,-21375.06,-11794.75,-13151.94,-13034.73,-10688.34,-4723.37,-6655.90
1786312057.811000,1873.52,-21378.28,-11795.55,-13150.07,-13048.68,-10692.90,-4731.69,-6656.44
1786312057.811000,1866.01,-21376.13,-11808.16,-13149.80,-13048.68,-10686.46,-4724.18,-6656.97
1786312057.814000,1876.21,-21363.80,-11817.01,-13127.00,-13035.27,-10673.05,-4707.01,-6658.85
1786312057.814000,1883.72,-21358.16,-11822.37,-13118.15,-13029.90,-10666.88,-4707.55,-6655.10
1786312057.814000,1883.18,-21366.21,-11815.67,-13120.03,-13031.25,-10660.98,-4713.18,-6658.58
1786312057.814000,1879.16,-21370.23,-11821.57,-13117.88,-13036.07,-10664.73,-4718.27,-6663.41
1786312057.814000,1869.77,-21374.26,-11847.05,-13117.61,-13043.31,-10676.80,-4721.76,-6674.14
1786312057.827000,1864.67,-21381.50,-11861.80,-13118.42,-13047.87,-10677.87,-4727.93,-6677.63
1786312057.827000,1863.33,-21382.30,-11865.56,-13122.98,-13048.14,-10682.43,-4733.29,-6678.43
1786312057.827000,1856.63,-21383.11,-11861.80,-13129.15,-13049.22,-10686.19,-4734.37,-6682.46
1786312057.827000,1852.33,-21382.30,-11859.92,-13135.05,-13046.53,-10678.41,-4724.44,-6684.60
1786312057.827000,1849.12,-21379.89,-11870.38,-13133.97,-13050.02,-10676.27,-4723.91,-6680.58
1786312057.857000,1842.41,-21384.45,-11887.28,-13137.19,-13058.87,-10682.97,-4730.34,-6675.75
1786312057.857000,1839.19,-21395.18,-11899.35,-13148.99,-13065.31,-10687.26,-4739.20,-6673.60
1786312057.857000,1834.09,-21404.57,-11905.25,-13157.31,-13068.26,-10694.50,-4758.51,-6672.00
1786312057.857000,1828.19,-21403.22,-11896.67,-13165.89,-13064.24,-10707.11,-4762.26,-6671.73
1786312057.857000,1826.05,-21400.81,-11898.55,-13171.26,-13056.99,-10700.41,-4745.90,-6669.31
1786312057.873000,1825.24,-21405.37,-11918.40,-13176.35,-13051.90,-10693.43,-4734.64,-6663.95
1786312057.873000,1825.51,-21417.98,-11930.20,-13184.94,-13052.97,-10694.50,-4736.51,-6659.12
1786312057.873000,1823.10,-21422.00,-11913.30,-13193.52,-13057.53,-10698.53,-4745.36,-6653.76
1786312057.873000,1818.81,-21427.36,-11912.76,-13197.01,-13059.94,-10701.48,-4751.53,-6650.54
1786312057.873000,1813.71,-21424.41,-11927.78,-13201.03,-13062.36,-10704.16,-4756.63,-6651.07
1786312057.916000,1811.56,-21417.98,-11922.42,-13208.27,-13058.60,-10706.04,-4753.95,-6651.61
1786312057.916000,1812.91,-21417.71,-11907.94,-13215.51,-13055.38,-10704.70,-4748.05,-6648.93
1786312057.916000,1815.59,-21424.41,-11893.99,-13222.22,-13055.38,-10704.70,-4748.85,-6639.81
1786312057.916000,1819.34,-21431.39,-11892.65,-13221.95,-13054.58,-10703.89,-4747.24,-6631.76
1786312057.916000,1816.12,-21431.66,-11915.45,-13222.49,-13060.75,-10710.33,-4756.09,-6628.01
1786312057.919000,1811.03,-21434.61,-11926.17,-13227.85,-13064.77,-10717.84,-4765.48,-6631.49
1786312057.919000,1808.08,-21437.83,-11902.57,-13235.09,-13063.43,-10720.25,-4765.48,-6634.71
1786312057.919000,1811.03,-21440.78,-11869.04,-13240.99,-13059.94,-10718.38,-4763.34,-6633.91
1786312057.919000,1813.98,-21442.65,-11847.59,-13243.94,-13056.99,-10714.89,-4759.58,-6629.35
1786312057.919000,1814.78,-21443.46,-11854.83,-13240.99,-13059.14,-10714.62,-4761.46,-6628.81
1786312057.946000,1811.56,-21447.21,-11873.87,-13242.60,-13060.75,-10714.62,-4769.50,-6632.84
1786312057.946000,1811.03,-21451.24,-11860.46,-13249.04,-13061.29,-10720.79,-4773.26,-6634.18
1786312057.946000,1812.91,-21447.21,-11836.05,-13251.72,-13059.68,-10718.64,-4768.97,-6632.57
1786312057.946000,1812.91,-21442.92,-11828.54,-13251.45,-13061.02,-10715.16,-4772.72,-6632.03
1786312057.946000,1811.56,-21447.48,-11844.37,-13251.99,-13062.90,-10714.62,-4777.82,-6635.52
1786312057.949000,1809.15,-21452.04,-11859.12,-13255.75,-13066.38,-10713.82,-4775.14,-6639.54
1786312057.949000,1809.95,-21451.24,-11853.76,-13258.70,-13064.77,-10711.13,-4770.58,-6639.27
1786312057.949000,1811.83,-21452.58,-11843.83,-13259.23,-13062.09,-10707.65,-4767.36,-6640.88
1786312057.949000,1810.22,-21453.92,-11842.76,-13258.70,-13062.63,-10707.92,-4768.16,-6645.98
1786312057.949000,1810.22,-21453.11,-11847.05,-13261.11,-13061.82,-10709.79,-4768.16,-6647.59
1786312058.064000,1813.71,-21449.09,-11853.49,-13257.62,-13059.14,-10707.92,-4767.90,-6645.17
1786312058.064000,1817.20,-21450.16,-11911.42,-13254.40,-13057.53,-10704.16,-4766.55,-6643.30
1786312058.064000,1820.42,-21448.02,-11983.31,-13256.55,-13058.87,-10699.87,-4767.36,-6643.83
1786312058.064000,1818.00,-21448.55,-12013.61,-13257.09,-13059.94,-10708.99,-4774.87,-6647.05
1786312058.064000,1815.59,-21451.24,-12038.83,-13257.36,-13061.55,-10713.01,-4775.67,-6648.93
1786312058.067000,1813.98,-21453.11,-12064.31,-13256.55,-13063.43,-10713.01,-4775.94,-6654.83
1786312058.067000,1815.32,-21452.58,-12061.63,-13261.11,-13063.16,-10713.82,-4776.75,-6656.44
1786312058.067000,1816.93,-21454.19,-12048.48,-13263.26,-13063.70,-10714.35,-4773.26,-6655.10
1786312058.067000,1818.27,-21454.45,-12048.22,-13260.84,-13060.21,-10712.21,-4766.82,-6654.56
1786312058.067000,1816.39,-21449.89,-12051.17,-13256.55,-13058.60,-10711.67,-4764.94,-6654.83
1786312058.112000,1813.44,-21449.63,-12058.41,-13255.21,-13058.87,-10717.84,-4772.19,-6656.97
1786312058.112000,1813.71,-21452.04,-12053.58,-13257.62,-13061.29,-10720.25,-4776.75,-6658.05
1786312058.112000,1815.59,-21454.19,-12045.53,-13259.77,-13061.55,-10719.99,-4775.94,-6656.97
1786312058.112000,1816.39,-21456.60,-12050.90,-13257.09,-13060.48,-10720.52,-4777.28,-6656.97
1786312058.112000,1814.25,-21455.26,-12058.14,-13257.09,-13063.97,-10726.69,-4779.43,-6660.73
1786312058.112000,1813.98,-21450.16,-12060.29,-13258.96,-13064.77,-10726.42,-4777.82,-6661.27
1786312058.112000,1812.37,-21453.65,-12056.80,-13261.92,-13066.65,-10728.03,-4779.43,-6666.36
1786312058.112000,1813.98,-21457.67,-12050.09,-13261.11,-13064.50,-10726.69,-4774.60,-6665.56
1786312058.112000,1813.71,-21454.72,-12048.22,-13260.31,-13063.43,-10724.55,-4770.58,-6661.53
1786312058.112000,1814.25,-21453.92,-12052.51,-13261.38,-13062.90,-10724.55,-4769.77,-6661.00
1786312058.169000,1816.12,-21452.85,-12058.94,-13260.04,-13061.29,-10724.01,-4767.63,-6659.12
1786312058.169000,1815.59,-21455.26,-12058.41,-13262.72,-13063.97,-10724.81,-4769.50,-6659.66
1786312058.169000,1818.27,-21456.06,-12043.39,-13265.67,-13060.21,-10726.69,-4773.26,-6657.78
1786312058.169000,1816.93,-21457.41,-12043.39,-13263.26,-13058.87,-10726.96,-4773.53,-6659.66
1786312058.169000,1815.05,-21455.53,-12054.12,-13259.77,-13060.75,-10727.76,-4771.11,-6662.88
1786312058.199000,1816.12,-21456.06,-12063.77,-13261.11,-13060.21,-10726.42,-4767.36,-6661.00
1786312058.199000,1816.66,-21458.21,-12060.82,-13261.92,-13060.75,-10724.01,-4769.24,-6661.80
1786312058.199000,1816.66,-21456.60,-12045.26,-13263.79,-13061.29,-10722.40,-4772.72,-6664.22
1786312058.199000,1816.39,-21457.14,-12042.31,-13263.52,-13060.48,-10726.42,-4771.92,-6662.61
1786312058.199000,1817.73,-21454.19,-12059.75,-13264.60,-13055.38,-10725.08,-4762.80,-6658.85
1786312058.203000,1820.68,-21450.43,-12055.46,-13264.33,-13052.17,-10724.28,-4758.78,-6656.97
1786312058.203000,1822.56,-21448.55,-12050.09,-13264.06,-13054.31,-10722.94,-4763.87,-6656.44
1786312058.203000,1823.37,-21453.92,-12047.41,-13266.21,-13057.26,-10726.42,-4772.72,-6658.32
1786312058.203000,1822.02,-21457.41,-12045.80,-13265.40,-13059.14,-10729.91,-4772.72,-6657.78
1786312058.203000,1822.29,-21453.65,-12053.58,-13262.72,-13055.38,-10726.69,-4765.48,-6657.78
1786312058.216000,1819.61,-21451.24,-12056.53,-13262.45,-13057.26,-10726.96,-4764.14,-6659.12
1786312058.216000,1816.66,-21455.80,-12055.99,-13263.79,-13061.55,-10729.64,-4767.90,-6662.34
1786312058.216000,1819.07,-21453.92,-12045.00,-13263.26,-13059.14,-10730.45,-4766.82,-6661.53
1786312058.216000,1817.73,-21452.31,-12042.85,-13263.79,-13061.29,-10730.71,-4771.38,-6662.34
1786312058.216000,1816.39,-21449.89,-12050.09,-13262.99,-13063.70,-10732.32,-4776.75,-6661.53
1786312058.230000,1815.32,-21450.16,-12061.09,-13262.99,-13062.90,-10733.13,-4773.53,-6662.88
1786312058.230000,1814.78,-21452.85,-12053.04,-13266.47,-13063.43,-10735.01,-4771.38,-6663.14
1786312058.230000,1817.20,-21451.24,-12036.95,-13266.21,-13059.41,-10733.40,-4768.43,-6660.46
1786312058.230000,1820.15,-21450.16,-12039.10,-13263.26,-13055.92,-10730.71,-4764.94,-6658.05
1786312058.230000,1818.27,-21452.04,-12052.78,-13263.26,-13056.19,-10732.06,-4764.68,-6657.78
1786312058.246000,1817.20,-21453.38,-12060.55,-13265.40,-13057.53,-10732.06,-4767.63,-6654.83
1786312058.246000,1818.27,-21452.58,-12057.87,-13268.08,-13056.46,-10730.71,-4769.77,-6654.29
1786312058.246000,1818.81,-21454.45,-12048.75,-13271.03,-13054.85,-10725.35,-4766.02,-6655.90
1786312058.246000,1816.93,-21456.06,-12063.77,-13267.28,-13057.26,-10729.37,-4765.48,-6659.66
1786312058.246000,1813.71,-21454.72,-12062.43,-13267.82,-13060.21,-10733.13,-4766.82,-6660.19
1786312058.248000,1817.46,-21449.09,-12065.65,-13264.60,-13054.04,-10730.45,-4767.09,-6657.24
1786312058.248000,1819.07,-21446.14,-12048.22,-13266.21,-13052.17,-10729.10,-4769.77,-6655.63
1786312058.248000,1820.15,-21450.43,-12036.41,-13269.69,-13052.17,-10726.69,-4762.26,-6655.10
1786312058.248000,1818.54,-21452.85,-12040.17,-13268.62,-13052.70,-10730.45,-4758.51,-6654.29
1786312058.248000,1816.93,-21450.16,-12052.51,-13265.67,-13051.63,-10733.13,-4759.31,-6655.37
1786312058.252000,1818.00,-21450.43,-12073.16,-13265.13,-13051.36,-10732.06,-4760.65,-6651.88
1786312058.252000,1817.73,-21452.04,-12066.19,-13268.62,-13054.85,-10732.06,-4762.80,-6653.49
1786312058.252000,1816.66,-21453.92,-12042.31,-13269.43,-13057.26,-10734.20,-4766.02,-6653.49
1786312058.252000,1818.81,-21452.04,-12040.71,-13269.16,-13054.58,-10732.59,-4764.68,-6650.54
1786312058.252000,1818.27,-21450.16,-12058.94,-13268.35,-13052.17,-10734.20,-4759.85,-6651.61
1786312058.256000,1812.91,-21450.16,-12069.67,-13269.43,-13056.73,-10738.76,-4765.48,-6659.39
1786312058.256000,1814.78,-21448.29,-12055.73,-13272.38,-13056.19,-10733.40,-4765.75,-6657.78
1786312058.256000,1818.27,-21446.14,-12040.71,-13268.35,-13053.78,-10730.45,-4759.85,-6655.63
1786312058.256000,1817.20,-21448.02,-12043.39,-13268.08,-13054.04,-10731.79,-4758.78,-6659.66
1786312058.256000,1814.25,-21451.50,-12054.65,-13267.82,-13056.73,-10735.81,-4763.07,-6662.61
1786312058.291000,1814.78,-21452.85,-12063.50,-13269.96,-13057.53,-10734.74,-4766.02,-6660.73
1786312058.291000,1816.66,-21449.36,-12059.21,-13272.64,-13059.41,-10734.74,-4769.77,-6660.46
1786312058.291000,1819.07,-21449.09,-12047.41,-13273.72,-13055.92,-10735.81,-4767.90,-6658.32
1786312058.291000,1818.00,-21451.77,-12056.53,-13272.11,-13054.58,-10740.10,-4765.48,-6659.39
1786312058.291000,1815.59,-21450.16,-12067.80,-13273.18,-13052.70,-10738.49,-4762.26,-6659.66
1786312058.304000,1814.51,-21446.68,-12062.70,-13270.77,-13051.63,-10732.86,-4761.46,-6659.66
1786312058.304000,1815.59,-21448.55,-12053.58,-13270.77,-13051.90,-10732.59,-4762.80,-6661.00
1786312058.304000,1817.46,-21449.63,-12051.17,-13272.64,-13051.09,-10731.25,-4759.31,-6658.85
1786312058.304000,1817.73,-21449.36,-12049.02,-13271.84,-13052.70,-10732.59,-4757.43,-6660.19
1786312058.304000,1814.78,-21448.29,-12050.36,-13267.28,-13054.58,-10732.06,-4757.97,-6662.07
1786312058.324000,1815.59,-21447.21,-12058.94,-13268.08,-13053.24,-10732.06,-4758.78,-6661.53
1786312058.324000,1820.15,-21449.36,-12061.09,-13268.35,-13049.48,-10732.06,-4759.04,-6659.12
1786312058.324000,1825.24,-21446.41,-12047.41,-13267.82,-13048.41,-10733.40,-4761.99,-6656.17
1786312058.324000,1823.63,-21443.46,-12043.39,-13268.35,-13049.75,-10733.93,-4764.94,-6656.17
1786312058.324000,1825.24,-21439.70,-12053.04,-13266.47,-13043.58,-10725.89,-4751.00,-6653.49
1786312058.364000,1827.66,-21439.43,-12054.38,-13267.28,-13041.17,-10723.20,-4748.58,-6653.49
1786312058.364000,1828.19,-21443.19,-12047.41,-13267.55,-13042.78,-10723.74,-4751.27,-6654.83
1786312058.364000,1830.07,-21444.26,-12040.71,-13266.74,-13042.51,-10725.35,-4750.73,-6654.56
1786312058.364000,1829.27,-21444.26,-12043.66,-13264.06,-13043.85,-10728.03,-4753.41,-6656.71
1786312058.364000,1826.85,-21446.14,-12053.85,-13263.52,-13046.80,-10729.10,-4756.09,-6659.12
1786312058.366000,1826.58,-21442.92,-12060.55,-13262.99,-13046.53,-10730.98,-4758.78,-6661.00
1786312058.366000,1829.80,-21440.78,-12046.61,-13264.06,-13044.12,-10729.10,-4755.56,-6659.66
1786312058.366000,1834.09,-21441.31,-12038.56,-13263.79,-13040.90,-10723.20,-4753.14,-6657.78
1786312058.366000,1834.36,-21442.92,-12046.34,-13264.87,-13040.36,-10726.69,-4750.73,-6659.66
1786312058.366000,1831.68,-21447.48,-12053.31,-13262.18,-13041.97,-10730.45,-4748.58,-6660.73
1786312058.370000,1830.34,-21444.80,-12056.80,-13261.11,-13044.66,-10731.52,-4749.92,-6659.12
1786312058.370000,1829.53,-21439.70,-12044.73,-13263.52,-13046.53,-10729.64,-4753.14,-6659.39
1786312058.370000,1829.00,-21439.17,-12026.22,-13265.40,-13047.07,-10730.45,-4757.43,-6662.61
1786312058.370000,1831.41,-21439.43,-12026.22,-13263.79,-13043.31,-10729.37,-4751.27,-6658.85
1786312058.370000,1830.61,-21439.43,-12046.34,-13261.38,-13041.71,-10728.30,-4748.05,-6659.39
1786312058.397000,1830.07,-21440.24,-12051.70,-13263.79,-13041.44,-10730.18,-4748.85,-6659.66
1786312058.397000,1834.63,-21442.65,-12049.56,-13265.94,-13038.49,-10728.03,-4749.92,-6654.02
1786312058.397000,1834.36,-21445.60,-12050.09,-13266.74,-13040.10,-10728.84,-4751.80,-6655.63
1786312058.397000,1831.68,-21444.26,-12042.31,-13265.13,-13042.51,-10733.13,-4753.14,-6654.83
1786312058.397000,1829.53,-21441.31,-12040.17,-13265.13,-13043.85,-10731.25,-4751.80,-6654.83
1786312058.426000,1827.93,-21439.70,-12045.53,-13264.06,-13043.31,-10731.25,-4754.48,-6653.76
1786312058.426000,1826.85,-21438.90,-12040.97,-13264.06,-13044.66,-10733.93,-4757.43,-6656.97
1786312058.426000,1825.78,-21442.12,-12031.59,-13266.47,-13045.19,-10729.64,-4752.07,-6657.78
1786312058.426000,1827.93,-21444.26,-12033.46,-13268.08,-13041.44,-10728.57,-4745.10,-6654.02
1786312058.426000,1829.80,-21440.78,-12054.12,-13263.52,-13038.49,-10727.23,-4742.41,-6648.12
1786312058.429000,1829.53,-21442.12,-12059.75,-13264.06,-13042.78,-10728.30,-4747.78,-6648.12
1786312058.429000,1830.61,-21442.65,-12050.09,-13268.08,-13042.78,-10731.79,-4750.19,-6647.59
1786312058.429000,1829.53,-21440.78,-12039.36,-13269.16,-13041.71,-10734.20,-4751.27,-6652.15
1786312058.429000,1829.27,-21439.70,-12041.24,-13267.28,-13039.83,-10727.50,-4747.51,-6650.81
1786312058.429000,1826.05,-21437.56,-12035.61,-13265.13,-13040.10,-10724.81,-4745.90,-6651.07
1786312058.457000,1824.17,-21435.95,-12035.34,-13266.47,-13039.83,-10726.15,-4746.97,-6651.88
1786312058.457000,1828.73,-21437.29,-12036.15,-13268.35,-13037.41,-10724.55,-4747.78,-6648.12
1786312058.457000,1831.95,-21439.97,-12035.61,-13268.08,-13033.66,-10722.67,-4743.76,-6646.25
1786312058.457000,1831.68,-21443.99,-12040.71,-13268.08,-13031.25,-10726.42,-4740.27,-6646.25
1786312058.457000,1831.14,-21443.19,-12046.87,-13267.82,-13034.73,-10727.76,-4742.68,-6646.25
1786312058.514000,1830.07,-21439.97,-12056.80,-13268.62,-13039.02,-10732.32,-4752.34,-6644.37
1786312058.514000,1833.02,-21440.51,-12046.07,-13271.30,-13036.34,-10729.64,-4749.12,-6643.83
1786312058.514000,1833.56,-21440.24,-12028.10,-13270.77,-13034.73,-10721.86,-4739.20,-6647.05
1786312058.514000,1834.63,-21438.36,-12029.71,-13268.89,-13033.39,-10721.33,-4736.24,-6645.98
1786312058.514000,1833.02,-21439.43,-12039.63,-13267.28,-13033.39,-10726.15,-4741.34,-6644.10
1786312058.546000,1831.14,-21443.46,-12047.95,-13268.89,-13033.93,-10727.76,-4742.41,-6644.37
1786312058.546000,1831.14,-21441.85,-12050.36,-13269.96,-13035.80,-10728.03,-4743.22,-6645.44
1786312058.546000,1830.34,-21443.99,-12037.75,-13272.64,-13038.49,-10727.76,-4744.56,-6647.86
1786312058.546000,1830.88,-21446.41,-12032.39,-13271.30,-13038.49,-10728.03,-4747.78,-6648.39
1786312058.546000,1831.68,-21446.41,-12051.43,-13269.43,-13039.02,-10726.69,-4750.73,-6645.44
1786312058.548000,1833.83,-21443.19,-12068.87,-13271.03,-13039.29,-10725.35,-4748.31,-6645.71
1786312058.548000,1829.00,-21443.73,-12047.68,-13271.84,-13042.51,-10732.59,-4755.29,-6654.29
1786312058.548000,1830.34,-21437.56,-12023.54,-13270.77,-13036.88,-10727.76,-4747.24,-6653.76
1786312058.548000,1837.58,-21432.19,-12023.27,-13267.82,-13027.76,-10723.20,-4735.44,-6649.46
1786312058.548000,1836.78,-21434.07,-12031.85,-13265.40,-13028.03,-10724.81,-4736.24,-6651.07
1786312058.552000,1831.41,-21435.14,-12037.49,-13266.47,-13034.20,-10725.62,-4740.80,-6652.68
1786312058.552000,1832.75,-21436.48,-12036.68,-13268.08,-13036.07,-10726.42,-4743.49,-6650.81
1786312058.552000,1834.90,-21437.56,-12027.29,-13269.43,-13035.27,-10724.28,-4741.34,-6650.27
1786312058.552000,1835.70,-21438.63,-12034.27,-13268.35,-13034.46,-10724.01,-4741.34,-6649.73
1786312058.552000,1834.90,-21444.53,-12045.53,-13270.23,-13035.80,-10728.03,-4745.10,-6648.12
1786312058.556000,1832.22,-21448.55,-12047.41,-13271.30,-13039.29,-10731.52,-4750.46,-6650.27
1786312058.556000,1837.31,-21445.87,-12054.92,-13270.77,-13034.20,-10726.69,-4746.71,-6645.44
1786312058.556000,1837.05,-21441.85,-12047.95,-13271.57,-13033.39,-10724.81,-4742.15,-6647.05
1786312058.556000,1836.24,-21438.09,-12035.07,-13270.23,-13033.12,-10725.89,-4741.07,-6648.12
1786312058.556000,1832.22,-21436.75,-12035.61,-13269.96,-13033.93,-10729.91,-4739.46,-6645.71
1786312058.577000,1830.88,-21435.95,-12043.39,-13270.23,-13034.46,-10728.03,-4741.88,-6648.66
1786312058.577000,1834.36,-21439.17,-12037.49,-13271.30,-13033.93,-10725.35,-4741.34,-6649.20
1786312058.577000,1835.17,-21442.65,-12025.15,-13270.77,-13034.46,-10724.01,-4741.34,-6652.95
1786312058.577000,1830.34,-21442.92,-12030.78,-13272.64,-13037.68,-10726.69,-4743.49,-6656.44
1786312058.577000,1832.75,-21439.43,-12039.10,-13269.69,-13034.73,-10725.08,-4738.93,-6652.42
1786312058.626000,1836.24,-21435.95,-12039.10,-13266.47,-13032.59,-10723.74,-4744.02,-6650.00
1786312058.626000,1835.70,-21437.56,-12032.66,-13268.08,-13035.27,-10728.57,-4747.51,-6653.49
1786312058.626000,1838.12,-21442.12,-12029.98,-13270.77,-13032.59,-10727.76,-4744.02,-6652.68
1786312058.626000,1838.39,-21446.68,-12039.36,-13269.43,-13031.25,-10730.45,-4741.34,-6650.81
1786312058.626000,1836.24,-21447.48,-12056.80,-13269.16,-13031.25,-10732.32,-4740.00,-6651.61
1786312058.636000,1835.70,-21442.38,-12061.09,-13268.08,-13031.78,-10728.84,-4738.93,-6652.15
1786312058.636000,1833.02,-21441.31,-12048.22,-13272.11,-13032.59,-10729.91,-4741.61,-6656.17
1786312058.636000,1835.17,-21442.65,-12031.32,-13272.11,-13031.78,-10726.69,-4737.85,-6654.56
1786312058.636000,1835.44,-21440.24,-12025.68,-13268.62,-13034.20,-10726.15,-4737.85,-6651.34
1786312058.636000,1833.02,-21437.02,-12030.78,-13267.01,-13035.80,-10730.98,-4740.00,-6652.15
1786312058.640000,1829.80,-21435.95,-12040.17,-13266.47,-13037.95,-10733.66,-4746.44,-6656.97
1786312058.640000,1831.14,-21440.51,-12038.83,-13267.82,-13039.29,-10733.13,-4751.27,-6658.32
1786312058.640000,1833.56,-21441.31,-12023.27,-13269.69,-13036.61,-10731.79,-4745.10,-6658.32
1786312058.640000,1836.78,-21441.31,-12031.59,-13267.82,-13033.12,-10727.76,-4736.51,-6652.42
1786312058.640000,1833.56,-21441.85,-12050.63,-13266.47,-13036.88,-10735.54,-4741.88,-6653.22
1786312058.651000,1833.02,-21439.97,-12050.90,-13268.08,-13035.27,-10736.08,-4742.68,-6654.83
1786312058.651000,1835.70,-21439.97,-12033.73,-13269.69,-13032.59,-10729.64,-4742.95,-6654.83
1786312058.651000,1836.78,-21441.04,-12024.08,-13268.08,-13033.12,-10730.45,-4743.22,-6654.83
1786312058.651000,1836.24,-21438.36,-12033.73,-13265.94,-13034.73,-10729.10,-4738.39,-6655.63
1786312058.651000,1833.83,-21435.41,-12036.68,-13265.40,-13036.61,-10729.91,-4738.93,-6656.97
1786312058.667000,1831.68,-21433.53,-12036.41,-13266.21,-13037.95,-10727.23,-4743.49,-6658.32
1786312058.667000,1833.02,-21439.17,-12035.61,-13267.82,-13037.41,-10730.18,-4745.63,-6656.97
1786312058.667000,1834.36,-21439.17,-12027.03,-13269.16,-13033.66,-10730.45,-4741.34,-6654.56
1786312058.667000,1830.88,-21435.95,-12031.32,-13267.55,-13036.07,-10730.45,-4741.34,-6657.51
1786312058.667000,1829.80,-21435.41,-12041.78,-13267.01,-13037.68,-10732.06,-4741.34,-6659.12
1786312058.711000,1832.22,-21438.63,-12047.14,-13265.94,-13034.46,-10734.74,-4741.07,-6657.78
1786312058.711000,1835.17,-21438.63,-12034.80,-13266.74,-13031.25,-10730.45,-4739.46,-6654.56
1786312058.711000,1837.05,-21439.17,-12023.27,-13268.62,-13031.25,-10730.71,-4739.73,-6649.73
1786312058.711000,1835.44,-21440.51,-12038.02,-13267.82,-13032.05,-10729.91,-4738.66,-6651.07
1786312058.711000,1831.68,-21437.02,-12042.05,-13266.47,-13034.46,-10729.10,-4737.32,-6654.56
1786312058.714000,1831.68,-21436.22,-12037.75,-13268.62,-13035.80,-10731.25,-4739.46,-6652.68
1786312058.714000,1831.68,-21436.75,-12034.80,-13270.23,-13036.07,-10733.93,-4742.68,-6652.68
1786312058.714000,1829.80,-21437.56,-12028.10,-13269.43,-13037.15,-10732.59,-4742.68,-6654.83
1786312058.714000,1834.90,-21437.29,-12032.12,-13267.82,-13031.25,-10725.62,-4733.83,-6647.59
1786312058.714000,1833.83,-21434.87,-12036.95,-13265.67,-13030.71,-10727.76,-4733.29,-6648.39
1786312058.727000,1831.68,-21435.41,-12034.80,-13267.28,-13033.12,-10728.84,-4736.51,-6652.15
1786312058.727000,1831.95,-21435.68,-12029.17,-13269.96,-13034.46,-10727.76,-4739.73,-6651.07
1786312058.727000,1834.90,-21435.68,-12025.15,-13269.69,-13033.93,-10732.06,-4743.76,-6650.54
1786312058.727000,1834.63,-21442.12,-12036.95,-13269.69,-13034.73,-10736.35,-4742.68,-6651.61
1786312058.727000,1830.88,-21443.73,-12050.09,-13269.43,-13035.00,-10735.81,-4741.34,-6653.76
1786312058.769000,1831.68,-21440.51,-12054.12,-13269.96,-13032.32,-10732.86,-4741.34,-6656.17
1786312058.769000,1831.95,-21436.48,-12035.07,-13269.43,-13033.12,-10731.25,-4740.27,-6656.17
1786312058.769000,1833.02,-21433.80,-12020.32,-13268.89,-13034.73,-10730.98,-4741.07,-6655.10
1786312058.769000,1833.02,-21434.07,-12022.20,-13267.01,-13034.73,-10731.25,-4739.20,-6656.71
1786312058.769000,1831.41,-21431.39,-12029.98,-13265.40,-13034.73,-10732.06,-4737.85,-6656.97
1786312058.784000,1831.14,-21434.61,-12044.46,-13269.69,-13033.66,-10733.13,-4737.32,-6654.83
1786312058.784000,1834.90,-21438.90,-12044.73,-13272.64,-13031.25,-10730.18,-4734.37,-6653.76
1786312058.784000,1836.24,-21440.51,-12028.64,-13272.64,-13030.71,-10733.13,-4735.71,-6654.29
1786312058.784000,1834.36,-21438.90,-12028.64,-13271.84,-13032.32,-10733.13,-4738.39,-6654.02
1786312058.784000,1835.97,-21437.29,-12039.63,-13269.16,-13030.17,-10731.79,-4734.64,-6652.68
1786312058.789000,1837.58,-21438.36,-12039.63,-13269.43,-13028.29,-10731.52,-4733.29,-6650.81
1786312058.789000,1839.73,-21438.63,-12032.66,-13271.03,-13027.76,-10731.25,-4737.32,-6651.34
1786312058.789000,1837.31,-21440.51,-12026.49,-13270.50,-13032.05,-10729.10,-4738.93,-6653.49
1786312058.789000,1834.63,-21437.83,-12039.36,-13269.96,-13033.12,-10731.25,-4738.12,-6654.83
1786312058.789000,1834.09,-21436.22,-12044.19,-13271.57,-13033.39,-10732.06,-4738.66,-6654.83
1786312058.817000,1837.05,-21434.07,-12040.97,-13271.57,-13030.98,-10731.25,-4735.98,-6652.95
1786312058.817000,1836.78,-21434.07,-12032.93,-13271.84,-13030.71,-10729.10,-4734.37,-6656.71
1786312058.817000,1837.05,-21437.83,-12025.95,-13270.50,-13030.98,-10730.18,-4730.08,-6654.02
1786312058.817000,1838.39,-21439.97,-12032.93,-13268.08,-13030.71,-10728.84,-4727.39,-6649.20
1786312058.817000,1837.58,-21438.63,-12035.88,-13268.62,-13033.39,-10730.18,-4733.03,-6649.73
1786312058.846000,1837.05,-21435.14,-12038.29,-13268.35,-13030.71,-10731.52,-4734.64,-6650.00
1786312058.846000,1839.46,-21435.14,-12032.12,-13269.43,-13029.37,-10730.18,-4733.56,-6651.07
1786312058.846000,1838.39,-21436.75,-12029.17,-13272.11,-13032.05,-10729.37,-4735.71,-6653.22
1786312058.846000,1838.39,-21437.56,-12032.66,-13271.03,-13027.76,-10730.45,-4734.37,-6651.34
1786312058.846000,1840.53,-21437.02,-12041.51,-13268.89,-13025.08,-10729.10,-4728.73,-6649.20
1786312058.849000,1838.12,-21437.56,-12045.53,-13271.30,-13027.22,-10733.13,-4731.95,-6651.61
1786312058.849000,1836.78,-21435.95,-12035.34,-13272.11,-13031.25,-10732.32,-4734.90,-6654.56
1786312058.849000,1839.46,-21435.95,-12027.29,-13272.91,-13029.90,-10730.71,-4732.49,-6653.22
1786312058.849000,1839.19,-21438.09,-12029.44,-13270.77,-13029.10,-10732.59,-4730.08,-6651.07
1786312058.849000,1837.31,-21436.75,-12037.22,-13272.64,-13029.90,-10732.06,-4731.15,-6651.88
1786312058.877000,1838.12,-21440.78,-12045.80,-13273.45,-13030.17,-10732.59,-4734.64,-6653.22
1786312058.877000,1838.39,-21440.78,-12040.17,-13273.18,-13031.25,-10732.06,-4735.98,-6655.90
1786312058.877000,1837.85,-21436.48,-12025.15,-13273.72,-13033.12,-10731.25,-4733.29,-6655.63
1786312058.877000,1839.19,-21433.27,-12020.59,-13272.64,-13032.32,-10727.23,-4733.03,-6652.95
1786312058.877000,1835.44,-21433.27,-12027.83,-13270.50,-13033.66,-10730.45,-4737.59,-6656.17
1786312058.919000,1834.09,-21432.46,-12030.78,-13272.11,-13033.66,-10732.59,-4739.73,-6656.97
1786312058.919000,1834.36,-21434.61,-12027.29,-13272.11,-13035.27,-10731.52,-4740.80,-6654.83
1786312058.919000,1833.83,-21435.95,-12028.10,-13273.18,-13037.41,-10731.79,-4737.32,-6655.63
1786312058.919000,1830.34,-21443.99,-12040.44,-13273.45,-13038.22,-10736.88,-4736.51,-6659.12
1786312058.919000,1827.93,-21442.38,-12052.78,-13271.57,-13038.76,-10740.64,-4738.66,-6663.68
1786312058.951000,1829.27,-21436.48,-12042.85,-13272.64,-13037.95,-10736.88,-4737.32,-6662.34
1786312058.951000,1829.80,-21438.09,-12032.66,-13275.33,-13037.68,-10734.47,-4737.59,-6661.27
1786312058.951000,1830.61,-21441.85,-12030.78,-13275.59,-13037.95,-10733.13,-4737.32,-6661.80
1786312058.951000,1831.68,-21440.51,-12035.61,-13274.52,-13038.49,-10735.01,-4735.98,-6663.14
1786312058.951000,1831.14,-21440.78,-12054.38,-13274.52,-13039.56,-10737.15,-4735.71,-6660.46
1786312058.966000,1831.68,-21441.85,-12055.73,-13275.86,-13041.97,-10736.62,-4740.27,-6659.66
1786312058.966000,1833.56,-21441.85,-12038.29,-13276.67,-13040.63,-10737.42,-4743.49,-6660.19
1786312058.966000,1834.90,-21442.65,-12028.37,-13276.40,-13037.41,-10736.35,-4742.68,-6661.00
1786312058.966000,1835.70,-21439.70,-12029.44,-13273.18,-13035.54,-10737.42,-4740.00,-6662.07
1786312058.966000,1831.95,-21437.29,-12038.83,-13272.38,-13037.15,-10740.37,-4738.66,-6664.75
1786312058.968000,1831.68,-21435.41,-12035.88,-13273.45,-13038.76,-10736.08,-4737.85,-6665.02
1786312058.968000,1835.44,-21441.04,-12025.95,-13273.72,-13038.49,-10736.62,-4739.46,-6663.95
1786312058.968000,1838.39,-21439.97,-12024.34,-13273.45,-13036.61,-10736.08,-4742.41,-6661.27
1786312058.968000,1837.05,-21437.56,-12026.76,-13273.98,-13037.41,-10737.42,-4737.32,-6662.34
1786312058.968000,1833.56,-21437.83,-12040.97,-13273.45,-13037.68,-10737.42,-4732.22,-6662.61
1786312058.973000,1834.90,-21438.63,-12050.09,-13273.72,-13038.49,-10736.88,-4733.56,-6663.68
1786312058.973000,1838.65,-21437.29,-12035.34,-13276.40,-13036.07,-10732.86,-4731.15,-6660.73
1786312058.973000,1837.31,-21441.58,-12025.95,-13275.06,-13037.15,-10730.45,-4732.22,-6661.00
1786312058.973000,1835.70,-21443.19,-12028.37,-13271.84,-13037.41,-10732.59,-4731.95,-6663.14
1786312058.973000,1835.70,-21438.36,-12041.51,-13269.16,-13036.07,-10736.08,-4732.49,-6663.68
1786312059.012000,1834.36,-21433.53,-12046.87,-13271.30,-13038.22,-10739.30,-4737.85,-6663.14
1786312059.012000,1834.36,-21432.46,-12028.64,-13272.64,-13039.29,-10738.76,-4738.39,-6664.49
1786312059.012000,1831.41,-21438.63,-12019.25,-13273.45,-13043.31,-10740.64,-4736.78,-6667.17
1786312059.012000,1832.49,-21441.31,-12030.78,-13270.50,-13043.85,-10740.10,-4737.85,-6667.17
1786312059.012000,1833.02,-21438.90,-12044.73,-13271.30,-13040.90,-10740.91,-4738.39,-6665.56
1786312059.026000,1834.36,-21435.41,-12046.07,-13274.52,-13037.15,-10737.42,-4734.90,-6661.27
1786312059.026000,1835.70,-21434.07,-12033.46,-13275.33,-13040.10,-10738.49,-4735.71,-6661.53
1786312059.026000,1833.83,-21436.48,-12023.27,-13272.91,-13042.51,-10742.25,-4737.32,-6662.34
1786312059.026000,1830.07,-21435.14,-12020.59,-13272.11,-13044.12,-10741.17,-4737.05,-6665.02
1786312059.026000,1829.00,-21435.41,-12030.24,-13271.84,-13043.05,-10741.17,-4736.51,-6664.49
1786312059.029000,1831.68,-21438.63,-12037.75,-13272.11,-13042.24,-10739.83,-4738.93,-6661.53
1786312059.029000,1832.22,-21441.31,-12038.29,-13274.79,-13041.71,-10739.83,-4737.32,-6661.53
1786312059.029000,1836.78,-21437.29,-12028.90,-13274.79,-13037.95,-10735.01,-4733.29,-6656.71
1786312059.029000,1834.63,-21440.51,-12031.59,-13274.25,-13038.22,-10736.35,-4733.83,-6656.17
1786312059.029000,1831.41,-21437.02,-12043.92,-13273.18,-13039.02,-10739.83,-4735.71,-6655.63
1786312059.057000,1830.34,-21433.00,-12041.78,-13273.72,-13042.78,-10744.66,-4741.07,-6656.97
1786312059.057000,1832.75,-21435.41,-12035.34,-13276.13,-13042.78,-10743.32,-4738.66,-6656.44
1786312059.057000,1834.36,-21436.48,-12020.86,-13274.52,-13041.44,-10738.22,-4732.76,-6655.90
1786312059.057000,1833.02,-21437.56,-12027.56,-13271.84,-13043.58,-10739.57,-4735.71,-6655.37
1786312059.057000,1833.02,-21437.29,-12040.44,-13270.77,-13039.56,-10741.98,-4734.64,-6656.44
1786312059.086000,1831.41,-21441.31,-12038.83,-13274.79,-13041.97,-10744.13,-4740.00,-6661.53
1786312059.086000,1832.22,-21440.24,-12034.54,-13277.47,-13043.31,-10740.10,-4742.41,-6661.53
1786312059.086000,1831.95,-21439.43,-12029.98,-13276.94,-13041.97,-10737.42,-4734.37,-6662.34
1786312059.086000,1830.07,-21439.43,-12036.15,-13276.13,-13043.58,-10740.10,-4733.03,-6661.00
1786312059.086000,1828.73,-21437.29,-12040.17,-13274.79,-13046.00,-10742.52,-4738.66,-6661.53
1786312059.090000,1828.19,-21439.43,-12045.00,-13273.98,-13047.07,-10746.81,-4740.00,-6661.27
1786312059.090000,1829.00,-21443.99,-12039.36,-13277.47,-13048.14,-10744.93,-4738.12,-6661.00
1786312059.090000,1833.56,-21441.85,-12030.78,-13276.94,-13045.19,-10740.64,-4737.05,-6656.97
1786312059.090000,1834.09,-21437.29,-12030.51,-13275.33,-13043.05,-10741.44,-4738.39,-6656.97
1786312059.090000,1829.27,-21435.41,-12036.15,-13273.18,-13046.27,-10743.86,-4739.20,-6660.46
1786312059.140000,1827.93,-21436.48,-12034.00,-13276.13,-13046.00,-10745.20,-4740.54,-6660.46
1786312059.140000,1831.14,-21436.75,-12026.22,-13279.08,-13041.97,-10743.05,-4738.66,-6657.78
1786312059.140000,1830.34,-21438.09,-12023.54,-13277.47,-13042.78,-10740.91,-4733.83,-6658.85
1786312059.140000,1830.88,-21436.75,-12031.32,-13274.52,-13044.66,-10745.20,-4734.64,-6657.51
1786312059.140000,1832.22,-21444.53,-12058.41,-13273.18,-13043.85,-10747.88,-4738.12,-6656.97
1786312059.146000,1830.88,-21444.80,-12060.82,-13273.45,-13044.66,-10748.15,-4744.02,-6661.00
1786312059.146000,1830.34,-21437.29,-12034.80,-13276.13,-13045.46,-10743.86,-4742.15,-6664.22
1786312059.146000,1831.14,-21437.83,-12032.93,-13275.33,-13044.12,-10743.59,-4737.59,-6663.95
1786312059.146000,1828.73,-21436.75,-12028.90,-13274.52,-13046.80,-10748.69,-4737.59,-6666.36
1786312059.146000,1829.27,-21432.73,-12028.64,-13273.45,-13046.27,-10744.66,-4736.51,-6664.22
1786312059.149000,1829.80,-21435.41,-12031.32,-13273.45,-13047.34,-10741.98,-4737.85,-6666.63
1786312059.149000,1831.41,-21435.95,-12030.24,-13274.52,-13046.53,-10740.10,-4738.12,-6663.14
1786312059.149000,1832.75,-21437.29,-12031.32,-13273.18,-13045.46,-10743.05,-4736.51,-6659.93
1786312059.149000,1833.29,-21437.83,-12036.41,-13272.11,-13044.39,-10743.32,-4734.90,-6657.78
1786312059.149000,1830.07,-21438.09,-12041.78,-13271.57,-13046.27,-10749.22,-4738.93,-6661.53
1786312059.177000,1827.39,-21436.48,-12038.56,-13273.45,-13050.29,-10751.64,-4747.24,-6662.88
1786312059.177000,1827.66,-21434.07,-12022.20,-13275.86,-13050.29,-10747.61,-4752.07,-6661.80
1786312059.177000,1826.32,-21434.61,-12020.05,-13276.13,-13048.41,-10744.66,-4745.90,-6661.27
1786312059.177000,1828.19,-21437.56,-12035.34,-13274.79,-13046.53,-10746.27,-4738.66,-6659.39
1786312059.177000,1827.39,-21439.70,-12053.31,-13273.18,-13048.14,-10748.42,-4739.20,-6661.00
1786312059.206000,1823.90,-21439.17,-12048.75,-13274.52,-13050.56,-10750.29,-4742.15,-6662.34
1786312059.206000,1824.17,-21439.43,-12034.27,-13277.47,-13052.17,-10750.83,-4744.29,-6663.68
1786312059.206000,1826.85,-21439.43,-12036.95,-13277.47,-13051.90,-10749.49,-4743.22,-6662.88
1786312059.206000,1824.98,-21439.43,-12038.56,-13278.28,-13054.04,-10754.85,-4745.90,-6665.29
1786312059.206000,1824.71,-21434.07,-12040.17,-13277.20,-13052.70,-10754.05,-4742.68,-6665.83
1786312059.235000,1827.66,-21435.68,-12039.36,-13276.13,-13052.43,-10750.83,-4742.41,-6661.00
1786312059.235000,1825.78,-21437.29,-12024.61,-13276.67,-13055.65,-10753.51,-4746.71,-6661.53
1786312059.235000,1823.90,-21435.41,-12015.22,-13274.25,-13058.34,-10750.83,-4747.51,-6663.41
1786312059.235000,1824.44,-21434.61,-12023.54,-13273.45,-13056.19,-10750.56,-4745.10,-6663.14
1786312059.235000,1824.17,-21434.61,-12040.71,-13273.18,-13054.58,-10752.71,-4747.51,-6664.22
1786312059.240000,1825.24,-21434.61,-12045.80,-13273.45,-13053.24,-10754.59,-4746.71,-6664.49
1786312059.240000,1826.85,-21441.58,-12045.00,-13275.06,-13052.70,-10753.51,-4745.10,-6661.80
1786312059.240000,1825.51,-21443.99,-12038.29,-13277.47,-13055.12,-10754.85,-4747.24,-6662.07
1786312059.240000,1823.90,-21439.43,-12035.61,-13278.01,-13055.65,-10756.20,-4751.53,-6662.34
1786312059.240000,1825.51,-21435.95,-12038.02,-13276.40,-13051.90,-10755.12,-4747.24,-6657.78
1786312059.279000,1824.98,-21438.09,-12038.02,-13278.54,-13052.17,-10756.20,-4744.02,-6656.97
1786312059.279000,1826.85,-21441.31,-12032.66,-13280.42,-13053.51,-10756.20,-4743.76,-6654.83
1786312059.279000,1827.66,-21442.65,-12034.00,-13278.54,-13053.24,-10750.83,-4739.73,-6652.95
1786312059.279000,1824.71,-21441.85,-12040.71,-13277.47,-13055.38,-10751.64,-4742.15,-6655.90
1786312059.279000,1821.49,-21439.97,-12051.43,-13277.74,-13056.99,-10754.85,-4746.71,-6656.97
1786312059.296000,1819.61,-21439.97,-12054.92,-13280.15,-13059.94,-10754.59,-4749.39,-6659.12
1786312059.296000,1822.29,-21441.31,-12043.66,-13279.89,-13061.02,-10755.39,-4754.48,-6657.51
1786312059.296000,1823.63,-21441.58,-12026.76,-13280.15,-13059.94,-10756.20,-4751.53,-6656.17
1786312059.296000,1820.95,-21438.36,-12032.66,-13279.35,-13059.94,-10756.73,-4747.51,-6657.78
1786312059.296000,1819.34,-21438.09,-12043.39,-13279.35,-13058.87,-10756.73,-4746.17,-6658.05
1786312059.311000,1820.68,-21437.83,-12038.02,-13279.35,-13060.21,-10753.51,-4748.05,-6655.90
1786312059.311000,1823.63,-21440.51,-12030.78,-13279.08,-13061.29,-10756.46,-4748.31,-6653.76
1786312059.311000,1821.49,-21443.99,-12034.27,-13278.01,-13061.55,-10761.29,-4748.31,-6658.32
1786312059.311000,1816.93,-21441.85,-12042.85,-13277.20,-13063.70,-10759.95,-4751.27,-6662.61
1786312059.311000,1816.93,-21440.78,-12055.73,-13276.94,-13065.31,-10760.22,-4752.07,-6665.29
1786312059.314000,1819.61,-21439.17,-12048.75,-13275.59,-13063.43,-10759.95,-4753.68,-6662.34
1786312059.314000,1818.81,-21441.04,-12036.68,-13276.94,-13064.77,-10760.49,-4756.09,-6661.27
1786312059.314000,1822.02,-21440.51,-12032.66,-13277.20,-13062.63,-10758.61,-4752.87,-6658.85
1786312059.314000,1825.24,-21439.70,-12035.88,-13276.40,-13061.29,-10756.20,-4748.05,-6657.51
1786312059.314000,1823.10,-21437.02,-12047.68,-13275.86,-13062.63,-10756.20,-4748.05,-6657.51
1786312059.356000,1823.90,-21432.46,-12040.17,-13277.74,-13059.41,-10755.93,-4748.31,-6655.10
1786312059.356000,1825.78,-21431.12,-12027.56,-13278.28,-13056.19,-10754.05,-4745.90,-6653.76
1786312059.356000,1829.80,-21436.48,-12031.32,-13278.54,-13055.92,-10751.10,-4743.49,-6649.73
1786312059.356000,1830.88,-21439.43,-12036.95,-13277.47,-13054.85,-10748.95,-4740.27,-6645.44
1786312059.356000,1829.80,-21437.29,-12046.34,-13276.13,-13055.38,-10748.42,-4740.54,-6645.71
1786312059.357000,1827.93,-21438.09,-12048.48,-13276.13,-13058.07,-10753.24,-4744.56,-6647.59
1786312059.357000,1827.66,-21440.24,-12039.36,-13277.74,-13059.41,-10753.78,-4745.10,-6648.12
1786312059.357000,1831.41,-21438.09,-12025.15,-13276.67,-13054.58,-10750.83,-4740.80,-6643.56
1786312059.357000,1828.19,-21435.41,-12028.64,-13278.54,-13057.26,-10753.51,-4742.15,-6645.98
1786312059.357000,1824.98,-21435.41,-12044.73,-13275.33,-13061.55,-10756.46,-4747.24,-6649.73
1786312059.373000,1826.32,-21436.22,-12042.31,-13276.40,-13063.97,-10758.61,-4748.05,-6649.46
1786312059.373000,1826.32,-21438.09,-12034.00,-13279.35,-13065.31,-10761.56,-4753.41,-6647.86
1786312059.373000,1824.98,-21440.78,-12032.66,-13278.01,-13066.38,-10756.46,-4751.27,-6649.20
1786312059.373000,1822.02,-21438.09,-12035.61,-13273.98,-13069.60,-10755.93,-4750.46,-6654.02
1786312059.373000,1818.27,-21437.02,-12046.87,-13273.45,-13072.01,-10760.75,-4754.75,-6654.56
1786312059.387000,1824.98,-21436.75,-12044.73,-13274.52,-13068.26,-10754.05,-4750.19,-6650.81
1786312059.387000,1830.07,-21436.48,-12030.78,-13277.20,-13063.43,-10750.83,-4751.27,-6648.93
1786312059.387000,1828.73,-21439.43,-12032.66,-13278.01,-13063.97,-10755.66,-4752.87,-6648.39
1786312059.387000,1828.19,-21439.97,-12046.07,-13274.79,-13063.43,-10757.27,-4747.78,-6648.39
1786312059.387000,1826.32,-21438.09,-12050.09,-13274.79,-13064.50,-10755.93,-4745.10,-6650.54
1786312059.446000,1829.00,-21435.68,-12043.66,-13276.67,-13062.63,-10754.05,-4743.22,-6647.59
1786312059.446000,1833.02,-21437.29,-12029.44,-13275.33,-13060.75,-10752.71,-4743.76,-6645.71
1786312059.446000,1832.22,-21437.56,-12022.73,-13275.86,-13062.63,-10757.27,-4745.90,-6648.12
1786312059.446000,1831.41,-21435.68,-12039.90,-13276.40,-13062.63,-10759.68,-4742.41,-6646.78
1786312059.446000,1825.51,-21435.68,-12051.70,-13275.33,-13066.65,-10756.20,-4743.76,-6648.93
1786312059.449000,1825.24,-21439.43,-12047.14,-13277.74,-13068.80,-10754.59,-4747.78,-6650.54
1786312059.449000,1828.46,-21440.78,-12032.66,-13278.28,-13066.92,-10755.93,-4749.66,-6648.12
1786312059.449000,1830.07,-21437.83,-12028.64,-13276.13,-13064.50,-10755.12,-4749.12,-6646.25
1786312059.449000,1828.19,-21436.48,-12033.73,-13275.33,-13065.85,-10755.93,-4745.36,-6645.98
1786312059.449000,1824.98,-21436.22,-12046.87,-13275.86,-13067.19,-10759.15,-4747.24,-6646.51
1786312059.504000,1822.83,-21435.95,-12047.41,-13276.94,-13069.33,-10758.34,-4752.34,-6648.39
1786312059.504000,1822.83,-21436.75,-12033.46,-13276.94,-13070.14,-10758.07,-4752.07,-6650.27
1786312059.504000,1822.02,-21436.75,-12028.90,-13276.40,-13072.28,-10762.10,-4754.48,-6650.81
1786312059.504000,1820.68,-21434.61,-12036.68,-13274.79,-13072.28,-10759.68,-4755.29,-6650.27
1786312059.504000,1818.54,-21434.07,-12051.70,-13276.13,-13074.16,-10757.80,-4751.53,-6652.42
1786312059.507000,1820.42,-21436.22,-12054.38,-13276.13,-13074.97,-10754.85,-4747.24,-6651.61
1786312059.507000,1819.88,-21439.43,-12033.73,-13277.20,-13076.31,-10758.88,-4752.34,-6653.22
1786312059.507000,1820.68,-21439.97,-12027.56,-13276.67,-13075.23,-10760.75,-4754.48,-6651.61
1786312059.507000,1824.44,-21438.09,-12047.68,-13274.52,-13071.48,-10762.10,-4751.00,-6648.12
1786312059.507000,1823.63,-21437.29,-12053.04,-13273.72,-13071.48,-10766.92,-4750.73,-6647.59
1786312059.510000,1822.02,-21439.43,-12040.71,-13276.40,-13073.09,-10767.46,-4753.95,-6649.20
1786312059.510000,1824.17,-21442.38,-12034.00,-13276.94,-13072.82,-10764.78,-4752.34,-6649.46
1786312059.510000,1826.85,-21441.31,-12036.15,-13274.25,-13071.21,-10765.05,-4751.27,-6649.46
1786312059.510000,1825.51,-21438.63,-12037.49,-13275.33,-13070.67,-10763.44,-4749.92,-6647.32
1786312059.510000,1820.95,-21441.31,-12041.78,-13276.67,-13073.36,-10761.29,-4753.14,-6650.27
1786312059.534000,1823.63,-21437.83,-12038.02,-13276.67,-13073.09,-10761.56,-4756.90,-6647.32
1786312059.534000,1827.66,-21436.48,-12027.03,-13275.59,-13070.94,-10758.88,-4752.61,-6643.03
1786312059.534000,1826.32,-21436.48,-12026.22,-13273.45,-13073.36,-10759.68,-4752.34,-6644.64
1786312059.534000,1823.37,-21437.29,-12034.27,-13272.38,-13076.04,-10762.63,-4751.27,-6646.51
1786312059.534000,1821.22,-21435.68,-12040.97,-13272.64,-13076.04,-10765.31,-4751.80,-6649.20
1786312059.565000,1823.10,-21434.07,-12039.36,-13273.98,-13074.43,-10765.31,-4750.46,-6649.20
1786312059.565000,1823.63,-21440.51,-12030.24,-13273.98,-13074.16,-10763.97,-4751.80,-6645.71
1786312059.565000,1822.29,-21443.99,-12026.76,-13274.25,-13074.70,-10764.24,-4751.27,-6645.71
1786312059.565000,1818.27,-21439.17,-12043.12,-13274.52,-13078.18,-10766.92,-4754.48,-6649.73
1786312059.565000,1815.32,-21437.29,-12057.60,-13275.59,-13082.21,-10772.02,-4759.04,-6651.07
1786312059.568000,1813.71,-21443.73,-12045.00,-13278.01,-13085.16,-10772.29,-4760.38,-6650.81
1786312059.568000,1815.86,-21445.07,-12030.24,-13279.62,-13084.89,-10770.68,-4760.92,-6649.73
1786312059.568000,1817.20,-21441.31,-12028.10,-13276.67,-13084.08,-10768.80,-4760.92,-6648.93
1786312059.568000,1816.66,-21436.75,-12037.75,-13275.33,-13082.21,-10766.66,-4758.78,-6647.32
1786312059.568000,1817.20,-21437.02,-12040.71,-13275.86,-13079.52,-10766.12,-4754.22,-6648.12
1786312059.573000,1816.39,-21439.43,-12034.27,-13275.33,-13082.74,-10766.12,-4755.56,-6648.93
1786312059.573000,1817.46,-21442.12,-12035.61,-13277.20,-13083.01,-10766.66,-4756.09,-6647.59
1786312059.573000,1816.66,-21443.73,-12035.34,-13278.01,-13085.43,-10768.53,-4761.19,-6647.59
1786312059.573000,1816.12,-21441.58,-12042.05,-13276.67,-13084.62,-10766.92,-4760.12,-6646.25
1786312059.573000,1816.12,-21436.22,-12044.19,-13276.40,-13086.23,-10768.80,-4756.90,-6647.59
1786312059.597000,1816.93,-21437.02,-12039.90,-13276.13,-13085.43,-10766.92,-4758.78,-6645.44
1786312059.597000,1819.34,-21438.09,-12032.66,-13276.13,-13083.55,-10761.29,-4754.75,-6645.71
1786312059.597000,1820.42,-21435.14,-12028.37,-13275.86,-13081.67,-10761.83,-4751.53,-6645.71
1786312059.597000,1820.68,-21437.83,-12034.27,-13270.50,-13081.13,-10764.78,-4752.34,-6644.10
1786312059.597000,1821.49,-21437.83,-12051.70,-13269.43,-13080.87,-10769.61,-4753.68,-6642.22
1786312059.652000,1825.51,-21434.34,-12043.12,-13271.84,-13078.99,-10768.80,-4755.02,-6640.35
1786312059.652000,1824.71,-21433.80,-12027.29,-13269.96,-13080.87,-10766.92,-4760.38,-6637.93
1786312059.652000,1823.37,-21433.53,-12023.27,-13267.82,-13081.67,-10766.66,-4756.36,-6637.93
1786312059.652000,1821.49,-21431.92,-12034.00,-13265.40,-13082.21,-10769.34,-4752.61,-6640.08
1786312059.652000,1820.95,-21433.53,-12045.00,-13264.06,-13083.82,-10772.82,-4754.48,-6637.66
1786312059.654000,1820.68,-21434.07,-12038.83,-13265.13,-13084.35,-10770.68,-4756.36,-6637.93
1786312059.654000,1824.71,-21435.14,-12026.49,-13268.08,-13083.28,-10768.00,-4758.24,-6636.05
1786312059.654000,1825.24,-21435.14,-12022.73,-13266.74,-13083.01,-10768.27,-4754.48,-6636.05
1786312059.654000,1822.02,-21435.14,-12040.17,-13264.60,-13083.82,-10771.48,-4753.68,-6636.86
1786312059.654000,1824.71,-21434.07,-12046.07,-13264.60,-13081.40,-10770.68,-4753.68,-6635.52
1786312059.657000,1826.32,-21436.48,-12051.70,-13264.06,-13079.26,-10768.00,-4755.83,-6634.71
1786312059.657000,1825.51,-21433.53,-12034.80,-13267.82,-13082.74,-10770.14,-4758.24,-6636.05
1786312059.657000,1825.24,-21429.78,-12021.93,-13267.01,-13084.89,-10772.02,-4759.31,-6635.25
1786312059.657000,1824.71,-21430.85,-12034.27,-13265.13,-13081.94,-10768.80,-4755.29,-6634.98
1786312059.657000,1824.98,-21430.58,-12041.24,-13265.40,-13080.06,-10768.00,-4750.46,-6633.64
1786312059.686000,1828.73,-21426.56,-12026.76,-13265.40,-13077.92,-10761.02,-4744.56,-6632.30
1786312059.686000,1833.02,-21427.10,-12016.03,-13264.06,-13074.70,-10754.59,-4741.88,-6629.35
1786312059.686000,1833.56,-21426.56,-12013.88,-13262.99,-13073.62,-10755.39,-4743.49,-6627.74
1786312059.686000,1830.34,-21425.22,-12021.93,-13260.57,-13074.70,-10758.88,-4740.00,-6628.28
1786312059.686000,1826.85,-21429.24,-12032.66,-13260.57,-13077.92,-10762.63,-4742.41,-6630.69
1786312059.701000,1829.00,-21431.12,-12033.20,-13263.52,-13076.31,-10760.22,-4744.56,-6626.93
1786312059.701000,1827.66,-21431.66,-12025.95,-13264.60,-13077.65,-10759.41,-4744.56,-6625.86
1786312059.701000,1827.39,-21435.14,-12024.88,-13265.40,-13081.40,-10759.68,-4745.36,-6628.28
1786312059.701000,1830.34,-21432.46,-12036.15,-13264.87,-13078.99,-10762.10,-4745.10,-6622.37
1786312059.701000,1829.27,-21428.71,-12046.34,-13264.87,-13076.31,-10767.73,-4747.24,-6620.23
1786312059.717000,1824.71,-21433.00,-12038.83,-13268.62,-13080.06,-10772.02,-4753.41,-6625.59
1786312059.717000,1826.32,-21433.27,-12024.08,-13268.62,-13079.79,-10767.46,-4750.46,-6626.67
1786312059.717000,1829.80,-21431.39,-12027.03,-13266.74,-13076.84,-10764.78,-4742.95,-6627.47
1786312059.717000,1827.12,-21428.71,-12033.46,-13265.13,-13079.79,-10766.92,-4747.24,-6628.28
1786312059.717000,1826.05,-21428.71,-12045.00,-13265.40,-13081.94,-10767.46,-4750.46,-6628.28
1786312059.774000,1823.37,-21427.90,-12041.24,-13264.06,-13085.96,-10766.92,-4751.27,-6634.18
1786312059.774000,1822.29,-21427.36,-12028.10,-13263.79,-13089.72,-10768.27,-4753.41,-6636.32
1786312059.774000,1822.29,-21422.80,-12017.37,-13262.18,-13089.99,-10768.00,-4753.14,-6636.59
1786312059.774000,1823.10,-21424.15,-12021.93,-13261.65,-13087.84,-10767.46,-4751.00,-6634.71
1786312059.774000,1823.37,-21427.90,-12035.34,-13261.11,-13086.77,-10764.78,-4752.61,-6636.59
1786312059.776000,1827.66,-21426.56,-12033.46,-13262.45,-13081.67,-10763.44,-4748.85,-6634.71
1786312059.776000,1830.34,-21426.83,-12016.83,-13264.33,-13081.94,-10763.97,-4748.58,-6631.49
1786312059.776000,1827.66,-21427.90,-12016.83,-13264.06,-13086.50,-10761.29,-4750.46,-6630.69
1786312059.776000,1827.66,-21427.90,-12030.24,-13263.26,-13085.69,-10764.24,-4750.73,-6631.23
1786312059.776000,1830.61,-21429.24,-12040.17,-13265.94,-13081.67,-10762.63,-4744.02,-6629.62
1786312059.780000,1829.00,-21430.58,-12038.83,-13265.40,-13082.21,-10758.88,-4741.34,-6627.74
1786312059.780000,1829.80,-21428.44,-12026.49,-13265.67,-13082.74,-10760.22,-4745.36,-6628.54
1786312059.780000,1828.19,-21427.90,-12027.56,-13263.26,-13084.89,-10762.10,-4745.90,-6630.69
1786312059.780000,1824.98,-21428.71,-12030.78,-13262.45,-13088.91,-10765.31,-4746.44,-6633.37
1786312059.780000,1820.95,-21430.31,-12032.66,-13263.26,-13091.59,-10767.46,-4751.00,-6632.84
1786312059.806000,1825.78,-21430.05,-12028.90,-13265.94,-13088.38,-10766.39,-4750.46,-6630.42
1786312059.806000,1824.98,-21434.61,-12031.05,-13267.01,-13091.59,-10770.68,-4755.29,-6631.76
1786312059.806000,1820.68,-21435.41,-12040.97,-13264.60,-13097.76,-10776.31,-4758.78,-6633.37
1786312059.806000,1820.68,-21436.75,-12045.53,-13263.79,-13095.62,-10777.12,-4755.83,-6633.37
1786312059.806000,1816.93,-21435.41,-12046.34,-13264.87,-13096.96,-10780.34,-4759.31,-6635.52
1786312059.809000,1819.61,-21432.46,-12038.83,-13265.94,-13097.50,-10779.53,-4763.60,-6635.52
1786312059.809000,1822.56,-21429.78,-12034.27,-13266.47,-13097.23,-10776.85,-4763.87,-6634.98
1786312059.809000,1818.81,-21431.92,-12031.85,-13267.28,-13098.03,-10776.04,-4758.51,-6636.05
1786312059.809000,1820.15,-21432.73,-12038.56,-13265.94,-13095.08,-10776.58,-4753.14,-6633.64
1786312059.809000,1820.68,-21426.02,-12035.34,-13264.06,-13096.96,-10777.65,-4760.12,-6634.98
1786312059.866000,1821.49,-21426.56,-12029.71,-13264.87,-13098.57,-10777.38,-4763.34,-6633.37
1786312059.866000,1822.83,-21434.07,-12028.37,-13266.21,-13096.15,-10776.85,-4761.19,-6630.69
1786312059.866000,1822.83,-21433.53,-12035.34,-13264.33,-13093.74,-10773.36,-4757.97,-6630.15
1786312059.866000,1820.15,-21429.24,-12044.19,-13263.79,-13093.47,-10774.70,-4753.14,-6630.69
1786312059.866000,1816.12,-21430.58,-12046.07,-13264.60,-13096.15,-10773.36,-4751.53,-6634.18
1786312059.869000,1820.42,-21429.51,-12036.95,-13265.94,-13092.67,-10766.12,-4748.05,-6630.69
1786312059.869000,1824.71,-21433.27,-12028.90,-13266.47,-13090.52,-10766.92,-4752.87,-6626.93
1786312059.869000,1824.44,-21433.80,-12022.20,-13266.21,-13091.86,-10768.80,-4755.56,-6624.52
1786312059.869000,1818.00,-21427.10,-12027.29,-13263.79,-13097.50,-10771.75,-4755.29,-6628.28
1786312059.869000,1814.51,-21425.76,-12036.95,-13264.60,-13099.91,-10774.97,-4755.29,-6631.23
1786312059.873000,1816.66,-21430.05,-12040.44,-13265.67,-13098.30,-10775.51,-4753.95,-6632.03
1786312059.873000,1820.68,-21433.53,-12030.24,-13266.74,-13096.15,-10772.56,-4751.80,-6630.96
1786312059.873000,1821.49,-21431.39,-12028.90,-13266.74,-13096.15,-10774.43,-4752.34,-6630.96
1786312059.873000,1818.81,-21431.92,-12039.10,-13264.60,-13098.84,-10775.51,-4753.95,-6630.69
1786312059.873000,1816.39,-21430.58,-12039.36,-13264.87,-13099.64,-10774.43,-4756.63,-6632.84
1786312059.924000,1818.27,-21432.19,-12037.49,-13267.55,-13097.50,-10772.02,-4759.31,-6632.03
1786312059.924000,1822.83,-21431.66,-12030.24,-13267.82,-13095.08,-10769.61,-4757.43,-6628.28
1786312059.924000,1823.10,-21433.27,-12034.00,-13268.35,-13096.69,-10772.82,-4755.29,-6627.74
1786312059.924000,1823.63,-21437.56,-12041.24,-13267.01,-13095.62,-10775.51,-4750.46,-6626.93
1786312059.924000,1821.49,-21433.80,-12049.02,-13266.47,-13094.81,-10776.31,-4753.95,-6626.67
1786312059.927000,1817.46,-21432.73,-12042.58,-13267.28,-13096.69,-10774.97,-4758.24,-6628.28
1786312059.927000,1816.66,-21428.44,-12026.22,-13267.82,-13098.30,-10772.29,-4759.31,-6630.15
1786312059.927000,1814.25,-21427.90,-12028.64,-13265.94,-13099.64,-10775.78,-4754.75,-6629.35
1786312059.927000,1813.44,-21428.44,-12029.98,-13265.94,-13098.84,-10778.73,-4753.14,-6628.81
1786312059.927000,1814.78,-21428.44,-12039.63,-13265.94,-13095.35,-10771.48,-4749.39,-6628.28
1786312059.930000,1816.66,-21427.36,-12042.85,-13267.82,-13094.28,-10768.80,-4749.12,-6627.47
1786312059.930000,1815.32,-21430.58,-12030.51,-13269.69,-13096.69,-10771.75,-4751.00,-6626.93
1786312059.930000,1816.66,-21436.48,-12032.12,-13268.62,-13096.96,-10773.90,-4749.66,-6624.52
1786312059.930000,1815.32,-21432.46,-12047.68,-13265.40,-13100.18,-10775.51,-4751.80,-6623.98
1786312059.930000,1812.10,-21428.71,-12052.78,-13265.40,-13103.66,-10780.07,-4760.12,-6625.59
1786312059.957000,1812.64,-21431.12,-12038.83,-13266.74,-13104.74,-10785.97,-4763.87,-6627.47
1786312059.957000,1813.98,-21430.05,-12029.17,-13266.21,-13105.81,-10785.97,-4764.41,-6629.35
1786312059.957000,1815.05,-21430.58,-12030.24,-13265.94,-13104.47,-10780.07,-4759.31,-6629.08
1786312059.957000,1808.88,-21432.73,-12041.51,-13264.60,-13106.88,-10783.02,-4761.46,-6634.44
1786312059.957000,1812.37,-21431.66,-12048.75,-13264.60,-13103.93,-10780.34,-4764.68,-6631.49
1786312059.986000,1815.32,-21429.24,-12045.00,-13265.67,-13100.18,-10776.31,-4761.99,-6627.47
1786312059.986000,1816.66,-21429.78,-12039.63,-13267.28,-13099.37,-10777.38,-4756.63,-6628.81
1786312059.986000,1816.39,-21432.46,-12045.53,-13264.06,-13097.76,-10780.07,-4756.36,-6629.08
1786312059.986000,1814.25,-21430.58,-12047.41,-13262.45,-13098.03,-10780.07,-4756.36,-6629.08
1786312059.986000,1812.64,-21428.97,-12047.68,-13264.06,-13102.86,-10781.68,-4758.78,-6631.23
1786312059.990000,1813.71,-21426.29,-12031.32,-13264.60,-13103.13,-10778.19,-4758.51,-6630.42
1786312059.990000,1816.12,-21423.88,-12020.59,-13262.72,-13099.37,-10777.92,-4760.92,-6630.69
1786312059.990000,1817.20,-21424.95,-12028.10,-13260.84,-13097.50,-10775.51,-4755.29,-6628.81
1786312059.990000,1814.78,-21428.71,-12047.68,-13259.23,-13098.30,-10775.78,-4754.75,-6626.67
1786312059.990000,1813.17,-21431.92,-12052.78,-13261.38,-13102.59,-10783.02,-4760.38,-6628.54
1786312060.016000,1812.64,-21430.58,-12046.34,-13263.79,-13105.01,-10785.43,-4763.34,-6630.69
1786312060.016000,1814.78,-21426.56,-12034.27,-13264.06,-13102.59,-10781.68,-4761.73,-6628.01
1786312060.016000,1815.05,-21429.78,-12033.73,-13262.99,-13103.13,-10778.99,-4758.78,-6627.47
1786312060.016000,1815.32,-21429.78,-12038.83,-13258.96,-13102.86,-10778.99,-4755.83,-6626.93
1786312060.016000,1816.39,-21427.36,-12039.10,-13258.96,-13102.59,-10779.53,-4758.51,-6626.93
1786312060.046000,1819.34,-21423.88,-12029.44,-13257.89,-13101.52,-10777.65,-4760.65,-6626.67
1786312060.046000,1819.61,-21425.22,-12023.27,-13258.70,-13100.98,-10778.99,-4759.31,-6625.59
1786312060.046000,1815.59,-21428.44,-12024.61,-13258.16,-13104.20,-10782.21,-4757.43,-6627.74
1786312060.046000,1805.13,-21427.90,-12036.15,-13258.96,-13113.05,-10786.77,-4766.55,-6635.79
1786312060.046000,1803.25,-21431.66,-12052.24,-13258.43,-13116.00,-10786.77,-4772.99,-6634.98
1786312060.049000,1805.93,-21433.53,-12051.43,-13261.11,-13116.27,-10792.41,-4773.26,-6633.37
1786312060.049000,1808.88,-21435.14,-12037.49,-13263.79,-13114.39,-10793.75,-4770.85,-6630.96
1786312060.049000,1811.56,-21435.41,-12034.27,-13263.26,-13108.76,-10788.92,-4762.80,-6629.08
1786312060.049000,1810.22,-21432.46,-12038.56,-13260.84,-13107.96,-10786.77,-4761.19,-6629.08
1786312060.049000,1810.22,-21428.71,-12041.24,-13262.72,-13108.22,-10788.92,-4762.53,-6629.62
1786312060.077000,1813.44,-21431.39,-12033.46,-13265.94,-13106.08,-10788.65,-4763.34,-6626.93
1786312060.077000,1816.12,-21433.80,-12025.68,-13265.40,-13104.74,-10783.55,-4759.04,-6625.59
1786312060.077000,1815.59,-21431.66,-12032.12,-13261.65,-13105.54,-10784.36,-4758.24,-6627.20
1786312060.077000,1814.51,-21426.56,-12040.97,-13258.70,-13105.27,-10785.70,-4759.31,-6625.32
1786312060.077000,1812.10,-21426.02,-12043.39,-13261.11,-13106.88,-10787.85,-4761.46,-6625.59
1786312060.092000,1811.56,-21430.05,-12043.66,-13260.57,-13109.83,-10791.87,-4765.21,-6628.01
1786312060.092000,1810.49,-21431.92,-12031.59,-13261.38,-13111.44,-10791.06,-4770.04,-6628.28
1786312060.092000,1811.56,-21432.46,-12032.66,-13262.72,-13113.32,-10790.26,-4770.04,-6626.67
1786312060.092000,1811.03,-21433.27,-12045.00,-13261.92,-13113.32,-10790.53,-4762.80,-6625.06
1786312060.092000,1810.76,-21433.27,-12054.38,-13261.92,-13111.44,-10791.60,-4764.41,-6625.32
1786312060.107000,1811.30,-21432.73,-12037.75,-13261.92,-13110.91,-10792.67,-4766.29,-6625.06
1786312060.107000,1812.91,-21432.73,-12029.44,-13262.99,-13110.91,-10786.77,-4762.80,-6624.52
1786312060.107000,1809.69,-21430.85,-12030.78,-13260.57,-13111.98,-10789.45,-4762.80,-6624.52
1786312060.107000,1810.22,-21431.12,-12049.82,-13257.89,-13111.17,-10791.06,-4761.46,-6624.79
1786312060.107000,1808.88,-21434.07,-12058.94,-13258.70,-13110.91,-10790.80,-4761.46,-6628.01
1786312060.162000,1808.88,-21432.46,-12050.36,-13260.04,-13111.98,-10791.33,-4763.87,-6625.06
1786312060.162000,1808.88,-21428.71,-12027.03,-13261.38,-13114.93,-10792.67,-4766.55,-6625.59
1786312060.162000,1808.61,-21426.02,-12019.78,-13261.65,-13115.20,-10789.72,-4769.77,-6625.86
1786312060.162000,1810.49,-21424.68,-12034.27,-13259.23,-13111.71,-10785.97,-4766.29,-6623.98
1786312060.162000,1811.30,-21427.10,-12046.61,-13258.70,-13109.83,-10789.19,-4764.14,-6623.72
1786312060.163000,1811.03,-21428.44,-12034.00,-13264.33,-13111.17,-10788.92,-4765.48,-6626.93
1786312060.163000,1813.17,-21428.44,-12023.27,-13263.79,-13113.05,-10788.38,-4765.48,-6627.20
1786312060.163000,1812.64,-21432.46,-12029.98,-13259.23,-13112.52,-10788.92,-4766.02,-6625.32
1786312060.163000,1812.91,-21429.78,-12045.00,-13257.36,-13107.69,-10786.24,-4760.12,-6621.57
1786312060.163000,1813.17,-21425.22,-12047.68,-13257.09,-13105.54,-10786.24,-4756.36,-6621.30
1786312060.166000,1813.71,-21424.41,-12041.51,-13258.70,-13107.69,-10786.50,-4758.78,-6621.03
1786312060.166000,1810.76,-21426.29,-12030.78,-13260.57,-13114.13,-10789.45,-4763.07,-6623.72
1786312060.166000,1809.69,-21428.97,-12023.81,-13259.77,-13113.59,-10790.26,-4764.68,-6621.84
1786312060.166000,1808.88,-21428.71,-12035.34,-13258.70,-13110.37,-10786.77,-4763.07,-6620.50
1786312060.166000,1808.35,-21427.90,-12047.68,-13259.23,-13110.37,-10787.85,-4765.21,-6622.91
1786312060.209000,1808.88,-21428.44,-12042.85,-13263.26,-13111.17,-10791.06,-4769.24,-6622.37
1786312060.209000,1811.83,-21428.44,-12029.98,-13262.45,-13110.37,-10791.06,-4765.48,-6619.42
1786312060.209000,1812.37,-21426.02,-12038.83,-13258.43,-13109.57,-10787.04,-4760.38,-6616.74
1786312060.209000,1810.22,-21430.58,-12054.12,-13260.57,-13111.98,-10790.26,-4761.46,-6616.21
1786312060.209000,1811.03,-21430.58,-12050.36,-13263.79,-13111.71,-10790.80,-4762.80,-6615.94
1786312060.212000,1812.10,-21428.17,-12043.39,-13262.72,-13112.25,-10789.72,-4763.87,-6617.55
1786312060.212000,1816.93,-21428.44,-12047.41,-13262.72,-13109.03,-10787.04,-4761.46,-6614.06
1786312060.212000,1817.20,-21426.02,-12046.07,-13261.92,-13108.22,-10786.24,-4759.31,-6614.06
1786312060.212000,1815.32,-21423.34,-12047.41,-13260.57,-13107.15,-10787.58,-4757.97,-6615.94
1786312060.212000,1816.12,-21424.95,-12050.36,-13260.04,-13106.88,-10790.26,-4761.99,-6617.55
1786312060.241000,1815.59,-21429.78,-12048.75,-13260.57,-13111.17,-10793.21,-4766.02,-6618.89
1786312060.241000,1815.86,-21432.73,-12040.97,-13260.57,-13110.91,-10791.06,-4761.99,-6618.62
1786312060.241000,1819.34,-21426.56,-12039.90,-13257.36,-13105.54,-10785.70,-4755.29,-6615.94
1786312060.241000,1815.86,-21423.07,-12054.65,-13256.01,-13107.69,-10790.26,-4759.58,-6619.96
1786312060.241000,1813.17,-21423.34,-12063.77,-13258.43,-13110.91,-10792.41,-4764.14,-6624.25
1786312060.273000,1812.64,-21423.34,-12047.41,-13259.50,-13114.93,-10790.26,-4767.90,-6624.79
1786312060.273000,1813.98,-21420.93,-12032.39,-13257.89,-13115.20,-10790.26,-4766.82,-6622.64
1786312060.273000,1813.17,-21421.20,-12035.34,-13256.01,-13112.52,-10788.92,-4761.19,-6622.91
1786312060.273000,1815.32,-21421.20,-12043.12,-13256.55,-13109.03,-10784.09,-4754.48,-6621.84
1786312060.273000,1815.05,-21421.73,-12055.46,-13257.09,-13109.03,-10786.77,-4757.43,-6620.23
1786312060.274000,1815.59,-21423.07,-12054.38,-13257.36,-13109.83,-10786.77,-4759.31,-6620.77
1786312060.274000,1815.86,-21424.41,-12043.92,-13256.01,-13109.83,-10785.43,-4760.12,-6619.96
1786312060.274000,1816.39,-21423.07,-12038.83,-13254.67,-13108.22,-10788.38,-4757.17,-6618.89
1786312060.274000,1814.25,-21424.95,-12054.12,-13254.67,-13109.57,-10790.53,-4758.78,-6621.03
1786312060.274000,1814.78,-21426.02,-12058.94,-13257.36,-13110.10,-10789.99,-4762.80,-6620.50
1786312060.340000,1816.12,-21426.02,-12047.41,-13257.62,-13109.83,-10786.24,-4761.73,-6618.62
1786312060.340000,1816.93,-21424.68,-12040.44,-13257.09,-13111.98,-10783.55,-4757.97,-6618.62
1786312060.340000,1816.66,-21422.00,-12039.90,-13257.09,-13112.25,-10789.99,-4759.31,-6618.62
1786312060.340000,1814.78,-21422.54,-12041.78,-13254.94,-13112.25,-10793.48,-4761.19,-6620.77
1786312060.340000,1814.25,-21421.73,-12047.14,-13253.87,-13112.25,-10791.06,-4758.51,-6620.77
1786312060.340000,1815.05,-21424.68,-12046.34,-13255.21,-13112.78,-10792.14,-4761.19,-6619.69
1786312060.340000,1816.66,-21426.56,-12033.46,-13254.14,-13113.05,-10791.87,-4761.19,-6621.30
1786312060.340000,1815.32,-21427.36,-12039.63,-13252.80,-13115.73,-10795.62,-4764.68,-6622.91
1786312060.340000,1817.46,-21427.36,-12059.75,-13253.87,-13113.59,-10796.43,-4761.99,-6619.96
1786312060.340000,1818.00,-21426.56,-12053.58,-13253.06,-13112.52,-10793.75,-4764.68,-6620.23
1786312060.340000,1813.71,-21426.83,-12042.58,-13255.75,-13116.54,-10796.16,-4767.90,-6625.59
1786312060.340000,1816.39,-21428.71,-12043.66,-13256.82,-13116.54,-10795.36,-4763.60,-6620.23
1786312060.340000,1818.27,-21428.71,-12048.75,-13254.67,-13114.66,-10794.82,-4762.26,-6616.74
1786312060.340000,1816.12,-21428.71,-12055.73,-13253.60,-13115.47,-10799.11,-4764.68,-6617.55
1786312060.340000,1812.91,-21429.51,-12054.12,-13255.21,-13117.61,-10800.18,-4766.82,-6619.42
1786312060.361000,1812.10,-21429.51,-12049.56,-13256.01,-13119.49,-10795.09,-4763.07,-6619.42
1786312060.361000,1813.98,-21425.49,-12038.02,-13255.75,-13118.69,-10793.21,-4761.46,-6616.74
1786312060.361000,1812.64,-21424.15,-12040.17,-13253.06,-13119.22,-10798.31,-4764.94,-6617.55
1786312060.361000,1812.64,-21422.54,-12048.22,-13253.06,-13117.61,-10801.52,-4766.55,-6618.08
1786312060.361000,1808.88,-21421.73,-12050.36,-13255.48,-13119.22,-10800.45,-4767.36,-6618.35
1786312060.377000,1811.30,-21421.46,-12040.97,-13258.16,-13116.00,-10793.75,-4761.19,-6614.86
1786312060.377000,1814.51,-21427.10,-12035.07,-13260.31,-13112.78,-10793.21,-4757.43,-6612.72
1786312060.377000,1814.25,-21428.97,-12043.92,-13255.75,-13113.05,-10796.43,-4759.04,-6611.65
1786312060.377000,1812.10,-21423.61,-12050.90,-13254.67,-13114.93,-10796.43,-4761.19,-6611.91
1786312060.377000,1810.22,-21424.95,-12055.73,-13257.36,-13116.27,-10797.23,-4762.53,-6612.72
